<?xml version='1.0' encoding='UTF-8'?>
<diplomacy noNamespaceSchemaLocation='../../schemas/diplomacy.xsd'>
  <player id='FreeNations'>
    <negotiate type='DIPLOMATIC_RELATIONS'>
      <approach type='AGGRESSIVE'>diplomacy.FreeNations.DIPLOMATIC_RELATIONS.AGGRESSIVE.1</approach>
      <approach type='AGGRESSIVE'>diplomacy.FreeNations.DIPLOMATIC_RELATIONS.AGGRESSIVE.2</approach>
      <approach type='AGGRESSIVE'>diplomacy.FreeNations.DIPLOMATIC_RELATIONS.AGGRESSIVE.3</approach>
      <approach type='NEUTRAL'>diplomacy.FreeNations.DIPLOMATIC_RELATIONS.NEUTRAL.4</approach>
      <approach type='NEUTRAL'>diplomacy.FreeNations.DIPLOMATIC_RELATIONS.NEUTRAL.5</approach>
      <approach type='NEUTRAL'>diplomacy.FreeNations.DIPLOMATIC_RELATIONS.NEUTRAL.6</approach>
      <approach type='HUMBLE'>diplomacy.FreeNations.DIPLOMATIC_RELATIONS.HUMBLE.7</approach>
      <approach type='HUMBLE'>diplomacy.FreeNations.DIPLOMATIC_RELATIONS.HUMBLE.8</approach>
      <approach type='HUMBLE'>diplomacy.FreeNations.DIPLOMATIC_RELATIONS.HUMBLE.9</approach>
      <response type='AGGRESSIVE' mode='YES' change='150'>diplomacy.FreeNations.DIPLOMATIC_RELATIONS.AGGRESSIVE.YES.10</response>
      <response type='AGGRESSIVE' mode='YES' change='120'>diplomacy.FreeNations.DIPLOMATIC_RELATIONS.AGGRESSIVE.YES.11</response>
      <response type='AGGRESSIVE' mode='YES' change='100'>diplomacy.FreeNations.DIPLOMATIC_RELATIONS.AGGRESSIVE.YES.12</response>
      <response type='AGGRESSIVE' mode='MAYBE' change='-80'>diplomacy.FreeNations.DIPLOMATIC_RELATIONS.AGGRESSIVE.MAYBE.13</response>
      <response type='AGGRESSIVE' mode='MAYBE' change='-70'>diplomacy.FreeNations.DIPLOMATIC_RELATIONS.AGGRESSIVE.MAYBE.14</response>
      <response type='AGGRESSIVE' mode='MAYBE' change='-50'>diplomacy.FreeNations.DIPLOMATIC_RELATIONS.AGGRESSIVE.MAYBE.15</response>
      <response type='AGGRESSIVE' mode='NO' notalk='true' change='-150'>diplomacy.FreeNations.DIPLOMATIC_RELATIONS.AGGRESSIVE.NO.16</response>
      <response type='AGGRESSIVE' mode='NO' notalk='true' change='-250'>diplomacy.FreeNations.DIPLOMATIC_RELATIONS.AGGRESSIVE.NO.17</response>
      <response type='AGGRESSIVE' mode='NO' notalk='true' change='-270'>diplomacy.FreeNations.DIPLOMATIC_RELATIONS.AGGRESSIVE.NO.18</response>
      <response type='NEUTRAL' mode='YES' change='160'>diplomacy.FreeNations.DIPLOMATIC_RELATIONS.NEUTRAL.YES.19</response>
      <response type='NEUTRAL' mode='YES' change='150'>diplomacy.FreeNations.DIPLOMATIC_RELATIONS.NEUTRAL.YES.20</response>
      <response type='NEUTRAL' mode='YES' change='140'>diplomacy.FreeNations.DIPLOMATIC_RELATIONS.NEUTRAL.YES.21</response>
      <response type='NEUTRAL' mode='MAYBE' change='0'>diplomacy.FreeNations.DIPLOMATIC_RELATIONS.NEUTRAL.MAYBE.22</response>
      <response type='NEUTRAL' mode='MAYBE' change='0'>diplomacy.FreeNations.DIPLOMATIC_RELATIONS.NEUTRAL.MAYBE.23</response>
      <response type='NEUTRAL' mode='MAYBE' change='0'>diplomacy.FreeNations.DIPLOMATIC_RELATIONS.NEUTRAL.MAYBE.24</response>
      <response type='NEUTRAL' mode='NO' change='-100'>diplomacy.FreeNations.DIPLOMATIC_RELATIONS.NEUTRAL.NO.25</response>
      <response type='NEUTRAL' mode='NO' change='-120'>diplomacy.FreeNations.DIPLOMATIC_RELATIONS.NEUTRAL.NO.26</response>
      <response type='NEUTRAL' mode='NO' change='-150'>diplomacy.FreeNations.DIPLOMATIC_RELATIONS.NEUTRAL.NO.27</response>
      <response type='HUMBLE' mode='YES' change='80'>diplomacy.FreeNations.DIPLOMATIC_RELATIONS.AGGRESSIVE.YES.28</response>
      <response type='HUMBLE' mode='YES' change='60'>diplomacy.FreeNations.DIPLOMATIC_RELATIONS.AGGRESSIVE.YES.29</response>
      <response type='HUMBLE' mode='YES' change='50'>diplomacy.FreeNations.DIPLOMATIC_RELATIONS.AGGRESSIVE.YES.30</response>
      <response type='HUMBLE' mode='MAYBE' notalk='true' change='-50'>diplomacy.FreeNations.DIPLOMATIC_RELATIONS.AGGRESSIVE.MAYBE.31</response>
      <response type='HUMBLE' mode='MAYBE' notalk='true' change='-50'>diplomacy.FreeNations.DIPLOMATIC_RELATIONS.AGGRESSIVE.MAYBE.32</response>
      <response type='HUMBLE' mode='MAYBE' notalk='true' change='-50'>diplomacy.FreeNations.DIPLOMATIC_RELATIONS.AGGRESSIVE.MAYBE.33</response>
      <response type='HUMBLE' mode='NO' notalk='true' change='-200'>diplomacy.FreeNations.DIPLOMATIC_RELATIONS.AGGRESSIVE.NO.34</response>
      <response type='HUMBLE' mode='NO' notalk='true' change='-200'>diplomacy.FreeNations.DIPLOMATIC_RELATIONS.AGGRESSIVE.NO.35</response>
      <response type='HUMBLE' mode='NO' notalk='true' change='-200'>diplomacy.FreeNations.DIPLOMATIC_RELATIONS.AGGRESSIVE.NO.36</response>
    </negotiate>
    <negotiate type='MONEY'>
      <approach type='NEUTRAL'>diplomacy.FreeNations.MONEY.37</approach>
      <response type='NEUTRAL' mode='YES' change='120'>diplomacy.FreeNations.MONEY.YES.38</response>
      <response type='NEUTRAL' mode='YES' change='80'>diplomacy.FreeNations.MONEY.YES.39</response>
      <response type='NEUTRAL' mode='YES' change='60'>diplomacy.FreeNations.MONEY.YES.40</response>
      <response type='NEUTRAL' mode='NO' notalk='true' change='-50'>diplomacy.FreeNations.MONEY.NO.41</response>
      <response type='NEUTRAL' mode='NO' notalk='true' change='-100'>diplomacy.FreeNations.MONEY.NO.42</response>
      <response type='NEUTRAL' mode='NO' notalk='true' change='-150'>diplomacy.FreeNations.MONEY.NO.43</response>
    </negotiate>
    <negotiate type='TRADE'>
      <approach type='NEUTRAL'>diplomacy.FreeNations.TRADE.44</approach>
      <response type='NEUTRAL' mode='YES' change='150'>diplomacy.FreeNations.TRADE.YES.45</response>
      <response type='NEUTRAL' mode='YES' change='130'>diplomacy.FreeNations.TRADE.YES.46</response>
      <response type='NEUTRAL' mode='YES' change='110'>diplomacy.FreeNations.TRADE.YES.47</response>
      <response type='NEUTRAL' mode='NO' change='0'>diplomacy.FreeNations.TRADE.NO.48</response>
      <response type='NEUTRAL' mode='NO' change='-20'>diplomacy.FreeNations.TRADE.NO.49</response>
      <response type='NEUTRAL' mode='NO' change='-20'>diplomacy.FreeNations.TRADE.NO.50</response>
    </negotiate>
    <negotiate type='ALLY'>
      <approach type='NEUTRAL'>diplomacy.FreeNations.ALLY.51</approach>
      <response type='NEUTRAL' mode='YES' change='150'>diplomacy.FreeNations.ALLY.YES.52</response>
      <response type='NEUTRAL' mode='YES' change='120'>diplomacy.FreeNations.ALLY.YES.53</response>
      <response type='NEUTRAL' mode='YES' change='100'>diplomacy.FreeNations.ALLY.YES.54</response>
      <response type='NEUTRAL' mode='NO' change='-40'>diplomacy.FreeNations.ALLY.NO.55</response>
      <response type='NEUTRAL' mode='NO' change='-50'>diplomacy.FreeNations.ALLY.NO.56</response>
      <response type='NEUTRAL' mode='NO' change='-90'>diplomacy.FreeNations.ALLY.NO.57</response>
    </negotiate>
    <negotiate type='DARGSLAN'>
      <approach type='NEUTRAL'>diplomacy.FreeNations.DARGSLAN.58</approach>
      <response type='NEUTRAL' mode='YES' change='200'>diplomacy.FreeNations.DARGSLAN.YES.59</response>
      <response type='NEUTRAL' mode='YES' change='180'>diplomacy.FreeNations.DARGSLAN.YES.60</response>
      <response type='NEUTRAL' mode='YES' change='160'>diplomacy.FreeNations.DARGSLAN.YES.61</response>
      <response type='NEUTRAL' mode='NO' change='0'>diplomacy.FreeNations.DARGSLAN.NO.62</response>
      <response type='NEUTRAL' mode='NO' change='0'>diplomacy.FreeNations.DARGSLAN.NO.63</response>
      <response type='NEUTRAL' mode='NO' change='0'>diplomacy.FreeNations.DARGSLAN.NO.64</response>
    </negotiate>
    <negotiate type='SURRENDER'>
      <approach type='NEUTRAL'>diplomacy.FreeNations.SURRENDER.65</approach>
      <response type='NEUTRAL' mode='YES' notalk='true' change='0'>diplomacy.FreeNations.SURRENDER.YES.66</response>
      <response type='NEUTRAL' mode='YES' notalk='true' change='0'>diplomacy.FreeNations.SURRENDER.YES.67</response>
      <response type='NEUTRAL' mode='YES' notalk='true' change='0'>diplomacy.FreeNations.SURRENDER.YES.68</response>
      <response type='NEUTRAL' mode='NO' notalk='true' change='-200'>diplomacy.FreeNations.SURRENDER.NO.69</response>
      <response type='NEUTRAL' mode='NO' notalk='true' change='-200'>diplomacy.FreeNations.SURRENDER.NO.70</response>
      <response type='NEUTRAL' mode='NO' notalk='true' change='-200'>diplomacy.FreeNations.SURRENDER.NO.71</response>
    </negotiate>
    <terminate>diplomacy.FreeNations.terminate.72</terminate>
    <call type='SURRENDER'>
      <approach type='AGGRESSIVE'>diplomacy.FreeNations.SURRENDER.73</approach>
      <approach type='NEUTRAL'>diplomacy.FreeNations.SURRENDER.74</approach>
      <approach type='HUMBLE'>diplomacy.FreeNations.SURRENDER.75</approach>
    </call>
    <call type='ALLIANCE'>
      <approach type='AGGRESSIVE'>diplomacy.FreeNations.ALLIANCE.76</approach>
      <approach type='NEUTRAL'>diplomacy.FreeNations.ALLIANCE.77</approach>
      <approach type='HUMBLE'>diplomacy.FreeNations.ALLIANCE.78</approach>
    </call>
    <call type='PEACE'>
      <approach type='AGGRESSIVE'>diplomacy.FreeNations.PEACE.79</approach>
      <approach type='NEUTRAL'>diplomacy.FreeNations.PEACE.80</approach>
      <approach type='HUMBLE'>diplomacy.FreeNations.PEACE.81</approach>
    </call>
    <call type='MONEY'>
      <approach type='AGGRESSIVE'>diplomacy.FreeNations.MONEY.82</approach>
      <approach type='NEUTRAL'>diplomacy.FreeNations.MONEY.83</approach>
      <approach type='HUMBLE'>diplomacy.FreeNations.MONEY.84</approach>
    </call>
    <call type='WAR'>
      <approach type='AGGRESSIVE'>diplomacy.FreeNations.WAR.85</approach>
      <approach type='NEUTRAL'>diplomacy.FreeNations.WAR.86</approach>
      <approach type='HUMBLE'>diplomacy.FreeNations.WAR.87</approach>
    </call>
    <call type='RESIGN'>
      <approach type='AGGRESSIVE'>diplomacy.FreeNations.RESIGN.88</approach>
      <approach type='NEUTRAL'>diplomacy.FreeNations.RESIGN.89</approach>
      <approach type='HUMBLE'>diplomacy.FreeNations.RESIGN.90</approach>
    </call>
  </player>
  <player id='Morgath'>
    <negotiate type='DIPLOMATIC_RELATIONS'>
      <approach type='AGGRESSIVE'>diplomacy.Morgath.DIPLOMATIC_RELATIONS.AGGRESSIVE.1</approach>
      <approach type='AGGRESSIVE'>diplomacy.Morgath.DIPLOMATIC_RELATIONS.AGGRESSIVE.2</approach>
      <approach type='AGGRESSIVE'>diplomacy.Morgath.DIPLOMATIC_RELATIONS.AGGRESSIVE.3</approach>
      <approach type='NEUTRAL'>diplomacy.Morgath.DIPLOMATIC_RELATIONS.NEUTRAL.4</approach>
      <approach type='NEUTRAL'>diplomacy.Morgath.DIPLOMATIC_RELATIONS.NEUTRAL.5</approach>
      <approach type='NEUTRAL'>diplomacy.Morgath.DIPLOMATIC_RELATIONS.NEUTRAL.6</approach>
      <approach type='HUMBLE'>diplomacy.Morgath.DIPLOMATIC_RELATIONS.HUMBLE.7</approach>
      <approach type='HUMBLE'>diplomacy.Morgath.DIPLOMATIC_RELATIONS.HUMBLE.8</approach>
      <approach type='HUMBLE'>diplomacy.Morgath.DIPLOMATIC_RELATIONS.HUMBLE.9</approach>
      <response type='AGGRESSIVE' mode='YES' change='180'>diplomacy.Morgath.DIPLOMATIC_RELATIONS.AGGRESSIVE.YES.10</response>
      <response type='AGGRESSIVE' mode='YES' change='150'>diplomacy.Morgath.DIPLOMATIC_RELATIONS.AGGRESSIVE.YES.11</response>
      <response type='AGGRESSIVE' mode='YES' change='120'>diplomacy.Morgath.DIPLOMATIC_RELATIONS.AGGRESSIVE.YES.12</response>
      <response type='AGGRESSIVE' mode='MAYBE' change='-20'>diplomacy.Morgath.DIPLOMATIC_RELATIONS.AGGRESSIVE.MAYBE.13</response>
      <response type='AGGRESSIVE' mode='MAYBE' change='-30'>diplomacy.Morgath.DIPLOMATIC_RELATIONS.AGGRESSIVE.MAYBE.14</response>
      <response type='AGGRESSIVE' mode='MAYBE' change='-40'>diplomacy.Morgath.DIPLOMATIC_RELATIONS.AGGRESSIVE.MAYBE.15</response>
      <response type='AGGRESSIVE' mode='NO' notalk='true' change='-100'>diplomacy.Morgath.DIPLOMATIC_RELATIONS.AGGRESSIVE.NO.16</response>
      <response type='AGGRESSIVE' mode='NO' notalk='true' change='-130'>diplomacy.Morgath.DIPLOMATIC_RELATIONS.AGGRESSIVE.NO.17</response>
      <response type='AGGRESSIVE' mode='NO' notalk='true' change='-170'>diplomacy.Morgath.DIPLOMATIC_RELATIONS.AGGRESSIVE.NO.18</response>
      <response type='NEUTRAL' mode='YES' change='150'>diplomacy.Morgath.DIPLOMATIC_RELATIONS.NEUTRAL.YES.19</response>
      <response type='NEUTRAL' mode='YES' change='120'>diplomacy.Morgath.DIPLOMATIC_RELATIONS.NEUTRAL.YES.20</response>
      <response type='NEUTRAL' mode='YES' change='80'>diplomacy.Morgath.DIPLOMATIC_RELATIONS.NEUTRAL.YES.21</response>
      <response type='NEUTRAL' mode='MAYBE' change='30'>diplomacy.Morgath.DIPLOMATIC_RELATIONS.NEUTRAL.MAYBE.22</response>
      <response type='NEUTRAL' mode='MAYBE' change='10'>diplomacy.Morgath.DIPLOMATIC_RELATIONS.NEUTRAL.MAYBE.23</response>
      <response type='NEUTRAL' mode='MAYBE' change='0'>diplomacy.Morgath.DIPLOMATIC_RELATIONS.NEUTRAL.MAYBE.24</response>
      <response type='NEUTRAL' mode='NO' change='-170'>diplomacy.Morgath.DIPLOMATIC_RELATIONS.NEUTRAL.NO.25</response>
      <response type='NEUTRAL' mode='NO' change='-200'>diplomacy.Morgath.DIPLOMATIC_RELATIONS.NEUTRAL.NO.26</response>
      <response type='NEUTRAL' mode='NO' change='-250'>diplomacy.Morgath.DIPLOMATIC_RELATIONS.NEUTRAL.NO.27</response>
      <response type='HUMBLE' mode='YES' change='70'>diplomacy.Morgath.DIPLOMATIC_RELATIONS.AGGRESSIVE.YES.28</response>
      <response type='HUMBLE' mode='YES' change='50'>diplomacy.Morgath.DIPLOMATIC_RELATIONS.AGGRESSIVE.YES.29</response>
      <response type='HUMBLE' mode='YES' change='20'>diplomacy.Morgath.DIPLOMATIC_RELATIONS.AGGRESSIVE.YES.30</response>
      <response type='HUMBLE' mode='MAYBE' notalk='true' change='-10'>diplomacy.Morgath.DIPLOMATIC_RELATIONS.AGGRESSIVE.MAYBE.31</response>
      <response type='HUMBLE' mode='MAYBE' notalk='true' change='-20'>diplomacy.Morgath.DIPLOMATIC_RELATIONS.AGGRESSIVE.MAYBE.32</response>
      <response type='HUMBLE' mode='MAYBE' notalk='true' change='-50'>diplomacy.Morgath.DIPLOMATIC_RELATIONS.AGGRESSIVE.MAYBE.33</response>
      <response type='HUMBLE' mode='NO' notalk='true' change='-100'>diplomacy.Morgath.DIPLOMATIC_RELATIONS.AGGRESSIVE.NO.34</response>
      <response type='HUMBLE' mode='NO' notalk='true' change='-130'>diplomacy.Morgath.DIPLOMATIC_RELATIONS.AGGRESSIVE.NO.35</response>
      <response type='HUMBLE' mode='NO' notalk='true' change='-200'>diplomacy.Morgath.DIPLOMATIC_RELATIONS.AGGRESSIVE.NO.36</response>
    </negotiate>
    <negotiate type='MONEY'>
      <approach type='NEUTRAL'>diplomacy.Morgath.MONEY.37</approach>
      <response type='NEUTRAL' mode='YES' change='180'>diplomacy.Morgath.MONEY.YES.38</response>
      <response type='NEUTRAL' mode='YES' change='110'>diplomacy.Morgath.MONEY.YES.39</response>
      <response type='NEUTRAL' mode='YES' change='80'>diplomacy.Morgath.MONEY.YES.40</response>
      <response type='NEUTRAL' mode='NO' notalk='true' change='-50'>diplomacy.Morgath.MONEY.NO.41</response>
      <response type='NEUTRAL' mode='NO' notalk='true' change='-100'>diplomacy.Morgath.MONEY.NO.42</response>
      <response type='NEUTRAL' mode='NO' notalk='true' change='-120'>diplomacy.Morgath.MONEY.NO.43</response>
    </negotiate>
    <negotiate type='TRADE'>
      <approach type='NEUTRAL'>diplomacy.Morgath.TRADE.44</approach>
      <response type='NEUTRAL' mode='YES' change='110'>diplomacy.Morgath.TRADE.YES.45</response>
      <response type='NEUTRAL' mode='YES' change='80'>diplomacy.Morgath.TRADE.YES.46</response>
      <response type='NEUTRAL' mode='YES' change='60'>diplomacy.Morgath.TRADE.YES.47</response>
      <response type='NEUTRAL' mode='NO' change='0'>diplomacy.Morgath.TRADE.NO.48</response>
      <response type='NEUTRAL' mode='NO' change='-10'>diplomacy.Morgath.TRADE.NO.49</response>
      <response type='NEUTRAL' mode='NO' change='-20'>diplomacy.Morgath.TRADE.NO.50</response>
    </negotiate>
    <negotiate type='ALLY'>
      <approach type='NEUTRAL'>diplomacy.Morgath.ALLY.51</approach>
      <response type='NEUTRAL' mode='YES' change='200'>diplomacy.Morgath.ALLY.YES.52</response>
      <response type='NEUTRAL' mode='YES' change='150'>diplomacy.Morgath.ALLY.YES.53</response>
      <response type='NEUTRAL' mode='YES' change='120'>diplomacy.Morgath.ALLY.YES.54</response>
      <response type='NEUTRAL' mode='NO' change='-20'>diplomacy.Morgath.ALLY.NO.55</response>
      <response type='NEUTRAL' mode='NO' change='-40'>diplomacy.Morgath.ALLY.NO.56</response>
      <response type='NEUTRAL' mode='NO' change='-70'>diplomacy.Morgath.ALLY.NO.57</response>
    </negotiate>
    <negotiate type='DARGSLAN'>
      <approach type='NEUTRAL'>diplomacy.Morgath.DARGSLAN.58</approach>
      <response type='NEUTRAL' mode='YES' change='220'>diplomacy.Morgath.DARGSLAN.YES.59</response>
      <response type='NEUTRAL' mode='YES' change='170'>diplomacy.Morgath.DARGSLAN.YES.60</response>
      <response type='NEUTRAL' mode='YES' change='120'>diplomacy.Morgath.DARGSLAN.YES.61</response>
      <response type='NEUTRAL' mode='NO' change='0'>diplomacy.Morgath.DARGSLAN.NO.62</response>
      <response type='NEUTRAL' mode='NO' change='0'>diplomacy.Morgath.DARGSLAN.NO.63</response>
      <response type='NEUTRAL' mode='NO' change='-50'>diplomacy.Morgath.DARGSLAN.NO.64</response>
    </negotiate>
    <negotiate type='SURRENDER'>
      <approach type='NEUTRAL'>diplomacy.Morgath.SURRENDER.65</approach>
      <response type='NEUTRAL' mode='YES' notalk='true' change='0'>diplomacy.Morgath.SURRENDER.YES.66</response>
      <response type='NEUTRAL' mode='YES' notalk='true' change='0'>diplomacy.Morgath.SURRENDER.YES.67</response>
      <response type='NEUTRAL' mode='YES' notalk='true' change='0'>diplomacy.Morgath.SURRENDER.YES.68</response>
      <response type='NEUTRAL' mode='NO' notalk='true' change='-240'>diplomacy.Morgath.SURRENDER.NO.69</response>
      <response type='NEUTRAL' mode='NO' notalk='true' change='-280'>diplomacy.Morgath.SURRENDER.NO.70</response>
      <response type='NEUTRAL' mode='NO' notalk='true' change='-320'>diplomacy.Morgath.SURRENDER.NO.71</response>
    </negotiate>
    <terminate>diplomacy.Morgath.terminate.72</terminate>
    <call type='SURRENDER'>
      <approach type='AGGRESSIVE'>diplomacy.Morgath.SURRENDER.73</approach>
      <approach type='NEUTRAL'>diplomacy.Morgath.SURRENDER.74</approach>
      <approach type='HUMBLE'>diplomacy.Morgath.SURRENDER.75</approach>
    </call>
    <call type='ALLIANCE'>
      <approach type='AGGRESSIVE'>diplomacy.Morgath.ALLIANCE.76</approach>
      <approach type='NEUTRAL'>diplomacy.Morgath.ALLIANCE.77</approach>
      <approach type='HUMBLE'>diplomacy.Morgath.ALLIANCE.78</approach>
    </call>
    <call type='PEACE'>
      <approach type='AGGRESSIVE'>diplomacy.Morgath.PEACE.79</approach>
      <approach type='NEUTRAL'>diplomacy.Morgath.PEACE.80</approach>
      <approach type='HUMBLE'>diplomacy.Morgath.PEACE.81</approach>
    </call>
    <call type='MONEY'>
      <approach type='AGGRESSIVE'>diplomacy.Morgath.MONEY.82</approach>
      <approach type='NEUTRAL'>diplomacy.Morgath.MONEY.83</approach>
      <approach type='HUMBLE'>diplomacy.Morgath.MONEY.84</approach>
    </call>
    <call type='WAR'>
      <approach type='AGGRESSIVE'>diplomacy.Morgath.WAR.85</approach>
      <approach type='NEUTRAL'>diplomacy.Morgath.WAR.86</approach>
      <approach type='HUMBLE'>diplomacy.Morgath.WAR.87</approach>
    </call>
    <call type='RESIGN'>
      <approach type='AGGRESSIVE'>diplomacy.Morgath.RESIGN.88</approach>
      <approach type='NEUTRAL'>diplomacy.Morgath.RESIGN.89</approach>
      <approach type='HUMBLE'>diplomacy.Morgath.RESIGN.90</approach>
    </call>
  </player>
  <player id='Ychom'>
    <negotiate type='DIPLOMATIC_RELATIONS'>
      <approach type='AGGRESSIVE'>diplomacy.Ychom.DIPLOMATIC_RELATIONS.AGGRESSIVE.1</approach>
      <approach type='AGGRESSIVE'>diplomacy.Ychom.DIPLOMATIC_RELATIONS.AGGRESSIVE.2</approach>
      <approach type='AGGRESSIVE'>diplomacy.Ychom.DIPLOMATIC_RELATIONS.AGGRESSIVE.3</approach>
      <approach type='NEUTRAL'>diplomacy.Ychom.DIPLOMATIC_RELATIONS.NEUTRAL.4</approach>
      <approach type='NEUTRAL'>diplomacy.Ychom.DIPLOMATIC_RELATIONS.NEUTRAL.5</approach>
      <approach type='NEUTRAL'>diplomacy.Ychom.DIPLOMATIC_RELATIONS.NEUTRAL.6</approach>
      <approach type='HUMBLE'>diplomacy.Ychom.DIPLOMATIC_RELATIONS.HUMBLE.7</approach>
      <approach type='HUMBLE'>diplomacy.Ychom.DIPLOMATIC_RELATIONS.HUMBLE.8</approach>
      <approach type='HUMBLE'>diplomacy.Ychom.DIPLOMATIC_RELATIONS.HUMBLE.9</approach>
      <response type='AGGRESSIVE' mode='YES' change='150'>diplomacy.Ychom.DIPLOMATIC_RELATIONS.AGGRESSIVE.YES.10</response>
      <response type='AGGRESSIVE' mode='YES' change='120'>diplomacy.Ychom.DIPLOMATIC_RELATIONS.AGGRESSIVE.YES.11</response>
      <response type='AGGRESSIVE' mode='YES' change='100'>diplomacy.Ychom.DIPLOMATIC_RELATIONS.AGGRESSIVE.YES.12</response>
      <response type='AGGRESSIVE' mode='MAYBE' change='20'>diplomacy.Ychom.DIPLOMATIC_RELATIONS.AGGRESSIVE.MAYBE.13</response>
      <response type='AGGRESSIVE' mode='MAYBE' change='10'>diplomacy.Ychom.DIPLOMATIC_RELATIONS.AGGRESSIVE.MAYBE.14</response>
      <response type='AGGRESSIVE' mode='MAYBE' change='-20'>diplomacy.Ychom.DIPLOMATIC_RELATIONS.AGGRESSIVE.MAYBE.15</response>
      <response type='AGGRESSIVE' mode='NO' notalk='true' change='-80'>diplomacy.Ychom.DIPLOMATIC_RELATIONS.AGGRESSIVE.NO.16</response>
      <response type='AGGRESSIVE' mode='NO' notalk='true' change='-100'>diplomacy.Ychom.DIPLOMATIC_RELATIONS.AGGRESSIVE.NO.17</response>
      <response type='AGGRESSIVE' mode='NO' notalk='true' change='-140'>diplomacy.Ychom.DIPLOMATIC_RELATIONS.AGGRESSIVE.NO.18</response>
      <response type='NEUTRAL' mode='YES' change='180'>diplomacy.Ychom.DIPLOMATIC_RELATIONS.NEUTRAL.YES.19</response>
      <response type='NEUTRAL' mode='YES' change='150'>diplomacy.Ychom.DIPLOMATIC_RELATIONS.NEUTRAL.YES.20</response>
      <response type='NEUTRAL' mode='YES' change='140'>diplomacy.Ychom.DIPLOMATIC_RELATIONS.NEUTRAL.YES.21</response>
      <response type='NEUTRAL' mode='MAYBE' change='0'>diplomacy.Ychom.DIPLOMATIC_RELATIONS.NEUTRAL.MAYBE.22</response>
      <response type='NEUTRAL' mode='MAYBE' change='0'>diplomacy.Ychom.DIPLOMATIC_RELATIONS.NEUTRAL.MAYBE.23</response>
      <response type='NEUTRAL' mode='MAYBE' change='0'>diplomacy.Ychom.DIPLOMATIC_RELATIONS.NEUTRAL.MAYBE.24</response>
      <response type='NEUTRAL' mode='NO' change='-100'>diplomacy.Ychom.DIPLOMATIC_RELATIONS.NEUTRAL.NO.25</response>
      <response type='NEUTRAL' mode='NO' change='-140'>diplomacy.Ychom.DIPLOMATIC_RELATIONS.NEUTRAL.NO.26</response>
      <response type='NEUTRAL' mode='NO' change='-190'>diplomacy.Ychom.DIPLOMATIC_RELATIONS.NEUTRAL.NO.27</response>
      <response type='HUMBLE' mode='YES' change='150'>diplomacy.Ychom.DIPLOMATIC_RELATIONS.AGGRESSIVE.YES.28</response>
      <response type='HUMBLE' mode='YES' change='100'>diplomacy.Ychom.DIPLOMATIC_RELATIONS.AGGRESSIVE.YES.29</response>
      <response type='HUMBLE' mode='YES' change='60'>diplomacy.Ychom.DIPLOMATIC_RELATIONS.AGGRESSIVE.YES.30</response>
      <response type='HUMBLE' mode='MAYBE' notalk='true' change='-20'>diplomacy.Ychom.DIPLOMATIC_RELATIONS.AGGRESSIVE.MAYBE.31</response>
      <response type='HUMBLE' mode='MAYBE' notalk='true' change='-50'>diplomacy.Ychom.DIPLOMATIC_RELATIONS.AGGRESSIVE.MAYBE.32</response>
      <response type='HUMBLE' mode='MAYBE' notalk='true' change='-70'>diplomacy.Ychom.DIPLOMATIC_RELATIONS.AGGRESSIVE.MAYBE.33</response>
      <response type='HUMBLE' mode='NO' notalk='true' change='-80'>diplomacy.Ychom.DIPLOMATIC_RELATIONS.AGGRESSIVE.NO.34</response>
      <response type='HUMBLE' mode='NO' notalk='true' change='-90'>diplomacy.Ychom.DIPLOMATIC_RELATIONS.AGGRESSIVE.NO.35</response>
      <response type='HUMBLE' mode='NO' notalk='true' change='-120'>diplomacy.Ychom.DIPLOMATIC_RELATIONS.AGGRESSIVE.NO.36</response>
    </negotiate>
    <negotiate type='MONEY'>
      <approach type='NEUTRAL'>diplomacy.Ychom.MONEY.37</approach>
      <response type='NEUTRAL' mode='YES' change='250'>diplomacy.Ychom.MONEY.YES.38</response>
      <response type='NEUTRAL' mode='YES' change='220'>diplomacy.Ychom.MONEY.YES.39</response>
      <response type='NEUTRAL' mode='YES' change='180'>diplomacy.Ychom.MONEY.YES.40</response>
      <response type='NEUTRAL' mode='NO' change='0'>diplomacy.Ychom.MONEY.NO.41</response>
      <response type='NEUTRAL' mode='NO' notalk='true' change='-20'>diplomacy.Ychom.MONEY.NO.42</response>
      <response type='NEUTRAL' mode='NO' notalk='true' change='-50'>diplomacy.Ychom.MONEY.NO.43</response>
    </negotiate>
    <negotiate type='TRADE'>
      <approach type='NEUTRAL'>diplomacy.Ychom.TRADE.44</approach>
      <response type='NEUTRAL' mode='YES' change='230'>diplomacy.Ychom.TRADE.YES.45</response>
      <response type='NEUTRAL' mode='YES' change='190'>diplomacy.Ychom.TRADE.YES.46</response>
      <response type='NEUTRAL' mode='YES' change='120'>diplomacy.Ychom.TRADE.YES.47</response>
      <response type='NEUTRAL' mode='NO' change='0'>diplomacy.Ychom.TRADE.NO.48</response>
      <response type='NEUTRAL' mode='NO' change='0'>diplomacy.Ychom.TRADE.NO.49</response>
      <response type='NEUTRAL' mode='NO' change='0'>diplomacy.Ychom.TRADE.NO.50</response>
    </negotiate>
    <negotiate type='ALLY'>
      <approach type='NEUTRAL'>diplomacy.Ychom.ALLY.51</approach>
      <response type='NEUTRAL' mode='YES' change='180'>diplomacy.Ychom.ALLY.YES.52</response>
      <response type='NEUTRAL' mode='YES' change='150'>diplomacy.Ychom.ALLY.YES.53</response>
      <response type='NEUTRAL' mode='YES' change='110'>diplomacy.Ychom.ALLY.YES.54</response>
      <response type='NEUTRAL' mode='NO' change='-30'>diplomacy.Ychom.ALLY.NO.55</response>
      <response type='NEUTRAL' mode='NO' change='-90'>diplomacy.Ychom.ALLY.NO.56</response>
      <response type='NEUTRAL' mode='NO' change='-120'>diplomacy.Ychom.ALLY.NO.57</response>
    </negotiate>
    <negotiate type='DARGSLAN'>
      <approach type='NEUTRAL'>diplomacy.Ychom.DARGSLAN.58</approach>
      <response type='NEUTRAL' mode='YES' change='290'>diplomacy.Ychom.DARGSLAN.YES.59</response>
      <response type='NEUTRAL' mode='YES' change='260'>diplomacy.Ychom.DARGSLAN.YES.60</response>
      <response type='NEUTRAL' mode='YES' change='230'>diplomacy.Ychom.DARGSLAN.YES.61</response>
      <response type='NEUTRAL' mode='NO' change='0'>diplomacy.Ychom.DARGSLAN.NO.62</response>
      <response type='NEUTRAL' mode='NO' change='0'>diplomacy.Ychom.DARGSLAN.NO.63</response>
      <response type='NEUTRAL' mode='NO' change='0'>diplomacy.Ychom.DARGSLAN.NO.64</response>
    </negotiate>
    <negotiate type='SURRENDER'>
      <approach type='NEUTRAL'>diplomacy.Ychom.SURRENDER.65</approach>
      <response type='NEUTRAL' mode='YES' notalk='true' change='0'>diplomacy.Ychom.SURRENDER.YES.66</response>
      <response type='NEUTRAL' mode='YES' notalk='true' change='0'>diplomacy.Ychom.SURRENDER.YES.67</response>
      <response type='NEUTRAL' mode='YES' notalk='true' change='0'>diplomacy.Ychom.SURRENDER.YES.68</response>
      <response type='NEUTRAL' mode='NO' notalk='true' change='-200'>diplomacy.Ychom.SURRENDER.NO.69</response>
      <response type='NEUTRAL' mode='NO' notalk='true' change='-250'>diplomacy.Ychom.SURRENDER.NO.70</response>
      <response type='NEUTRAL' mode='NO' notalk='true' change='-300'>diplomacy.Ychom.SURRENDER.NO.71</response>
    </negotiate>
    <terminate>diplomacy.Ychom.terminate.72</terminate>
    <call type='SURRENDER'>
      <approach type='AGGRESSIVE'>diplomacy.Ychom.SURRENDER.73</approach>
      <approach type='NEUTRAL'>diplomacy.Ychom.SURRENDER.74</approach>
      <approach type='HUMBLE'>diplomacy.Ychom.SURRENDER.75</approach>
    </call>
    <call type='ALLIANCE'>
      <approach type='AGGRESSIVE'>diplomacy.Ychom.ALLIANCE.76</approach>
      <approach type='NEUTRAL'>diplomacy.Ychom.ALLIANCE.77</approach>
      <approach type='HUMBLE'>diplomacy.Ychom.ALLIANCE.78</approach>
    </call>
    <call type='PEACE'>
      <approach type='AGGRESSIVE'>diplomacy.Ychom.PEACE.79</approach>
      <approach type='NEUTRAL'>diplomacy.Ychom.PEACE.80</approach>
      <approach type='HUMBLE'>diplomacy.Ychom.PEACE.81</approach>
    </call>
    <call type='MONEY'>
      <approach type='AGGRESSIVE'>diplomacy.Ychom.MONEY.82</approach>
      <approach type='NEUTRAL'>diplomacy.Ychom.MONEY.83</approach>
      <approach type='HUMBLE'>diplomacy.Ychom.MONEY.84</approach>
    </call>
    <call type='WAR'>
      <approach type='AGGRESSIVE'>diplomacy.Ychom.WAR.85</approach>
      <approach type='NEUTRAL'>diplomacy.Ychom.WAR.86</approach>
      <approach type='HUMBLE'>diplomacy.Ychom.WAR.87</approach>
    </call>
    <call type='RESIGN'>
      <approach type='AGGRESSIVE'>diplomacy.Ychom.RESIGN.88</approach>
      <approach type='NEUTRAL'>diplomacy.Ychom.RESIGN.89</approach>
      <approach type='HUMBLE'>diplomacy.Ychom.RESIGN.90</approach>
    </call>
  </player>
  <player id='Dribs'>
    <negotiate type='DIPLOMATIC_RELATIONS'>
      <approach type='AGGRESSIVE'>diplomacy.Dribs.DIPLOMATIC_RELATIONS.AGGRESSIVE.1</approach>
      <approach type='AGGRESSIVE'>diplomacy.Dribs.DIPLOMATIC_RELATIONS.AGGRESSIVE.2</approach>
      <approach type='AGGRESSIVE'>diplomacy.Dribs.DIPLOMATIC_RELATIONS.AGGRESSIVE.3</approach>
      <approach type='NEUTRAL'>diplomacy.Dribs.DIPLOMATIC_RELATIONS.NEUTRAL.4</approach>
      <approach type='NEUTRAL'>diplomacy.Dribs.DIPLOMATIC_RELATIONS.NEUTRAL.5</approach>
      <approach type='NEUTRAL'>diplomacy.Dribs.DIPLOMATIC_RELATIONS.NEUTRAL.6</approach>
      <approach type='HUMBLE'>diplomacy.Dribs.DIPLOMATIC_RELATIONS.HUMBLE.7</approach>
      <approach type='HUMBLE'>diplomacy.Dribs.DIPLOMATIC_RELATIONS.HUMBLE.8</approach>
      <approach type='HUMBLE'>diplomacy.Dribs.DIPLOMATIC_RELATIONS.HUMBLE.9</approach>
      <response type='AGGRESSIVE' mode='YES' change='170'>diplomacy.Dribs.DIPLOMATIC_RELATIONS.AGGRESSIVE.YES.10</response>
      <response type='AGGRESSIVE' mode='YES' change='120'>diplomacy.Dribs.DIPLOMATIC_RELATIONS.AGGRESSIVE.YES.11</response>
      <response type='AGGRESSIVE' mode='YES' change='90'>diplomacy.Dribs.DIPLOMATIC_RELATIONS.AGGRESSIVE.YES.12</response>
      <response type='AGGRESSIVE' mode='MAYBE' change='-10'>diplomacy.Dribs.DIPLOMATIC_RELATIONS.AGGRESSIVE.MAYBE.13</response>
      <response type='AGGRESSIVE' mode='MAYBE' change='-20'>diplomacy.Dribs.DIPLOMATIC_RELATIONS.AGGRESSIVE.MAYBE.14</response>
      <response type='AGGRESSIVE' mode='MAYBE' change='-50'>diplomacy.Dribs.DIPLOMATIC_RELATIONS.AGGRESSIVE.MAYBE.15</response>
      <response type='AGGRESSIVE' mode='NO' notalk='true' change='-130'>diplomacy.Dribs.DIPLOMATIC_RELATIONS.AGGRESSIVE.NO.16</response>
      <response type='AGGRESSIVE' mode='NO' notalk='true' change='-190'>diplomacy.Dribs.DIPLOMATIC_RELATIONS.AGGRESSIVE.NO.17</response>
      <response type='AGGRESSIVE' mode='NO' notalk='true' change='-250'>diplomacy.Dribs.DIPLOMATIC_RELATIONS.AGGRESSIVE.NO.18</response>
      <response type='NEUTRAL' mode='YES' change='230'>diplomacy.Dribs.DIPLOMATIC_RELATIONS.NEUTRAL.YES.19</response>
      <response type='NEUTRAL' mode='YES' change='180'>diplomacy.Dribs.DIPLOMATIC_RELATIONS.NEUTRAL.YES.20</response>
      <response type='NEUTRAL' mode='YES' change='150'>diplomacy.Dribs.DIPLOMATIC_RELATIONS.NEUTRAL.YES.21</response>
      <response type='NEUTRAL' mode='MAYBE' change='0'>diplomacy.Dribs.DIPLOMATIC_RELATIONS.NEUTRAL.MAYBE.22</response>
      <response type='NEUTRAL' mode='MAYBE' change='0'>diplomacy.Dribs.DIPLOMATIC_RELATIONS.NEUTRAL.MAYBE.23</response>
      <response type='NEUTRAL' mode='MAYBE' change='0'>diplomacy.Dribs.DIPLOMATIC_RELATIONS.NEUTRAL.MAYBE.24</response>
      <response type='NEUTRAL' mode='NO' change='-100'>diplomacy.Dribs.DIPLOMATIC_RELATIONS.NEUTRAL.NO.25</response>
      <response type='NEUTRAL' mode='NO' change='-160'>diplomacy.Dribs.DIPLOMATIC_RELATIONS.NEUTRAL.NO.26</response>
      <response type='NEUTRAL' mode='NO' change='-210'>diplomacy.Dribs.DIPLOMATIC_RELATIONS.NEUTRAL.NO.27</response>
      <response type='HUMBLE' mode='YES' change='230'>diplomacy.Dribs.DIPLOMATIC_RELATIONS.AGGRESSIVE.YES.28</response>
      <response type='HUMBLE' mode='YES' change='200'>diplomacy.Dribs.DIPLOMATIC_RELATIONS.AGGRESSIVE.YES.29</response>
      <response type='HUMBLE' mode='YES' change='170'>diplomacy.Dribs.DIPLOMATIC_RELATIONS.AGGRESSIVE.YES.30</response>
      <response type='HUMBLE' mode='MAYBE' change='0'>diplomacy.Dribs.DIPLOMATIC_RELATIONS.AGGRESSIVE.MAYBE.31</response>
      <response type='HUMBLE' mode='MAYBE' change='0'>diplomacy.Dribs.DIPLOMATIC_RELATIONS.AGGRESSIVE.MAYBE.32</response>
      <response type='HUMBLE' mode='MAYBE' change='0'>diplomacy.Dribs.DIPLOMATIC_RELATIONS.AGGRESSIVE.MAYBE.33</response>
      <response type='HUMBLE' mode='NO' notalk='true' change='-100'>diplomacy.Dribs.DIPLOMATIC_RELATIONS.AGGRESSIVE.NO.34</response>
      <response type='HUMBLE' mode='NO' notalk='true' change='-130'>diplomacy.Dribs.DIPLOMATIC_RELATIONS.AGGRESSIVE.NO.35</response>
      <response type='HUMBLE' mode='NO' notalk='true' change='-170'>diplomacy.Dribs.DIPLOMATIC_RELATIONS.AGGRESSIVE.NO.36</response>
    </negotiate>
    <negotiate type='MONEY'>
      <approach type='NEUTRAL'>diplomacy.Dribs.MONEY.37</approach>
      <response type='NEUTRAL' mode='YES' change='200'>diplomacy.Dribs.MONEY.YES.38</response>
      <response type='NEUTRAL' mode='YES' change='180'>diplomacy.Dribs.MONEY.YES.39</response>
      <response type='NEUTRAL' mode='YES' change='150'>diplomacy.Dribs.MONEY.YES.40</response>
      <response type='NEUTRAL' mode='NO' notalk='true' change='-50'>diplomacy.Dribs.MONEY.NO.41</response>
      <response type='NEUTRAL' mode='NO' notalk='true' change='-100'>diplomacy.Dribs.MONEY.NO.42</response>
      <response type='NEUTRAL' mode='NO' notalk='true' change='-120'>diplomacy.Dribs.MONEY.NO.43</response>
    </negotiate>
    <negotiate type='TRADE'>
      <approach type='NEUTRAL'>diplomacy.Dribs.TRADE.44</approach>
      <response type='NEUTRAL' mode='YES' change='190'>diplomacy.Dribs.TRADE.YES.45</response>
      <response type='NEUTRAL' mode='YES' change='160'>diplomacy.Dribs.TRADE.YES.46</response>
      <response type='NEUTRAL' mode='YES' change='130'>diplomacy.Dribs.TRADE.YES.47</response>
      <response type='NEUTRAL' mode='NO' change='0'>diplomacy.Dribs.TRADE.NO.48</response>
      <response type='NEUTRAL' mode='NO' change='-20'>diplomacy.Dribs.TRADE.NO.49</response>
      <response type='NEUTRAL' mode='NO' change='-50'>diplomacy.Dribs.TRADE.NO.50</response>
    </negotiate>
    <negotiate type='ALLY'>
      <approach type='NEUTRAL'>diplomacy.Dribs.ALLY.51</approach>
      <response type='NEUTRAL' mode='YES' change='270'>diplomacy.Dribs.ALLY.YES.52</response>
      <response type='NEUTRAL' mode='YES' change='240'>diplomacy.Dribs.ALLY.YES.53</response>
      <response type='NEUTRAL' mode='YES' change='200'>diplomacy.Dribs.ALLY.YES.54</response>
      <response type='NEUTRAL' mode='NO' change='-40'>diplomacy.Dribs.ALLY.NO.55</response>
      <response type='NEUTRAL' mode='NO' change='-50'>diplomacy.Dribs.ALLY.NO.56</response>
      <response type='NEUTRAL' mode='NO' change='-90'>diplomacy.Dribs.ALLY.NO.57</response>
    </negotiate>
    <negotiate type='DARGSLAN'>
      <approach type='NEUTRAL'>diplomacy.Dribs.DARGSLAN.58</approach>
      <response type='NEUTRAL' mode='YES' change='300'>diplomacy.Dribs.DARGSLAN.YES.59</response>
      <response type='NEUTRAL' mode='YES' change='230'>diplomacy.Dribs.DARGSLAN.YES.60</response>
      <response type='NEUTRAL' mode='YES' change='200'>diplomacy.Dribs.DARGSLAN.YES.61</response>
      <response type='NEUTRAL' mode='NO' change='0'>diplomacy.Dribs.DARGSLAN.NO.62</response>
      <response type='NEUTRAL' mode='NO' change='0'>diplomacy.Dribs.DARGSLAN.NO.63</response>
      <response type='NEUTRAL' mode='NO' change='0'>diplomacy.Dribs.DARGSLAN.NO.64</response>
    </negotiate>
    <negotiate type='SURRENDER'>
      <approach type='NEUTRAL'>diplomacy.Dribs.SURRENDER.65</approach>
      <response type='NEUTRAL' mode='YES' notalk='true' change='0'>diplomacy.Dribs.SURRENDER.YES.66</response>
      <response type='NEUTRAL' mode='YES' notalk='true' change='0'>diplomacy.Dribs.SURRENDER.YES.67</response>
      <response type='NEUTRAL' mode='YES' notalk='true' change='0'>diplomacy.Dribs.SURRENDER.YES.68</response>
      <response type='NEUTRAL' mode='NO' notalk='true' change='-200'>diplomacy.Dribs.SURRENDER.NO.69</response>
      <response type='NEUTRAL' mode='NO' notalk='true' change='-230'>diplomacy.Dribs.SURRENDER.NO.70</response>
      <response type='NEUTRAL' mode='NO' notalk='true' change='-300'>diplomacy.Dribs.SURRENDER.NO.71</response>
    </negotiate>
    <terminate>diplomacy.Dribs.terminate.72</terminate>
    <call type='SURRENDER'>
      <approach type='AGGRESSIVE'>diplomacy.Dribs.SURRENDER.73</approach>
      <approach type='NEUTRAL'>diplomacy.Dribs.SURRENDER.74</approach>
      <approach type='HUMBLE'>diplomacy.Dribs.SURRENDER.75</approach>
    </call>
    <call type='ALLIANCE'>
      <approach type='AGGRESSIVE'>diplomacy.Dribs.ALLIANCE.76</approach>
      <approach type='NEUTRAL'>diplomacy.Dribs.ALLIANCE.77</approach>
      <approach type='HUMBLE'>diplomacy.Dribs.ALLIANCE.78</approach>
    </call>
    <call type='PEACE'>
      <approach type='AGGRESSIVE'>diplomacy.Dribs.PEACE.79</approach>
      <approach type='NEUTRAL'>diplomacy.Dribs.PEACE.80</approach>
      <approach type='HUMBLE'>diplomacy.Dribs.PEACE.81</approach>
    </call>
    <call type='MONEY'>
      <approach type='AGGRESSIVE'>diplomacy.Dribs.MONEY.82</approach>
      <approach type='NEUTRAL'>diplomacy.Dribs.MONEY.83</approach>
      <approach type='HUMBLE'>diplomacy.Dribs.MONEY.84</approach>
    </call>
    <call type='WAR'>
      <approach type='AGGRESSIVE'>diplomacy.Dribs.WAR.85</approach>
      <approach type='NEUTRAL'>diplomacy.Dribs.WAR.86</approach>
      <approach type='HUMBLE'>diplomacy.Dribs.WAR.87</approach>
    </call>
    <call type='RESIGN'>
      <approach type='AGGRESSIVE'>diplomacy.Dribs.RESIGN.88</approach>
      <approach type='NEUTRAL'>diplomacy.Dribs.RESIGN.89</approach>
      <approach type='HUMBLE'>diplomacy.Dribs.RESIGN.90</approach>
    </call>
  </player>
  <player id='Sullep'>
    <negotiate type='DIPLOMATIC_RELATIONS'>
      <approach type='AGGRESSIVE'>diplomacy.Sullep.DIPLOMATIC_RELATIONS.AGGRESSIVE.1</approach>
      <approach type='AGGRESSIVE'>diplomacy.Sullep.DIPLOMATIC_RELATIONS.AGGRESSIVE.2</approach>
      <approach type='AGGRESSIVE'>diplomacy.Sullep.DIPLOMATIC_RELATIONS.AGGRESSIVE.3</approach>
      <approach type='NEUTRAL'>diplomacy.Sullep.DIPLOMATIC_RELATIONS.NEUTRAL.4</approach>
      <approach type='NEUTRAL'>diplomacy.Sullep.DIPLOMATIC_RELATIONS.NEUTRAL.5</approach>
      <approach type='NEUTRAL'>diplomacy.Sullep.DIPLOMATIC_RELATIONS.NEUTRAL.6</approach>
      <approach type='HUMBLE'>diplomacy.Sullep.DIPLOMATIC_RELATIONS.HUMBLE.7</approach>
      <approach type='HUMBLE'>diplomacy.Sullep.DIPLOMATIC_RELATIONS.HUMBLE.8</approach>
      <approach type='HUMBLE'>diplomacy.Sullep.DIPLOMATIC_RELATIONS.HUMBLE.9</approach>
      <response type='AGGRESSIVE' mode='YES' change='200'>diplomacy.Sullep.DIPLOMATIC_RELATIONS.AGGRESSIVE.YES.10</response>
      <response type='AGGRESSIVE' mode='YES' change='180'>diplomacy.Sullep.DIPLOMATIC_RELATIONS.AGGRESSIVE.YES.11</response>
      <response type='AGGRESSIVE' mode='YES' change='150'>diplomacy.Sullep.DIPLOMATIC_RELATIONS.AGGRESSIVE.YES.12</response>
      <response type='AGGRESSIVE' mode='MAYBE' change='20'>diplomacy.Sullep.DIPLOMATIC_RELATIONS.AGGRESSIVE.MAYBE.13</response>
      <response type='AGGRESSIVE' mode='MAYBE' change='-10'>diplomacy.Sullep.DIPLOMATIC_RELATIONS.AGGRESSIVE.MAYBE.14</response>
      <response type='AGGRESSIVE' mode='MAYBE' change='-20'>diplomacy.Sullep.DIPLOMATIC_RELATIONS.AGGRESSIVE.MAYBE.15</response>
      <response type='AGGRESSIVE' mode='NO' notalk='true' change='-100'>diplomacy.Sullep.DIPLOMATIC_RELATIONS.AGGRESSIVE.NO.16</response>
      <response type='AGGRESSIVE' mode='NO' notalk='true' change='-140'>diplomacy.Sullep.DIPLOMATIC_RELATIONS.AGGRESSIVE.NO.17</response>
      <response type='AGGRESSIVE' mode='NO' notalk='true' change='-200'>diplomacy.Sullep.DIPLOMATIC_RELATIONS.AGGRESSIVE.NO.18</response>
      <response type='NEUTRAL' mode='YES' change='120'>diplomacy.Sullep.DIPLOMATIC_RELATIONS.NEUTRAL.YES.19</response>
      <response type='NEUTRAL' mode='YES' change='100'>diplomacy.Sullep.DIPLOMATIC_RELATIONS.NEUTRAL.YES.20</response>
      <response type='NEUTRAL' mode='YES' change='70'>diplomacy.Sullep.DIPLOMATIC_RELATIONS.NEUTRAL.YES.21</response>
      <response type='NEUTRAL' mode='MAYBE' change='0'>diplomacy.Sullep.DIPLOMATIC_RELATIONS.NEUTRAL.MAYBE.22</response>
      <response type='NEUTRAL' mode='MAYBE' change='0'>diplomacy.Sullep.DIPLOMATIC_RELATIONS.NEUTRAL.MAYBE.23</response>
      <response type='NEUTRAL' mode='MAYBE' change='0'>diplomacy.Sullep.DIPLOMATIC_RELATIONS.NEUTRAL.MAYBE.24</response>
      <response type='NEUTRAL' mode='NO' change='-180'>diplomacy.Sullep.DIPLOMATIC_RELATIONS.NEUTRAL.NO.25</response>
      <response type='NEUTRAL' mode='NO' notalk='true' change='-200'>diplomacy.Sullep.DIPLOMATIC_RELATIONS.NEUTRAL.NO.26</response>
      <response type='NEUTRAL' mode='NO' notalk='true' change='-250'>diplomacy.Sullep.DIPLOMATIC_RELATIONS.NEUTRAL.NO.27</response>
      <response type='HUMBLE' mode='YES' change='90'>diplomacy.Sullep.DIPLOMATIC_RELATIONS.AGGRESSIVE.YES.28</response>
      <response type='HUMBLE' mode='YES' change='70'>diplomacy.Sullep.DIPLOMATIC_RELATIONS.AGGRESSIVE.YES.29</response>
      <response type='HUMBLE' mode='YES' change='50'>diplomacy.Sullep.DIPLOMATIC_RELATIONS.AGGRESSIVE.YES.30</response>
      <response type='HUMBLE' mode='MAYBE' notalk='true' change='-50'>diplomacy.Sullep.DIPLOMATIC_RELATIONS.AGGRESSIVE.MAYBE.31</response>
      <response type='HUMBLE' mode='MAYBE' notalk='true' change='-80'>diplomacy.Sullep.DIPLOMATIC_RELATIONS.AGGRESSIVE.MAYBE.32</response>
      <response type='HUMBLE' mode='MAYBE' notalk='true' change='-90'>diplomacy.Sullep.DIPLOMATIC_RELATIONS.AGGRESSIVE.MAYBE.33</response>
      <response type='HUMBLE' mode='NO' notalk='true' change='-130'>diplomacy.Sullep.DIPLOMATIC_RELATIONS.AGGRESSIVE.NO.34</response>
      <response type='HUMBLE' mode='NO' notalk='true' change='-190'>diplomacy.Sullep.DIPLOMATIC_RELATIONS.AGGRESSIVE.NO.35</response>
      <response type='HUMBLE' mode='NO' notalk='true' change='-220'>diplomacy.Sullep.DIPLOMATIC_RELATIONS.AGGRESSIVE.NO.36</response>
    </negotiate>
    <negotiate type='MONEY'>
      <approach type='NEUTRAL'>diplomacy.Sullep.MONEY.37</approach>
      <response type='NEUTRAL' mode='YES' change='200'>diplomacy.Sullep.MONEY.YES.38</response>
      <response type='NEUTRAL' mode='YES' change='160'>diplomacy.Sullep.MONEY.YES.39</response>
      <response type='NEUTRAL' mode='YES' change='100'>diplomacy.Sullep.MONEY.YES.40</response>
      <response type='NEUTRAL' mode='NO' notalk='true' change='-70'>diplomacy.Sullep.MONEY.NO.41</response>
      <response type='NEUTRAL' mode='NO' notalk='true' change='-120'>diplomacy.Sullep.MONEY.NO.42</response>
      <response type='NEUTRAL' mode='NO' notalk='true' change='-160'>diplomacy.Sullep.MONEY.NO.43</response>
    </negotiate>
    <negotiate type='TRADE'>
      <approach type='NEUTRAL'>diplomacy.Sullep.TRADE.44</approach>
      <response type='NEUTRAL' mode='YES' change='190'>diplomacy.Sullep.TRADE.YES.45</response>
      <response type='NEUTRAL' mode='YES' change='150'>diplomacy.Sullep.TRADE.YES.46</response>
      <response type='NEUTRAL' mode='YES' change='120'>diplomacy.Sullep.TRADE.YES.47</response>
      <response type='NEUTRAL' mode='NO' change='0'>diplomacy.Sullep.TRADE.NO.48</response>
      <response type='NEUTRAL' mode='NO' change='-50'>diplomacy.Sullep.TRADE.NO.49</response>
      <response type='NEUTRAL' mode='NO' change='-70'>diplomacy.Sullep.TRADE.NO.50</response>
    </negotiate>
    <negotiate type='ALLY'>
      <approach type='NEUTRAL'>diplomacy.Sullep.ALLY.51</approach>
      <response type='NEUTRAL' mode='YES' change='300'>diplomacy.Sullep.ALLY.YES.52</response>
      <response type='NEUTRAL' mode='YES' change='260'>diplomacy.Sullep.ALLY.YES.53</response>
      <response type='NEUTRAL' mode='YES' change='200'>diplomacy.Sullep.ALLY.YES.54</response>
      <response type='NEUTRAL' mode='NO' change='-40'>diplomacy.Sullep.ALLY.NO.55</response>
      <response type='NEUTRAL' mode='NO' change='-70'>diplomacy.Sullep.ALLY.NO.56</response>
      <response type='NEUTRAL' mode='NO' change='-110'>diplomacy.Sullep.ALLY.NO.57</response>
    </negotiate>
    <negotiate type='DARGSLAN'>
      <approach type='NEUTRAL'>diplomacy.Sullep.DARGSLAN.58</approach>
      <response type='NEUTRAL' mode='YES' change='300'>diplomacy.Sullep.DARGSLAN.YES.59</response>
      <response type='NEUTRAL' mode='YES' change='280'>diplomacy.Sullep.DARGSLAN.YES.60</response>
      <response type='NEUTRAL' mode='YES' change='220'>diplomacy.Sullep.DARGSLAN.YES.61</response>
      <response type='NEUTRAL' mode='NO' change='0'>diplomacy.Sullep.DARGSLAN.NO.62</response>
      <response type='NEUTRAL' mode='NO' change='0'>diplomacy.Sullep.DARGSLAN.NO.63</response>
      <response type='NEUTRAL' mode='NO' change='0'>diplomacy.Sullep.DARGSLAN.NO.64</response>
    </negotiate>
    <negotiate type='SURRENDER'>
      <approach type='NEUTRAL'>diplomacy.Sullep.SURRENDER.65</approach>
      <response type='NEUTRAL' mode='YES' notalk='true' change='0'>diplomacy.Sullep.SURRENDER.YES.66</response>
      <response type='NEUTRAL' mode='YES' notalk='true' change='0'>diplomacy.Sullep.SURRENDER.YES.67</response>
      <response type='NEUTRAL' mode='YES' notalk='true' change='0'>diplomacy.Sullep.SURRENDER.YES.68</response>
      <response type='NEUTRAL' mode='NO' notalk='true' change='-300'>diplomacy.Sullep.SURRENDER.NO.69</response>
      <response type='NEUTRAL' mode='NO' notalk='true' change='-340'>diplomacy.Sullep.SURRENDER.NO.70</response>
      <response type='NEUTRAL' mode='NO' notalk='true' change='-400'>diplomacy.Sullep.SURRENDER.NO.71</response>
    </negotiate>
    <terminate>diplomacy.Sullep.terminate.72</terminate>
    <call type='SURRENDER'>
      <approach type='AGGRESSIVE'>diplomacy.Sullep.SURRENDER.73</approach>
      <approach type='NEUTRAL'>diplomacy.Sullep.SURRENDER.74</approach>
      <approach type='HUMBLE'>diplomacy.Sullep.SURRENDER.75</approach>
    </call>
    <call type='ALLIANCE'>
      <approach type='AGGRESSIVE'>diplomacy.Sullep.ALLIANCE.76</approach>
      <approach type='NEUTRAL'>diplomacy.Sullep.ALLIANCE.77</approach>
      <approach type='HUMBLE'>diplomacy.Sullep.ALLIANCE.78</approach>
    </call>
    <call type='PEACE'>
      <approach type='AGGRESSIVE'>diplomacy.Sullep.PEACE.79</approach>
      <approach type='NEUTRAL'>diplomacy.Sullep.PEACE.80</approach>
      <approach type='HUMBLE'>diplomacy.Sullep.PEACE.81</approach>
    </call>
    <call type='MONEY'>
      <approach type='AGGRESSIVE'>diplomacy.Sullep.MONEY.82</approach>
      <approach type='NEUTRAL'>diplomacy.Sullep.MONEY.83</approach>
      <approach type='HUMBLE'>diplomacy.Sullep.MONEY.84</approach>
    </call>
    <call type='WAR'>
      <approach type='AGGRESSIVE'>diplomacy.Sullep.WAR.85</approach>
      <approach type='NEUTRAL'>diplomacy.Sullep.WAR.86</approach>
      <approach type='HUMBLE'>diplomacy.Sullep.WAR.87</approach>
    </call>
    <call type='RESIGN'>
      <approach type='AGGRESSIVE'>diplomacy.Sullep.RESIGN.88</approach>
      <approach type='NEUTRAL'>diplomacy.Sullep.RESIGN.89</approach>
      <approach type='HUMBLE'>diplomacy.Sullep.RESIGN.90</approach>
    </call>
  </player>
  <player id='Dargslan'>
    <negotiate type='DIPLOMATIC_RELATIONS'>
      <approach type='AGGRESSIVE'>diplomacy.Dargslan.DIPLOMATIC_RELATIONS.AGGRESSIVE.1</approach>
      <approach type='AGGRESSIVE'>diplomacy.Dargslan.DIPLOMATIC_RELATIONS.AGGRESSIVE.2</approach>
      <approach type='AGGRESSIVE'>diplomacy.Dargslan.DIPLOMATIC_RELATIONS.AGGRESSIVE.3</approach>
      <approach type='NEUTRAL'>diplomacy.Dargslan.DIPLOMATIC_RELATIONS.NEUTRAL.4</approach>
      <approach type='NEUTRAL'>diplomacy.Dargslan.DIPLOMATIC_RELATIONS.NEUTRAL.5</approach>
      <approach type='NEUTRAL'>diplomacy.Dargslan.DIPLOMATIC_RELATIONS.NEUTRAL.6</approach>
      <approach type='HUMBLE'>diplomacy.Dargslan.DIPLOMATIC_RELATIONS.HUMBLE.7</approach>
      <approach type='HUMBLE'>diplomacy.Dargslan.DIPLOMATIC_RELATIONS.HUMBLE.8</approach>
      <approach type='HUMBLE'>diplomacy.Dargslan.DIPLOMATIC_RELATIONS.HUMBLE.9</approach>
      <response type='AGGRESSIVE' mode='YES' change='180'>diplomacy.Dargslan.DIPLOMATIC_RELATIONS.AGGRESSIVE.YES.10</response>
      <response type='AGGRESSIVE' mode='YES' change='150'>diplomacy.Dargslan.DIPLOMATIC_RELATIONS.AGGRESSIVE.YES.11</response>
      <response type='AGGRESSIVE' mode='YES' change='120'>diplomacy.Dargslan.DIPLOMATIC_RELATIONS.AGGRESSIVE.YES.12</response>
      <response type='AGGRESSIVE' mode='MAYBE' change='-100'>diplomacy.Dargslan.DIPLOMATIC_RELATIONS.AGGRESSIVE.MAYBE.13</response>
      <response type='AGGRESSIVE' mode='MAYBE' change='-100'>diplomacy.Dargslan.DIPLOMATIC_RELATIONS.AGGRESSIVE.MAYBE.14</response>
      <response type='AGGRESSIVE' mode='MAYBE' change='-100'>diplomacy.Dargslan.DIPLOMATIC_RELATIONS.AGGRESSIVE.MAYBE.15</response>
      <response type='AGGRESSIVE' mode='NO' notalk='true' change='-200'>diplomacy.Dargslan.DIPLOMATIC_RELATIONS.AGGRESSIVE.NO.16</response>
      <response type='AGGRESSIVE' mode='NO' notalk='true' change='-200'>diplomacy.Dargslan.DIPLOMATIC_RELATIONS.AGGRESSIVE.NO.17</response>
      <response type='AGGRESSIVE' mode='NO' notalk='true' change='-200'>diplomacy.Dargslan.DIPLOMATIC_RELATIONS.AGGRESSIVE.NO.18</response>
      <response type='NEUTRAL' mode='YES' change='150'>diplomacy.Dargslan.DIPLOMATIC_RELATIONS.NEUTRAL.YES.19</response>
      <response type='NEUTRAL' mode='YES' change='150'>diplomacy.Dargslan.DIPLOMATIC_RELATIONS.NEUTRAL.YES.20</response>
      <response type='NEUTRAL' mode='YES' change='150'>diplomacy.Dargslan.DIPLOMATIC_RELATIONS.NEUTRAL.YES.21</response>
      <response type='NEUTRAL' mode='MAYBE' change='0'>diplomacy.Dargslan.DIPLOMATIC_RELATIONS.NEUTRAL.MAYBE.22</response>
      <response type='NEUTRAL' mode='MAYBE' change='0'>diplomacy.Dargslan.DIPLOMATIC_RELATIONS.NEUTRAL.MAYBE.23</response>
      <response type='NEUTRAL' mode='MAYBE' change='0'>diplomacy.Dargslan.DIPLOMATIC_RELATIONS.NEUTRAL.MAYBE.24</response>
      <response type='NEUTRAL' mode='NO' change='-250'>diplomacy.Dargslan.DIPLOMATIC_RELATIONS.NEUTRAL.NO.25</response>
      <response type='NEUTRAL' mode='NO' change='-250'>diplomacy.Dargslan.DIPLOMATIC_RELATIONS.NEUTRAL.NO.26</response>
      <response type='NEUTRAL' mode='NO' change='-250'>diplomacy.Dargslan.DIPLOMATIC_RELATIONS.NEUTRAL.NO.27</response>
      <response type='HUMBLE' mode='YES' change='50'>diplomacy.Dargslan.DIPLOMATIC_RELATIONS.AGGRESSIVE.YES.28</response>
      <response type='HUMBLE' mode='YES' change='50'>diplomacy.Dargslan.DIPLOMATIC_RELATIONS.AGGRESSIVE.YES.29</response>
      <response type='HUMBLE' mode='YES' change='50'>diplomacy.Dargslan.DIPLOMATIC_RELATIONS.AGGRESSIVE.YES.30</response>
      <response type='HUMBLE' mode='MAYBE' notalk='true' change='-50'>diplomacy.Dargslan.DIPLOMATIC_RELATIONS.AGGRESSIVE.MAYBE.31</response>
      <response type='HUMBLE' mode='MAYBE' notalk='true' change='-50'>diplomacy.Dargslan.DIPLOMATIC_RELATIONS.AGGRESSIVE.MAYBE.32</response>
      <response type='HUMBLE' mode='MAYBE' notalk='true' change='-50'>diplomacy.Dargslan.DIPLOMATIC_RELATIONS.AGGRESSIVE.MAYBE.33</response>
      <response type='HUMBLE' mode='NO' notalk='true' change='-200'>diplomacy.Dargslan.DIPLOMATIC_RELATIONS.AGGRESSIVE.NO.34</response>
      <response type='HUMBLE' mode='NO' notalk='true' change='-200'>diplomacy.Dargslan.DIPLOMATIC_RELATIONS.AGGRESSIVE.NO.35</response>
      <response type='HUMBLE' mode='NO' notalk='true' change='-200'>diplomacy.Dargslan.DIPLOMATIC_RELATIONS.AGGRESSIVE.NO.36</response>
    </negotiate>
    <negotiate type='MONEY'>
      <approach type='NEUTRAL'>diplomacy.Dargslan.MONEY.37</approach>
      <response type='NEUTRAL' mode='YES' change='120'>diplomacy.Dargslan.MONEY.YES.38</response>
      <response type='NEUTRAL' mode='YES' change='80'>diplomacy.Dargslan.MONEY.YES.39</response>
      <response type='NEUTRAL' mode='YES' change='40'>diplomacy.Dargslan.MONEY.YES.40</response>
      <response type='NEUTRAL' mode='NO' notalk='true' change='-100'>diplomacy.Dargslan.MONEY.NO.41</response>
      <response type='NEUTRAL' mode='NO' notalk='true' change='-80'>diplomacy.Dargslan.MONEY.NO.42</response>
      <response type='NEUTRAL' mode='NO' notalk='true' change='-50'>diplomacy.Dargslan.MONEY.NO.43</response>
    </negotiate>
    <negotiate type='TRADE'>
      <approach type='NEUTRAL'>diplomacy.Dargslan.TRADE.44</approach>
      <response type='NEUTRAL' mode='YES' change='120'>diplomacy.Dargslan.TRADE.YES.45</response>
      <response type='NEUTRAL' mode='YES' change='100'>diplomacy.Dargslan.TRADE.YES.46</response>
      <response type='NEUTRAL' mode='YES' change='50'>diplomacy.Dargslan.TRADE.YES.47</response>
      <response type='NEUTRAL' mode='NO' change='-50'>diplomacy.Dargslan.TRADE.NO.48</response>
      <response type='NEUTRAL' mode='NO' change='-30'>diplomacy.Dargslan.TRADE.NO.49</response>
      <response type='NEUTRAL' mode='NO' change='-20'>diplomacy.Dargslan.TRADE.NO.50</response>
    </negotiate>
    <negotiate type='ALLY'>
      <approach type='NEUTRAL'>diplomacy.Dargslan.ALLY.51</approach>
      <response type='NEUTRAL' mode='YES' change='100'>diplomacy.Dargslan.ALLY.YES.52</response>
      <response type='NEUTRAL' mode='YES' change='90'>diplomacy.Dargslan.ALLY.YES.53</response>
      <response type='NEUTRAL' mode='YES' change='80'>diplomacy.Dargslan.ALLY.YES.54</response>
      <response type='NEUTRAL' mode='NO' change='-40'>diplomacy.Dargslan.ALLY.NO.55</response>
      <response type='NEUTRAL' mode='NO' change='-50'>diplomacy.Dargslan.ALLY.NO.56</response>
      <response type='NEUTRAL' mode='NO' change='-90'>diplomacy.Dargslan.ALLY.NO.57</response>
    </negotiate>
    <negotiate type='DARGSLAN'>
      <approach type='NEUTRAL'>diplomacy.Dargslan.DARGSLAN.58</approach>
      <response type='NEUTRAL' mode='YES' notalk='true' change='-1000'>diplomacy.Dargslan.DARGSLAN.YES.59</response>
      <response type='NEUTRAL' mode='YES' notalk='true' change='-1000'>diplomacy.Dargslan.DARGSLAN.YES.60</response>
      <response type='NEUTRAL' mode='YES' notalk='true' change='-1000'>diplomacy.Dargslan.DARGSLAN.YES.61</response>
      <response type='NEUTRAL' mode='NO' notalk='true' change='-1000'>diplomacy.Dargslan.DARGSLAN.NO.62</response>
      <response type='NEUTRAL' mode='NO' notalk='true' change='-1000'>diplomacy.Dargslan.DARGSLAN.NO.63</response>
      <response type='NEUTRAL' mode='NO' notalk='true' change='-1000'>diplomacy.Dargslan.DARGSLAN.NO.64</response>
    </negotiate>
    <negotiate type='SURRENDER'>
      <approach type='NEUTRAL'>diplomacy.Dargslan.SURRENDER.65</approach>
      <response type='NEUTRAL' mode='YES' notalk='true' change='0'>diplomacy.Dargslan.SURRENDER.YES.66</response>
      <response type='NEUTRAL' mode='YES' notalk='true' change='0'>diplomacy.Dargslan.SURRENDER.YES.67</response>
      <response type='NEUTRAL' mode='YES' notalk='true' change='0'>diplomacy.Dargslan.SURRENDER.YES.68</response>
      <response type='NEUTRAL' mode='NO' notalk='true' change='-300'>diplomacy.Dargslan.SURRENDER.NO.69</response>
      <response type='NEUTRAL' mode='NO' notalk='true' change='-300'>diplomacy.Dargslan.SURRENDER.NO.70</response>
      <response type='NEUTRAL' mode='NO' notalk='true' change='-300'>diplomacy.Dargslan.SURRENDER.NO.71</response>
    </negotiate>
    <terminate>diplomacy.Dargslan.terminate.72</terminate>
    <call type='SURRENDER'>
      <approach type='AGGRESSIVE'>diplomacy.Dargslan.SURRENDER.73</approach>
      <approach type='NEUTRAL'>diplomacy.Dargslan.SURRENDER.74</approach>
      <approach type='HUMBLE'>diplomacy.Dargslan.SURRENDER.75</approach>
    </call>
    <call type='ALLIANCE'>
      <approach type='AGGRESSIVE'>diplomacy.Dargslan.ALLIANCE.76</approach>
      <approach type='NEUTRAL'>diplomacy.Dargslan.ALLIANCE.77</approach>
      <approach type='HUMBLE'>diplomacy.Dargslan.ALLIANCE.78</approach>
    </call>
    <call type='PEACE'>
      <approach type='AGGRESSIVE'>diplomacy.Dargslan.PEACE.79</approach>
      <approach type='NEUTRAL'>diplomacy.Dargslan.PEACE.80</approach>
      <approach type='HUMBLE'>diplomacy.Dargslan.PEACE.81</approach>
    </call>
    <call type='MONEY'>
      <approach type='AGGRESSIVE'>diplomacy.Dargslan.MONEY.82</approach>
      <approach type='NEUTRAL'>diplomacy.Dargslan.MONEY.83</approach>
      <approach type='HUMBLE'>diplomacy.Dargslan.MONEY.84</approach>
    </call>
    <call type='WAR'>
      <approach type='AGGRESSIVE'>diplomacy.Dargslan.WAR.85</approach>
      <approach type='NEUTRAL'>diplomacy.Dargslan.WAR.86</approach>
      <approach type='HUMBLE'>diplomacy.Dargslan.WAR.87</approach>
    </call>
    <call type='RESIGN'>
      <approach type='AGGRESSIVE'>diplomacy.Dargslan.RESIGN.88</approach>
      <approach type='NEUTRAL'>diplomacy.Dargslan.RESIGN.89</approach>
      <approach type='HUMBLE'>diplomacy.Dargslan.RESIGN.90</approach>
    </call>
  </player>
  <player id='Ecalep'>
    <negotiate type='DIPLOMATIC_RELATIONS'>
      <approach type='AGGRESSIVE'>diplomacy.Ecalep.DIPLOMATIC_RELATIONS.AGGRESSIVE.1</approach>
      <approach type='AGGRESSIVE'>diplomacy.Ecalep.DIPLOMATIC_RELATIONS.AGGRESSIVE.2</approach>
      <approach type='AGGRESSIVE'>diplomacy.Ecalep.DIPLOMATIC_RELATIONS.AGGRESSIVE.3</approach>
      <approach type='NEUTRAL'>diplomacy.Ecalep.DIPLOMATIC_RELATIONS.NEUTRAL.4</approach>
      <approach type='NEUTRAL'>diplomacy.Ecalep.DIPLOMATIC_RELATIONS.NEUTRAL.5</approach>
      <approach type='NEUTRAL'>diplomacy.Ecalep.DIPLOMATIC_RELATIONS.NEUTRAL.6</approach>
      <approach type='HUMBLE'>diplomacy.Ecalep.DIPLOMATIC_RELATIONS.HUMBLE.7</approach>
      <approach type='HUMBLE'>diplomacy.Ecalep.DIPLOMATIC_RELATIONS.HUMBLE.8</approach>
      <approach type='HUMBLE'>diplomacy.Ecalep.DIPLOMATIC_RELATIONS.HUMBLE.9</approach>
      <response type='AGGRESSIVE' mode='YES' change='180'>diplomacy.Ecalep.DIPLOMATIC_RELATIONS.AGGRESSIVE.YES.10</response>
      <response type='AGGRESSIVE' mode='YES' change='150'>diplomacy.Ecalep.DIPLOMATIC_RELATIONS.AGGRESSIVE.YES.11</response>
      <response type='AGGRESSIVE' mode='YES' change='110'>diplomacy.Ecalep.DIPLOMATIC_RELATIONS.AGGRESSIVE.YES.12</response>
      <response type='AGGRESSIVE' mode='MAYBE' change='10'>diplomacy.Ecalep.DIPLOMATIC_RELATIONS.AGGRESSIVE.MAYBE.13</response>
      <response type='AGGRESSIVE' mode='MAYBE' change='0'>diplomacy.Ecalep.DIPLOMATIC_RELATIONS.AGGRESSIVE.MAYBE.14</response>
      <response type='AGGRESSIVE' mode='MAYBE' change='-30'>diplomacy.Ecalep.DIPLOMATIC_RELATIONS.AGGRESSIVE.MAYBE.15</response>
      <response type='AGGRESSIVE' mode='NO' notalk='true' change='-100'>diplomacy.Ecalep.DIPLOMATIC_RELATIONS.AGGRESSIVE.NO.16</response>
      <response type='AGGRESSIVE' mode='NO' notalk='true' change='-130'>diplomacy.Ecalep.DIPLOMATIC_RELATIONS.AGGRESSIVE.NO.17</response>
      <response type='AGGRESSIVE' mode='NO' notalk='true' change='-160'>diplomacy.Ecalep.DIPLOMATIC_RELATIONS.AGGRESSIVE.NO.18</response>
      <response type='NEUTRAL' mode='YES' change='170'>diplomacy.Ecalep.DIPLOMATIC_RELATIONS.NEUTRAL.YES.19</response>
      <response type='NEUTRAL' mode='YES' change='150'>diplomacy.Ecalep.DIPLOMATIC_RELATIONS.NEUTRAL.YES.20</response>
      <response type='NEUTRAL' mode='YES' change='110'>diplomacy.Ecalep.DIPLOMATIC_RELATIONS.NEUTRAL.YES.21</response>
      <response type='NEUTRAL' mode='MAYBE' change='0'>diplomacy.Ecalep.DIPLOMATIC_RELATIONS.NEUTRAL.MAYBE.22</response>
      <response type='NEUTRAL' mode='MAYBE' change='0'>diplomacy.Ecalep.DIPLOMATIC_RELATIONS.NEUTRAL.MAYBE.23</response>
      <response type='NEUTRAL' mode='MAYBE' change='0'>diplomacy.Ecalep.DIPLOMATIC_RELATIONS.NEUTRAL.MAYBE.24</response>
      <response type='NEUTRAL' mode='NO' change='-120'>diplomacy.Ecalep.DIPLOMATIC_RELATIONS.NEUTRAL.NO.25</response>
      <response type='NEUTRAL' mode='NO' change='-170'>diplomacy.Ecalep.DIPLOMATIC_RELATIONS.NEUTRAL.NO.26</response>
      <response type='NEUTRAL' mode='NO' change='-220'>diplomacy.Ecalep.DIPLOMATIC_RELATIONS.NEUTRAL.NO.27</response>
      <response type='HUMBLE' mode='YES' change='100'>diplomacy.Ecalep.DIPLOMATIC_RELATIONS.AGGRESSIVE.YES.28</response>
      <response type='HUMBLE' mode='YES' change='70'>diplomacy.Ecalep.DIPLOMATIC_RELATIONS.AGGRESSIVE.YES.29</response>
      <response type='HUMBLE' mode='YES' change='50'>diplomacy.Ecalep.DIPLOMATIC_RELATIONS.AGGRESSIVE.YES.30</response>
      <response type='HUMBLE' mode='MAYBE' notalk='true' change='-20'>diplomacy.Ecalep.DIPLOMATIC_RELATIONS.AGGRESSIVE.MAYBE.31</response>
      <response type='HUMBLE' mode='MAYBE' notalk='true' change='-50'>diplomacy.Ecalep.DIPLOMATIC_RELATIONS.AGGRESSIVE.MAYBE.32</response>
      <response type='HUMBLE' mode='MAYBE' notalk='true' change='-70'>diplomacy.Ecalep.DIPLOMATIC_RELATIONS.AGGRESSIVE.MAYBE.33</response>
      <response type='HUMBLE' mode='NO' notalk='true' change='-100'>diplomacy.Ecalep.DIPLOMATIC_RELATIONS.AGGRESSIVE.NO.34</response>
      <response type='HUMBLE' mode='NO' notalk='true' change='-120'>diplomacy.Ecalep.DIPLOMATIC_RELATIONS.AGGRESSIVE.NO.35</response>
      <response type='HUMBLE' mode='NO' notalk='true' change='-160'>diplomacy.Ecalep.DIPLOMATIC_RELATIONS.AGGRESSIVE.NO.36</response>
    </negotiate>
    <negotiate type='MONEY'>
      <approach type='NEUTRAL'>diplomacy.Ecalep.MONEY.37</approach>
      <response type='NEUTRAL' mode='YES' change='300'>diplomacy.Ecalep.MONEY.YES.38</response>
      <response type='NEUTRAL' mode='YES' change='250'>diplomacy.Ecalep.MONEY.YES.39</response>
      <response type='NEUTRAL' mode='YES' change='200'>diplomacy.Ecalep.MONEY.YES.40</response>
      <response type='NEUTRAL' mode='NO' notalk='true' change='-50'>diplomacy.Ecalep.MONEY.NO.41</response>
      <response type='NEUTRAL' mode='NO' notalk='true' change='-80'>diplomacy.Ecalep.MONEY.NO.42</response>
      <response type='NEUTRAL' mode='NO' notalk='true' change='-120'>diplomacy.Ecalep.MONEY.NO.43</response>
    </negotiate>
    <negotiate type='TRADE'>
      <approach type='NEUTRAL'>diplomacy.Ecalep.TRADE.44</approach>
      <response type='NEUTRAL' mode='YES' change='180'>diplomacy.Ecalep.TRADE.YES.45</response>
      <response type='NEUTRAL' mode='YES' change='150'>diplomacy.Ecalep.TRADE.YES.46</response>
      <response type='NEUTRAL' mode='YES' change='140'>diplomacy.Ecalep.TRADE.YES.47</response>
      <response type='NEUTRAL' mode='NO' change='0'>diplomacy.Ecalep.TRADE.NO.48</response>
      <response type='NEUTRAL' mode='NO' change='-20'>diplomacy.Ecalep.TRADE.NO.49</response>
      <response type='NEUTRAL' mode='NO' change='-40'>diplomacy.Ecalep.TRADE.NO.50</response>
    </negotiate>
    <negotiate type='ALLY'>
      <approach type='NEUTRAL'>diplomacy.Ecalep.ALLY.51</approach>
      <response type='NEUTRAL' mode='YES' change='240'>diplomacy.Ecalep.ALLY.YES.52</response>
      <response type='NEUTRAL' mode='YES' change='200'>diplomacy.Ecalep.ALLY.YES.53</response>
      <response type='NEUTRAL' mode='YES' change='140'>diplomacy.Ecalep.ALLY.YES.54</response>
      <response type='NEUTRAL' mode='NO' change='-40'>diplomacy.Ecalep.ALLY.NO.55</response>
      <response type='NEUTRAL' mode='NO' change='-90'>diplomacy.Ecalep.ALLY.NO.56</response>
      <response type='NEUTRAL' mode='NO' change='-130'>diplomacy.Ecalep.ALLY.NO.57</response>
    </negotiate>
    <negotiate type='DARGSLAN'>
      <approach type='NEUTRAL'>diplomacy.Ecalep.DARGSLAN.58</approach>
      <response type='NEUTRAL' mode='YES' change='300'>diplomacy.Ecalep.DARGSLAN.YES.59</response>
      <response type='NEUTRAL' mode='YES' change='200'>diplomacy.Ecalep.DARGSLAN.YES.60</response>
      <response type='NEUTRAL' mode='YES' change='160'>diplomacy.Ecalep.DARGSLAN.YES.61</response>
      <response type='NEUTRAL' mode='NO' change='0'>diplomacy.Ecalep.DARGSLAN.NO.62</response>
      <response type='NEUTRAL' mode='NO' change='0'>diplomacy.Ecalep.DARGSLAN.NO.63</response>
      <response type='NEUTRAL' mode='NO' change='0'>diplomacy.Ecalep.DARGSLAN.NO.64</response>
    </negotiate>
    <negotiate type='SURRENDER'>
      <approach type='NEUTRAL'>diplomacy.Ecalep.SURRENDER.65</approach>
      <response type='NEUTRAL' mode='YES' notalk='true' change='0'>diplomacy.Ecalep.SURRENDER.YES.66</response>
      <response type='NEUTRAL' mode='YES' notalk='true' change='0'>diplomacy.Ecalep.SURRENDER.YES.67</response>
      <response type='NEUTRAL' mode='YES' notalk='true' change='0'>diplomacy.Ecalep.SURRENDER.YES.68</response>
      <response type='NEUTRAL' mode='NO' notalk='true' change='-170'>diplomacy.Ecalep.SURRENDER.NO.69</response>
      <response type='NEUTRAL' mode='NO' notalk='true' change='-200'>diplomacy.Ecalep.SURRENDER.NO.70</response>
      <response type='NEUTRAL' mode='NO' notalk='true' change='-260'>diplomacy.Ecalep.SURRENDER.NO.71</response>
    </negotiate>
    <terminate>diplomacy.Ecalep.terminate.72</terminate>
    <call type='SURRENDER'>
      <approach type='AGGRESSIVE'>diplomacy.Ecalep.SURRENDER.73</approach>
      <approach type='NEUTRAL'>diplomacy.Ecalep.SURRENDER.74</approach>
      <approach type='HUMBLE'>diplomacy.Ecalep.SURRENDER.75</approach>
    </call>
    <call type='ALLIANCE'>
      <approach type='AGGRESSIVE'>diplomacy.Ecalep.ALLIANCE.76</approach>
      <approach type='NEUTRAL'>diplomacy.Ecalep.ALLIANCE.77</approach>
      <approach type='HUMBLE'>diplomacy.Ecalep.ALLIANCE.78</approach>
    </call>
    <call type='PEACE'>
      <approach type='AGGRESSIVE'>diplomacy.Ecalep.PEACE.79</approach>
      <approach type='NEUTRAL'>diplomacy.Ecalep.PEACE.80</approach>
      <approach type='HUMBLE'>diplomacy.Ecalep.PEACE.81</approach>
    </call>
    <call type='MONEY'>
      <approach type='AGGRESSIVE'>diplomacy.Ecalep.MONEY.82</approach>
      <approach type='NEUTRAL'>diplomacy.Ecalep.MONEY.83</approach>
      <approach type='HUMBLE'>diplomacy.Ecalep.MONEY.84</approach>
    </call>
    <call type='WAR'>
      <approach type='AGGRESSIVE'>diplomacy.Ecalep.WAR.85</approach>
      <approach type='NEUTRAL'>diplomacy.Ecalep.WAR.86</approach>
      <approach type='HUMBLE'>diplomacy.Ecalep.WAR.87</approach>
    </call>
    <call type='RESIGN'>
      <approach type='AGGRESSIVE'>diplomacy.Ecalep.RESIGN.88</approach>
      <approach type='NEUTRAL'>diplomacy.Ecalep.RESIGN.89</approach>
      <approach type='HUMBLE'>diplomacy.Ecalep.RESIGN.90</approach>
    </call>
  </player>
  <player id='FreeTraders'>
    <negotiate type='DIPLOMATIC_RELATIONS'>
      <approach type='AGGRESSIVE'>diplomacy.FreeTraders.DIPLOMATIC_RELATIONS.AGGRESSIVE.1</approach>
      <approach type='AGGRESSIVE'>diplomacy.FreeTraders.DIPLOMATIC_RELATIONS.AGGRESSIVE.2</approach>
      <approach type='AGGRESSIVE'>diplomacy.FreeTraders.DIPLOMATIC_RELATIONS.AGGRESSIVE.3</approach>
      <approach type='NEUTRAL'>diplomacy.FreeTraders.DIPLOMATIC_RELATIONS.NEUTRAL.4</approach>
      <approach type='NEUTRAL'>diplomacy.FreeTraders.DIPLOMATIC_RELATIONS.NEUTRAL.5</approach>
      <approach type='NEUTRAL'>diplomacy.FreeTraders.DIPLOMATIC_RELATIONS.NEUTRAL.6</approach>
      <approach type='HUMBLE'>diplomacy.FreeTraders.DIPLOMATIC_RELATIONS.HUMBLE.7</approach>
      <approach type='HUMBLE'>diplomacy.FreeTraders.DIPLOMATIC_RELATIONS.HUMBLE.8</approach>
      <approach type='HUMBLE'>diplomacy.FreeTraders.DIPLOMATIC_RELATIONS.HUMBLE.9</approach>
      <response type='AGGRESSIVE' mode='YES' change='150'>diplomacy.FreeTraders.DIPLOMATIC_RELATIONS.AGGRESSIVE.YES.10</response>
      <response type='AGGRESSIVE' mode='YES' change='135'>diplomacy.FreeTraders.DIPLOMATIC_RELATIONS.AGGRESSIVE.YES.11</response>
      <response type='AGGRESSIVE' mode='YES' change='120'>diplomacy.FreeTraders.DIPLOMATIC_RELATIONS.AGGRESSIVE.YES.12</response>
      <response type='AGGRESSIVE' mode='MAYBE' change='-50'>diplomacy.FreeTraders.DIPLOMATIC_RELATIONS.AGGRESSIVE.MAYBE.13</response>
      <response type='AGGRESSIVE' mode='MAYBE' change='-50'>diplomacy.FreeTraders.DIPLOMATIC_RELATIONS.AGGRESSIVE.MAYBE.14</response>
      <response type='AGGRESSIVE' mode='MAYBE' change='-50'>diplomacy.FreeTraders.DIPLOMATIC_RELATIONS.AGGRESSIVE.MAYBE.15</response>
      <response type='AGGRESSIVE' mode='NO' notalk='true' change='-200'>diplomacy.FreeTraders.DIPLOMATIC_RELATIONS.AGGRESSIVE.NO.16</response>
      <response type='AGGRESSIVE' mode='NO' notalk='true' change='-200'>diplomacy.FreeTraders.DIPLOMATIC_RELATIONS.AGGRESSIVE.NO.17</response>
      <response type='AGGRESSIVE' mode='NO' notalk='true' change='-200'>diplomacy.FreeTraders.DIPLOMATIC_RELATIONS.AGGRESSIVE.NO.18</response>
      <response type='NEUTRAL' mode='YES' change='150'>diplomacy.FreeTraders.DIPLOMATIC_RELATIONS.NEUTRAL.YES.19</response>
      <response type='NEUTRAL' mode='YES' change='150'>diplomacy.FreeTraders.DIPLOMATIC_RELATIONS.NEUTRAL.YES.20</response>
      <response type='NEUTRAL' mode='YES' change='150'>diplomacy.FreeTraders.DIPLOMATIC_RELATIONS.NEUTRAL.YES.21</response>
      <response type='NEUTRAL' mode='MAYBE' change='0'>diplomacy.FreeTraders.DIPLOMATIC_RELATIONS.NEUTRAL.MAYBE.22</response>
      <response type='NEUTRAL' mode='MAYBE' change='0'>diplomacy.FreeTraders.DIPLOMATIC_RELATIONS.NEUTRAL.MAYBE.23</response>
      <response type='NEUTRAL' mode='MAYBE' change='0'>diplomacy.FreeTraders.DIPLOMATIC_RELATIONS.NEUTRAL.MAYBE.24</response>
      <response type='NEUTRAL' mode='NO' change='-100'>diplomacy.FreeTraders.DIPLOMATIC_RELATIONS.NEUTRAL.NO.25</response>
      <response type='NEUTRAL' mode='NO' change='-100'>diplomacy.FreeTraders.DIPLOMATIC_RELATIONS.NEUTRAL.NO.26</response>
      <response type='NEUTRAL' mode='NO' change='-100'>diplomacy.FreeTraders.DIPLOMATIC_RELATIONS.NEUTRAL.NO.27</response>
      <response type='HUMBLE' mode='YES' change='50'>diplomacy.FreeTraders.DIPLOMATIC_RELATIONS.AGGRESSIVE.YES.28</response>
      <response type='HUMBLE' mode='YES' change='50'>diplomacy.FreeTraders.DIPLOMATIC_RELATIONS.AGGRESSIVE.YES.29</response>
      <response type='HUMBLE' mode='YES' change='50'>diplomacy.FreeTraders.DIPLOMATIC_RELATIONS.AGGRESSIVE.YES.30</response>
      <response type='HUMBLE' mode='MAYBE' notalk='true' change='-50'>diplomacy.FreeTraders.DIPLOMATIC_RELATIONS.AGGRESSIVE.MAYBE.31</response>
      <response type='HUMBLE' mode='MAYBE' notalk='true' change='-50'>diplomacy.FreeTraders.DIPLOMATIC_RELATIONS.AGGRESSIVE.MAYBE.32</response>
      <response type='HUMBLE' mode='MAYBE' notalk='true' change='-50'>diplomacy.FreeTraders.DIPLOMATIC_RELATIONS.AGGRESSIVE.MAYBE.33</response>
      <response type='HUMBLE' mode='NO' notalk='true' change='-200'>diplomacy.FreeTraders.DIPLOMATIC_RELATIONS.AGGRESSIVE.NO.34</response>
      <response type='HUMBLE' mode='NO' notalk='true' change='-200'>diplomacy.FreeTraders.DIPLOMATIC_RELATIONS.AGGRESSIVE.NO.35</response>
      <response type='HUMBLE' mode='NO' notalk='true' change='-200'>diplomacy.FreeTraders.DIPLOMATIC_RELATIONS.AGGRESSIVE.NO.36</response>
    </negotiate>
    <negotiate type='MONEY'>
      <approach type='NEUTRAL'>diplomacy.FreeTraders.MONEY.37</approach>
      <response type='NEUTRAL' mode='YES' change='200'>diplomacy.FreeTraders.MONEY.YES.38</response>
      <response type='NEUTRAL' mode='YES' change='180'>diplomacy.FreeTraders.MONEY.YES.39</response>
      <response type='NEUTRAL' mode='YES' change='160'>diplomacy.FreeTraders.MONEY.YES.40</response>
      <response type='NEUTRAL' mode='NO' notalk='true' change='-50'>diplomacy.FreeTraders.MONEY.NO.41</response>
      <response type='NEUTRAL' mode='NO' notalk='true' change='-100'>diplomacy.FreeTraders.MONEY.NO.42</response>
      <response type='NEUTRAL' mode='NO' notalk='true' change='-120'>diplomacy.FreeTraders.MONEY.NO.43</response>
    </negotiate>
    <negotiate type='TRADE'>
      <approach type='NEUTRAL'>diplomacy.FreeTraders.TRADE.44</approach>
      <response type='NEUTRAL' mode='YES' change='250'>diplomacy.FreeTraders.TRADE.YES.45</response>
      <response type='NEUTRAL' mode='YES' change='250'>diplomacy.FreeTraders.TRADE.YES.46</response>
      <response type='NEUTRAL' mode='YES' change='250'>diplomacy.FreeTraders.TRADE.YES.47</response>
      <response type='NEUTRAL' mode='NO' change='0'>diplomacy.FreeTraders.TRADE.NO.48</response>
      <response type='NEUTRAL' mode='NO' change='-20'>diplomacy.FreeTraders.TRADE.NO.49</response>
      <response type='NEUTRAL' mode='NO' change='-20'>diplomacy.FreeTraders.TRADE.NO.50</response>
    </negotiate>
    <negotiate type='ALLY'>
      <approach type='NEUTRAL'>diplomacy.FreeTraders.ALLY.51</approach>
      <response type='NEUTRAL' mode='YES' change='300'>diplomacy.FreeTraders.ALLY.YES.52</response>
      <response type='NEUTRAL' mode='YES' change='280'>diplomacy.FreeTraders.ALLY.YES.53</response>
      <response type='NEUTRAL' mode='YES' change='260'>diplomacy.FreeTraders.ALLY.YES.54</response>
      <response type='NEUTRAL' mode='NO' change='-80'>diplomacy.FreeTraders.ALLY.NO.55</response>
      <response type='NEUTRAL' mode='NO' change='-100'>diplomacy.FreeTraders.ALLY.NO.56</response>
      <response type='NEUTRAL' mode='NO' change='-120'>diplomacy.FreeTraders.ALLY.NO.57</response>
    </negotiate>
    <negotiate type='DARGSLAN'>
      <approach type='NEUTRAL'>diplomacy.FreeTraders.DARGSLAN.58</approach>
      <response type='NEUTRAL' mode='YES' change='300'>diplomacy.FreeTraders.DARGSLAN.YES.59</response>
      <response type='NEUTRAL' mode='YES' change='280'>diplomacy.FreeTraders.DARGSLAN.YES.60</response>
      <response type='NEUTRAL' mode='YES' change='240'>diplomacy.FreeTraders.DARGSLAN.YES.61</response>
      <response type='NEUTRAL' mode='NO' change='0'>diplomacy.FreeTraders.DARGSLAN.NO.62</response>
      <response type='NEUTRAL' mode='NO' change='0'>diplomacy.FreeTraders.DARGSLAN.NO.63</response>
      <response type='NEUTRAL' mode='NO' change='0'>diplomacy.FreeTraders.DARGSLAN.NO.64</response>
    </negotiate>
    <negotiate type='SURRENDER'>
      <approach type='NEUTRAL'>diplomacy.FreeTraders.SURRENDER.65</approach>
      <response type='NEUTRAL' mode='YES' notalk='true' change='0'>diplomacy.FreeTraders.SURRENDER.YES.66</response>
      <response type='NEUTRAL' mode='YES' notalk='true' change='0'>diplomacy.FreeTraders.SURRENDER.YES.67</response>
      <response type='NEUTRAL' mode='YES' notalk='true' change='0'>diplomacy.FreeTraders.SURRENDER.YES.68</response>
      <response type='NEUTRAL' mode='NO' notalk='true' change='-250'>diplomacy.FreeTraders.SURRENDER.NO.69</response>
      <response type='NEUTRAL' mode='NO' notalk='true' change='-250'>diplomacy.FreeTraders.SURRENDER.NO.70</response>
      <response type='NEUTRAL' mode='NO' notalk='true' change='-250'>diplomacy.FreeTraders.SURRENDER.NO.71</response>
    </negotiate>
    <terminate>diplomacy.FreeTraders.terminate.72</terminate>
    <call type='SURRENDER'>
      <approach type='AGGRESSIVE'>diplomacy.FreeTraders.SURRENDER.73</approach>
      <approach type='NEUTRAL'>diplomacy.FreeTraders.SURRENDER.74</approach>
      <approach type='HUMBLE'>diplomacy.FreeTraders.SURRENDER.75</approach>
    </call>
    <call type='ALLIANCE'>
      <approach type='AGGRESSIVE'>diplomacy.FreeTraders.ALLIANCE.76</approach>
      <approach type='NEUTRAL'>diplomacy.FreeTraders.ALLIANCE.77</approach>
      <approach type='HUMBLE'>diplomacy.FreeTraders.ALLIANCE.78</approach>
    </call>
    <call type='PEACE'>
      <approach type='AGGRESSIVE'>diplomacy.FreeTraders.PEACE.79</approach>
      <approach type='NEUTRAL'>diplomacy.FreeTraders.PEACE.80</approach>
      <approach type='HUMBLE'>diplomacy.FreeTraders.PEACE.81</approach>
    </call>
    <call type='MONEY'>
      <approach type='AGGRESSIVE'>diplomacy.FreeTraders.MONEY.82</approach>
      <approach type='NEUTRAL'>diplomacy.FreeTraders.MONEY.83</approach>
      <approach type='HUMBLE'>diplomacy.FreeTraders.MONEY.84</approach>
    </call>
    <call type='WAR'>
      <approach type='AGGRESSIVE'>diplomacy.FreeTraders.WAR.85</approach>
      <approach type='NEUTRAL'>diplomacy.FreeTraders.WAR.86</approach>
      <approach type='HUMBLE'>diplomacy.FreeTraders.WAR.87</approach>
    </call>
    <call type='RESIGN'>
      <approach type='AGGRESSIVE'>diplomacy.FreeTraders.RESIGN.88</approach>
      <approach type='NEUTRAL'>diplomacy.FreeTraders.RESIGN.89</approach>
      <approach type='HUMBLE'>diplomacy.FreeTraders.RESIGN.90</approach>
    </call>
  </player>
  <player id='Garthog'>
    <negotiate type='DIPLOMATIC_RELATIONS'>
      <approach type='AGGRESSIVE'>diplomacy.Garthog.DIPLOMATIC_RELATIONS.AGGRESSIVE.1</approach>
      <approach type='AGGRESSIVE'>diplomacy.Garthog.DIPLOMATIC_RELATIONS.AGGRESSIVE.2</approach>
      <approach type='AGGRESSIVE'>diplomacy.Garthog.DIPLOMATIC_RELATIONS.AGGRESSIVE.3</approach>
      <approach type='NEUTRAL'>diplomacy.Garthog.DIPLOMATIC_RELATIONS.NEUTRAL.4</approach>
      <approach type='NEUTRAL'>diplomacy.Garthog.DIPLOMATIC_RELATIONS.NEUTRAL.5</approach>
      <approach type='NEUTRAL'>diplomacy.Garthog.DIPLOMATIC_RELATIONS.NEUTRAL.6</approach>
      <approach type='HUMBLE'>diplomacy.Garthog.DIPLOMATIC_RELATIONS.HUMBLE.7</approach>
      <approach type='HUMBLE'>diplomacy.Garthog.DIPLOMATIC_RELATIONS.HUMBLE.8</approach>
      <approach type='HUMBLE'>diplomacy.Garthog.DIPLOMATIC_RELATIONS.HUMBLE.9</approach>
      <response type='AGGRESSIVE' mode='YES' change='150'>diplomacy.Garthog.DIPLOMATIC_RELATIONS.AGGRESSIVE.10</response>
      <response type='AGGRESSIVE' mode='YES' change='120'>diplomacy.Garthog.DIPLOMATIC_RELATIONS.AGGRESSIVE.11</response>
      <response type='AGGRESSIVE' mode='YES' change='100'>diplomacy.Garthog.DIPLOMATIC_RELATIONS.AGGRESSIVE.12</response>
      <response type='AGGRESSIVE' mode='MAYBE' change='-80'>diplomacy.Garthog.DIPLOMATIC_RELATIONS.AGGRESSIVE.13</response>
      <response type='AGGRESSIVE' mode='MAYBE' change='-70'>diplomacy.Garthog.DIPLOMATIC_RELATIONS.AGGRESSIVE.14</response>
      <response type='AGGRESSIVE' mode='MAYBE' change='-50'>diplomacy.Garthog.DIPLOMATIC_RELATIONS.AGGRESSIVE.15</response>
      <response type='AGGRESSIVE' mode='NO' notalk='true' change='-150'>diplomacy.Garthog.DIPLOMATIC_RELATIONS.AGGRESSIVE.16</response>
      <response type='AGGRESSIVE' mode='NO' notalk='true' change='-250'>diplomacy.Garthog.DIPLOMATIC_RELATIONS.AGGRESSIVE.17</response>
      <response type='AGGRESSIVE' mode='NO' notalk='true' change='-270'>diplomacy.Garthog.DIPLOMATIC_RELATIONS.AGGRESSIVE.18</response>
      <response type='NEUTRAL' mode='YES' change='160'>diplomacy.Garthog.DIPLOMATIC_RELATIONS.NEUTRAL.19</response>
      <response type='NEUTRAL' mode='YES' change='150'>diplomacy.Garthog.DIPLOMATIC_RELATIONS.NEUTRAL.20</response>
      <response type='NEUTRAL' mode='YES' change='140'>diplomacy.Garthog.DIPLOMATIC_RELATIONS.NEUTRAL.21</response>
      <response type='NEUTRAL' mode='MAYBE' change='0'>diplomacy.Garthog.DIPLOMATIC_RELATIONS.NEUTRAL.22</response>
      <response type='NEUTRAL' mode='MAYBE' change='0'>diplomacy.Garthog.DIPLOMATIC_RELATIONS.NEUTRAL.23</response>
      <response type='NEUTRAL' mode='MAYBE' change='0'>diplomacy.Garthog.DIPLOMATIC_RELATIONS.NEUTRAL.24</response>
      <response type='NEUTRAL' mode='NO' change='-100'>diplomacy.Garthog.DIPLOMATIC_RELATIONS.NEUTRAL.25</response>
      <response type='NEUTRAL' mode='NO' change='-120'>diplomacy.Garthog.DIPLOMATIC_RELATIONS.NEUTRAL.26</response>
      <response type='NEUTRAL' mode='NO' change='-150'>diplomacy.Garthog.DIPLOMATIC_RELATIONS.NEUTRAL.27</response>
      <response type='HUMBLE' mode='YES' change='80'>diplomacy.Garthog.DIPLOMATIC_RELATIONS.HUMBLE.28</response>
      <response type='HUMBLE' mode='YES' change='60'>diplomacy.Garthog.DIPLOMATIC_RELATIONS.HUMBLE.29</response>
      <response type='HUMBLE' mode='YES' change='50'>diplomacy.Garthog.DIPLOMATIC_RELATIONS.HUMBLE.30</response>
      <response type='HUMBLE' mode='MAYBE' notalk='true' change='-50'>diplomacy.Garthog.DIPLOMATIC_RELATIONS.HUMBLE.31</response>
      <response type='HUMBLE' mode='MAYBE' notalk='true' change='-50'>diplomacy.Garthog.DIPLOMATIC_RELATIONS.HUMBLE.32</response>
      <response type='HUMBLE' mode='MAYBE' notalk='true' change='-50'>diplomacy.Garthog.DIPLOMATIC_RELATIONS.HUMBLE.33</response>
      <response type='HUMBLE' mode='NO' notalk='true' change='-200'>diplomacy.Garthog.DIPLOMATIC_RELATIONS.HUMBLE.34</response>
      <response type='HUMBLE' mode='NO' notalk='true' change='-200'>diplomacy.Garthog.DIPLOMATIC_RELATIONS.HUMBLE.35</response>
      <response type='HUMBLE' mode='NO' notalk='true' change='-200'>diplomacy.Garthog.DIPLOMATIC_RELATIONS.HUMBLE.36</response>
    </negotiate>
    <negotiate type='MONEY'>
      <approach type='NEUTRAL'>diplomacy.Garthog.MONEY.NEUTRAL.37</approach>
      <response type='NEUTRAL' mode='YES' change='120'>diplomacy.Garthog.MONEY.NEUTRAL.38</response>
      <response type='NEUTRAL' mode='YES' change='80'>diplomacy.Garthog.MONEY.NEUTRAL.39</response>
      <response type='NEUTRAL' mode='YES' change='60'>diplomacy.Garthog.MONEY.NEUTRAL.40</response>
      <response type='NEUTRAL' mode='NO' notalk='true' change='-50'>diplomacy.Garthog.MONEY.NEUTRAL.41</response>
      <response type='NEUTRAL' mode='NO' notalk='true' change='-100'>diplomacy.Garthog.MONEY.NEUTRAL.42</response>
      <response type='NEUTRAL' mode='NO' notalk='true' change='-150'>diplomacy.Garthog.MONEY.NEUTRAL.43</response>
    </negotiate>
    <negotiate type='TRADE'>
      <approach type='NEUTRAL'>diplomacy.Garthog.TRADE.NEUTRAL.44</approach>
      <response type='NEUTRAL' mode='YES' change='150'>diplomacy.Garthog.TRADE.NEUTRAL.45</response>
      <response type='NEUTRAL' mode='YES' change='130'>diplomacy.Garthog.TRADE.NEUTRAL.46</response>
      <response type='NEUTRAL' mode='YES' change='110'>diplomacy.Garthog.TRADE.NEUTRAL.47</response>
      <response type='NEUTRAL' mode='NO' change='0'>diplomacy.Garthog.TRADE.NEUTRAL.48</response>
      <response type='NEUTRAL' mode='NO' change='-20'>diplomacy.Garthog.TRADE.NEUTRAL.49</response>
      <response type='NEUTRAL' mode='NO' change='-20'>diplomacy.Garthog.TRADE.NEUTRAL.50</response>
    </negotiate>
    <negotiate type='ALLY'>
      <approach type='NEUTRAL'>diplomacy.Garthog.ALLY.NEUTRAL.51</approach>
      <response type='NEUTRAL' mode='YES' change='150'>diplomacy.Garthog.ALLY.NEUTRAL.52</response>
      <response type='NEUTRAL' mode='YES' change='120'>diplomacy.Garthog.ALLY.NEUTRAL.53</response>
      <response type='NEUTRAL' mode='YES' change='100'>diplomacy.Garthog.ALLY.NEUTRAL.54</response>
      <response type='NEUTRAL' mode='NO' change='-40'>diplomacy.Garthog.ALLY.NEUTRAL.55</response>
      <response type='NEUTRAL' mode='NO' change='-50'>diplomacy.Garthog.ALLY.NEUTRAL.56</response>
      <response type='NEUTRAL' mode='NO' change='-90'>diplomacy.Garthog.ALLY.NEUTRAL.57</response>
    </negotiate>
    <negotiate type='DARGSLAN'>
      <approach type='NEUTRAL'>diplomacy.Garthog.DARGSLAN.NEUTRAL.58</approach>
      <response type='NEUTRAL' mode='YES' change='200'>diplomacy.Garthog.DARGSLAN.NEUTRAL.59</response>
      <response type='NEUTRAL' mode='YES' change='180'>diplomacy.Garthog.DARGSLAN.NEUTRAL.60</response>
      <response type='NEUTRAL' mode='YES' change='160'>diplomacy.Garthog.DARGSLAN.NEUTRAL.61</response>
      <response type='NEUTRAL' mode='NO' change='0'>diplomacy.Garthog.DARGSLAN.NEUTRAL.62</response>
      <response type='NEUTRAL' mode='NO' change='0'>diplomacy.Garthog.DARGSLAN.NEUTRAL.63</response>
      <response type='NEUTRAL' mode='NO' change='0'>diplomacy.Garthog.DARGSLAN.NEUTRAL.64</response>
    </negotiate>
    <negotiate type='SURRENDER'>
      <approach type='NEUTRAL'>diplomacy.Garthog.SURRENDER.NEUTRAL.65</approach>
      <response type='NEUTRAL' mode='YES' notalk='true' change='0'>diplomacy.Garthog.SURRENDER.NEUTRAL.66</response>
      <response type='NEUTRAL' mode='YES' notalk='true' change='0'>diplomacy.Garthog.SURRENDER.NEUTRAL.67</response>
      <response type='NEUTRAL' mode='YES' notalk='true' change='0'>diplomacy.Garthog.SURRENDER.NEUTRAL.68</response>
      <response type='NEUTRAL' mode='NO' notalk='true' change='-200'>diplomacy.Garthog.SURRENDER.NEUTRAL.69</response>
      <response type='NEUTRAL' mode='NO' notalk='true' change='-200'>diplomacy.Garthog.SURRENDER.NEUTRAL.70</response>
      <response type='NEUTRAL' mode='NO' notalk='true' change='-200'>diplomacy.Garthog.SURRENDER.NEUTRAL.71</response>
    </negotiate>
    <terminate>diplomacy.Garthog.terminate.72</terminate>
    <call type='SURRENDER'>
      <approach type='AGGRESSIVE'>diplomacy.Garthog.SURRENDER.AGGRESSIVE.73</approach>
      <approach type='NEUTRAL'>diplomacy.Garthog.SURRENDER.NEUTRAL.74</approach>
      <approach type='HUMBLE'>diplomacy.Garthog.SURRENDER.HUMBLE.75</approach>
    </call>
    <call type='ALLIANCE'>
      <approach type='AGGRESSIVE'>diplomacy.Garthog.ALLIANCE.AGGRESSIVE.76</approach>
      <approach type='NEUTRAL'>diplomacy.Garthog.ALLIANCE.NEUTRAL.77</approach>
      <approach type='HUMBLE'>diplomacy.Garthog.ALLIANCE.HUMBLE.78</approach>
    </call>
    <call type='PEACE'>
      <approach type='AGGRESSIVE'>diplomacy.Garthog.PEACE.AGGRESSIVE.79</approach>
      <approach type='NEUTRAL'>diplomacy.Garthog.PEACE.NEUTRAL.80</approach>
      <approach type='HUMBLE'>diplomacy.Garthog.PEACE.HUMBLE.81</approach>
    </call>
    <call type='MONEY'>
      <approach type='AGGRESSIVE'>diplomacy.Garthog.MONEY.AGGRESSIVE.82</approach>
      <approach type='NEUTRAL'>diplomacy.Garthog.MONEY.NEUTRAL.83</approach>
      <approach type='HUMBLE'>diplomacy.Garthog.MONEY.HUMBLE.84</approach>
    </call>
    <call type='WAR'>
      <approach type='AGGRESSIVE'>diplomacy.Garthog.WAR.AGGRESSIVE.85</approach>
      <approach type='NEUTRAL'>diplomacy.Garthog.WAR.NEUTRAL.86</approach>
      <approach type='HUMBLE'>diplomacy.Garthog.WAR.HUMBLE.87</approach>
    </call>
    <call type='RESIGN'>
      <approach type='AGGRESSIVE'>diplomacy.Garthog.RESIGN.AGGRESSIVE.88</approach>
      <approach type='NEUTRAL'>diplomacy.Garthog.RESIGN.NEUTRAL.89</approach>
      <approach type='HUMBLE'>diplomacy.Garthog.RESIGN.HUMBLE.90</approach>
    </call>
  </player>
</diplomacy>
