<?xml version='1.0' encoding='UTF-8'?>
<map version='1.0'>
  <surface width='24' height='48'>
    <tile type='desert' id='21' x='-1' y='-1'/>
    <tile type='desert' id='25' x='-2' y='-2'/>
    <tile type='desert' id='34' x='-3' y='-3'/>
    <tile type='desert' id='26' x='-4' y='-4'/>
    <tile type='desert' id='32' x='-5' y='-5'/>
    <tile type='desert' id='25' x='-6' y='-6'/>
    <tile type='desert' id='31' x='-7' y='-7'/>
    <tile type='desert' id='33' x='-8' y='-8'/>
    <tile type='desert' id='31' x='-9' y='-9'/>
    <tile type='desert' id='25' x='-10' y='-10'/>
    <tile type='desert' id='23' x='-11' y='-11'/>
    <tile type='desert' id='25' x='-12' y='-12'/>
    <tile type='desert' id='27' x='-13' y='-13'/>
    <tile type='desert' id='24' x='-14' y='-14'/>
    <tile type='desert' id='33' x='-15' y='-15'/>
    <tile type='desert' id='25' x='-16' y='-16'/>
    <tile type='desert' id='28' x='-17' y='-17'/>
    <tile type='desert' id='23' x='-18' y='-18'/>
    <tile type='desert' id='34' x='-19' y='-19'/>
    <tile type='desert' id='25' x='-20' y='-20'/>
    <tile type='desert' id='32' x='-21' y='-21'/>
    <tile type='desert' id='35' x='-22' y='-22'/>
    <tile type='desert' id='28' x='-23' y='-23'/>
    <tile type='desert' id='34' x='-24' y='-24'/>
    <tile type='desert' id='33' x='-25' y='-25'/>
    <tile type='desert' id='21' x='-26' y='-26'/>
    <tile type='desert' id='23' x='-27' y='-27'/>
    <tile type='desert' id='23' x='-28' y='-28'/>
    <tile type='desert' id='28' x='-29' y='-29'/>
    <tile type='desert' id='21' x='-30' y='-30'/>
    <tile type='desert' id='29' x='-31' y='-31'/>
    <tile type='desert' id='21' x='-32' y='-32'/>
    <tile type='desert' id='32' x='-33' y='-33'/>
    <tile type='desert' id='30' x='-34' y='-34'/>
    <tile type='desert' id='32' x='-35' y='-35'/>
    <tile type='desert' id='31' x='-36' y='-36'/>
    <tile type='desert' id='29' x='-37' y='-37'/>
    <tile type='desert' id='24' x='-38' y='-38'/>
    <tile type='desert' id='31' x='-39' y='-39'/>
    <tile type='desert' id='29' x='-40' y='-40'/>
    <tile type='desert' id='35' x='-41' y='-41'/>
    <tile type='desert' id='30' x='-42' y='-42'/>
    <tile type='desert' id='35' x='-43' y='-43'/>
    <tile type='desert' id='24' x='-44' y='-44'/>
    <tile type='desert' id='31' x='-45' y='-45'/>
    <tile type='desert' id='25' x='-46' y='-46'/>
    <tile type='desert' id='22' x='-47' y='-47'/>
    <tile type='desert' id='32' x='0' y='-1'/>
    <tile type='desert' id='28' x='-1' y='-2'/>
    <tile type='desert' id='34' x='-2' y='-3'/>
    <tile type='desert' id='28' x='-3' y='-4'/>
    <tile type='desert' id='29' x='-4' y='-5'/>
    <tile type='desert' id='35' x='-5' y='-6'/>
    <tile type='desert' id='28' x='-6' y='-7'/>
    <tile type='desert' id='26' x='-7' y='-8'/>
    <tile type='desert' id='21' x='-8' y='-9'/>
    <tile type='desert' id='28' x='-9' y='-10'/>
    <tile type='desert' id='35' x='-10' y='-11'/>
    <tile type='desert' id='32' x='-11' y='-12'/>
    <tile type='desert' id='32' x='-12' y='-13'/>
    <tile type='desert' id='23' x='-13' y='-14'/>
    <tile type='desert' id='28' x='-14' y='-15'/>
    <tile type='desert' id='28' x='-15' y='-16'/>
    <tile type='desert' id='28' x='-16' y='-17'/>
    <tile type='desert' id='29' x='-17' y='-18'/>
    <tile type='desert' id='28' x='-18' y='-19'/>
    <tile type='desert' id='28' x='-19' y='-20'/>
    <tile type='desert' id='25' x='-20' y='-21'/>
    <tile type='desert' id='22' x='-21' y='-22'/>
    <tile type='desert' id='30' x='-22' y='-23'/>
    <tile type='desert' id='25' x='-23' y='-24'/>
    <tile type='desert' id='34' x='-24' y='-25'/>
    <tile type='desert' id='23' x='-25' y='-26'/>
    <tile type='desert' id='25' x='-26' y='-27'/>
    <tile type='desert' id='29' x='-27' y='-28'/>
    <tile type='desert' id='35' x='-28' y='-29'/>
    <tile type='desert' id='23' x='-29' y='-30'/>
    <tile type='desert' id='23' x='-30' y='-31'/>
    <tile type='desert' id='25' x='-31' y='-32'/>
    <tile type='desert' id='23' x='-32' y='-33'/>
    <tile type='desert' id='29' x='-33' y='-34'/>
    <tile type='desert' id='28' x='-34' y='-35'/>
    <tile type='desert' id='25' x='-35' y='-36'/>
    <tile type='desert' id='23' x='-36' y='-37'/>
    <tile type='desert' id='30' x='-37' y='-38'/>
    <tile type='desert' id='28' x='-38' y='-39'/>
    <tile type='desert' id='32' x='-39' y='-40'/>
    <tile type='desert' id='22' x='-40' y='-41'/>
    <tile type='desert' id='22' x='-41' y='-42'/>
    <tile type='desert' id='21' x='-42' y='-43'/>
    <tile type='desert' id='22' x='-43' y='-44'/>
    <tile type='desert' id='32' x='-44' y='-45'/>
    <tile type='desert' id='33' x='-45' y='-46'/>
    <tile type='desert' id='26' x='-46' y='-47'/>
    <tile type='desert' id='30' x='0' y='-2'/>
    <tile type='desert' id='27' x='-1' y='-3'/>
    <tile type='desert' id='32' x='-2' y='-4'/>
    <tile type='desert' id='40' x='-3' y='-5'/>
    <tile type='desert' id='26' x='-4' y='-6'/>
    <tile type='desert' id='27' x='-5' y='-7'/>
    <tile type='desert' id='27' x='-6' y='-8'/>
    <tile type='desert' id='45' x='-7' y='-9'/>
    <tile type='desert' id='22' x='-8' y='-10'/>
    <tile type='desert' id='22' x='-9' y='-11'/>
    <tile type='desert' id='48' x='-10' y='-12'/>
    <tile type='desert' id='23' x='-11' y='-13'/>
    <tile type='desert' id='66' x='-12' y='-14'/>
    <tile type='desert' id='24' x='-13' y='-15'/>
    <tile type='desert' id='53' x='-14' y='-16'/>
    <tile type='desert' id='24' x='-15' y='-17'/>
    <tile type='desert' id='40' x='-16' y='-18'/>
    <tile type='desert' id='28' x='-17' y='-19'/>
    <tile type='desert' id='25' x='-18' y='-20'/>
    <tile type='desert' id='28' x='-19' y='-21'/>
    <tile type='desert' id='40' x='-20' y='-22'/>
    <tile type='desert' id='28' x='-21' y='-23'/>
    <tile type='desert' id='28' x='-22' y='-24'/>
    <tile type='desert' id='25' x='-23' y='-25'/>
    <tile type='desert' id='28' x='-24' y='-26'/>
    <tile type='desert' id='25' x='-25' y='-27'/>
    <tile type='desert' id='28' x='-26' y='-28'/>
    <tile type='desert' id='32' x='-27' y='-29'/>
    <tile type='desert' id='29' x='-28' y='-30'/>
    <tile type='desert' id='24' x='-29' y='-31'/>
    <tile type='desert' id='27' x='-30' y='-32'/>
    <tile type='desert' id='29' x='-31' y='-33'/>
    <tile type='desert' id='29' x='-32' y='-34'/>
    <tile type='desert' id='28' x='-33' y='-35'/>
    <tile type='desert' id='24' x='-34' y='-36'/>
    <tile type='desert' id='22' x='-35' y='-37'/>
    <tile type='desert' id='28' x='-36' y='-38'/>
    <tile type='desert' id='27' x='-37' y='-39'/>
    <tile type='desert' id='22' x='-38' y='-40'/>
    <tile type='desert' id='21' x='-39' y='-41'/>
    <tile type='desert' id='29' x='-40' y='-42'/>
    <tile type='desert' id='31' x='-41' y='-43'/>
    <tile type='desert' id='22' x='-42' y='-44'/>
    <tile type='desert' id='34' x='-43' y='-45'/>
    <tile type='desert' id='33' x='-44' y='-46'/>
    <tile type='desert' id='31' x='-45' y='-47'/>
    <tile type='desert' id='34' x='-46' y='-48'/>
    <tile type='desert' id='25' x='1' y='-2'/>
    <tile type='desert' id='31' x='0' y='-3'/>
    <tile type='desert' id='32' x='-1' y='-4'/>
    <tile type='desert' id='28' x='-2' y='-5'/>
    <tile type='desert' id='28' x='-3' y='-6'/>
    <tile type='desert' id='23' x='-4' y='-7'/>
    <tile type='desert' id='53' x='-5' y='-8'/>
    <tile type='desert' id='35' x='-6' y='-9'/>
    <tile type='desert' id='26' x='-7' y='-10'/>
    <tile type='desert' id='28' x='-8' y='-11'/>
    <tile type='desert' id='66' x='-9' y='-12'/>
    <tile type='desert' id='48' x='-10' y='-13'/>
    <tile type='desert' id='28' x='-13' y='-16'/>
    <tile type='desert' id='29' x='-14' y='-17'/>
    <tile type='desert' id='28' x='-15' y='-18'/>
    <tile type='desert' id='28' x='-16' y='-19'/>
    <tile type='desert' id='28' x='-17' y='-20'/>
    <tile type='desert' id='45' x='-18' y='-21'/>
    <tile type='desert' id='28' x='-19' y='-22'/>
    <tile type='desert' id='28' x='-20' y='-23'/>
    <tile type='desert' id='28' x='-21' y='-24'/>
    <tile type='desert' id='25' x='-22' y='-25'/>
    <tile type='desert' id='27' x='-23' y='-26'/>
    <tile type='desert' id='28' x='-24' y='-27'/>
    <tile type='desert' id='28' x='-25' y='-28'/>
    <tile type='desert' id='28' x='-26' y='-29'/>
    <tile type='desert' id='28' x='-27' y='-30'/>
    <tile type='desert' id='22' x='-28' y='-31'/>
    <tile type='desert' id='28' x='-29' y='-32'/>
    <tile type='desert' id='28' x='-30' y='-33'/>
    <tile type='desert' id='23' x='-31' y='-34'/>
    <tile type='desert' id='28' x='-32' y='-35'/>
    <tile type='desert' id='28' x='-33' y='-36'/>
    <tile type='desert' id='22' x='-34' y='-37'/>
    <tile type='desert' id='28' x='-35' y='-38'/>
    <tile type='desert' id='28' x='-36' y='-39'/>
    <tile type='desert' id='24' x='-37' y='-40'/>
    <tile type='desert' id='28' x='-38' y='-41'/>
    <tile type='desert' id='29' x='-39' y='-42'/>
    <tile type='desert' id='22' x='-40' y='-43'/>
    <tile type='desert' id='30' x='-41' y='-44'/>
    <tile type='desert' id='34' x='-42' y='-45'/>
    <tile type='desert' id='29' x='-43' y='-46'/>
    <tile type='desert' id='25' x='-44' y='-47'/>
    <tile type='desert' id='27' x='-45' y='-48'/>
    <tile type='desert' id='24' x='1' y='-3'/>
    <tile type='desert' id='23' x='0' y='-4'/>
    <tile type='desert' id='27' x='-1' y='-5'/>
    <tile type='desert' id='35' x='-2' y='-6'/>
    <tile type='desert' id='28' x='-3' y='-7'/>
    <tile type='desert' id='27' x='-4' y='-8'/>
    <tile type='desert' id='29' x='-5' y='-9'/>
    <tile type='desert' id='40' x='-6' y='-10'/>
    <tile type='desert' id='32' x='-7' y='-11'/>
    <tile type='desert' id='67' x='-10' y='-14'/>
    <tile type='desert' id='27' x='-12' y='-16'/>
    <tile type='desert' id='35' x='-13' y='-17'/>
    <tile type='desert' id='23' x='-14' y='-18'/>
    <tile type='desert' id='21' x='-15' y='-19'/>
    <tile type='desert' id='74' x='-16' y='-20'/>
    <tile type='desert' id='28' x='-17' y='-21'/>
    <tile type='desert' id='26' x='-18' y='-22'/>
    <tile type='desert' id='26' x='-19' y='-23'/>
    <tile type='desert' id='28' x='-20' y='-24'/>
    <tile type='desert' id='22' x='-21' y='-25'/>
    <tile type='desert' id='27' x='-22' y='-26'/>
    <tile type='desert' id='28' x='-23' y='-27'/>
    <tile type='desert' id='27' x='-24' y='-28'/>
    <tile type='desert' id='26' x='-25' y='-29'/>
    <tile type='desert' id='25' x='-26' y='-30'/>
    <tile type='desert' id='29' x='-27' y='-31'/>
    <tile type='desert' id='24' x='-28' y='-32'/>
    <tile type='desert' id='26' x='-29' y='-33'/>
    <tile type='desert' id='29' x='-30' y='-34'/>
    <tile type='desert' id='28' x='-31' y='-35'/>
    <tile type='desert' id='28' x='-32' y='-36'/>
    <tile type='desert' id='28' x='-33' y='-37'/>
    <tile type='desert' id='28' x='-34' y='-38'/>
    <tile type='desert' id='29' x='-35' y='-39'/>
    <tile type='desert' id='28' x='-36' y='-40'/>
    <tile type='desert' id='26' x='-37' y='-41'/>
    <tile type='desert' id='28' x='-38' y='-42'/>
    <tile type='desert' id='28' x='-39' y='-43'/>
    <tile type='desert' id='32' x='-40' y='-44'/>
    <tile type='desert' id='27' x='-41' y='-45'/>
    <tile type='desert' id='24' x='-42' y='-46'/>
    <tile type='desert' id='31' x='-43' y='-47'/>
    <tile type='desert' id='33' x='-44' y='-48'/>
    <tile type='desert' id='32' x='-45' y='-49'/>
    <tile type='desert' id='34' x='2' y='-3'/>
    <tile type='desert' id='23' x='1' y='-4'/>
    <tile type='desert' id='32' x='0' y='-5'/>
    <tile type='desert' id='25' x='-1' y='-6'/>
    <tile type='desert' id='40' x='-2' y='-7'/>
    <tile type='desert' id='27' x='-3' y='-8'/>
    <tile type='desert' id='27' x='-4' y='-9'/>
    <tile type='desert' id='35' x='-5' y='-10'/>
    <tile type='desert' id='23' x='-6' y='-11'/>
    <tile type='desert' id='66' x='-7' y='-12'/>
    <tile type='desert' id='48' x='-11' y='-16'/>
    <tile type='desert' id='24' x='-12' y='-17'/>
    <tile type='desert' id='35' x='-13' y='-18'/>
    <tile type='desert' id='25' x='-14' y='-19'/>
    <tile type='desert' id='28' x='-17' y='-22'/>
    <tile type='desert' id='45' x='-18' y='-23'/>
    <tile type='desert' id='28' x='-19' y='-24'/>
    <tile type='desert' id='45' x='-20' y='-25'/>
    <tile type='desert' id='28' x='-21' y='-26'/>
    <tile type='desert' id='21' x='-22' y='-27'/>
    <tile type='desert' id='28' x='-23' y='-28'/>
    <tile type='desert' id='26' x='-24' y='-29'/>
    <tile type='desert' id='28' x='-25' y='-30'/>
    <tile type='desert' id='26' x='-26' y='-31'/>
    <tile type='desert' id='29' x='-27' y='-32'/>
    <tile type='desert' id='24' x='-28' y='-33'/>
    <tile type='desert' id='23' x='-29' y='-34'/>
    <tile type='desert' id='25' x='-30' y='-35'/>
    <tile type='desert' id='28' x='-31' y='-36'/>
    <tile type='desert' id='24' x='-32' y='-37'/>
    <tile type='desert' id='25' x='-33' y='-38'/>
    <tile type='desert' id='32' x='-34' y='-39'/>
    <tile type='desert' id='28' x='-35' y='-40'/>
    <tile type='desert' id='29' x='-36' y='-41'/>
    <tile type='desert' id='28' x='-37' y='-42'/>
    <tile type='desert' id='28' x='-38' y='-43'/>
    <tile type='desert' id='28' x='-39' y='-44'/>
    <tile type='desert' id='34' x='-40' y='-45'/>
    <tile type='desert' id='31' x='-41' y='-46'/>
    <tile type='desert' id='21' x='-42' y='-47'/>
    <tile type='desert' id='23' x='-43' y='-48'/>
    <tile type='desert' id='23' x='-44' y='-49'/>
    <tile type='desert' id='27' x='2' y='-4'/>
    <tile type='desert' id='27' x='1' y='-5'/>
    <tile type='desert' id='53' x='0' y='-6'/>
    <tile type='desert' id='21' x='-1' y='-7'/>
    <tile type='desert' id='28' x='-2' y='-8'/>
    <tile type='desert' id='32' x='-3' y='-9'/>
    <tile type='desert' id='29' x='-4' y='-10'/>
    <tile type='desert' id='24' x='-5' y='-11'/>
    <tile type='desert' id='68' x='-8' y='-14'/>
    <tile type='desert' id='68' x='-10' y='-16'/>
    <tile type='desert' id='48' x='-11' y='-17'/>
    <tile type='desert' id='32' x='-12' y='-18'/>
    <tile type='desert' id='28' x='-13' y='-19'/>
    <tile type='desert' id='35' x='-17' y='-23'/>
    <tile type='desert' id='23' x='-18' y='-24'/>
    <tile type='desert' id='28' x='-19' y='-25'/>
    <tile type='desert' id='21' x='-20' y='-26'/>
    <tile type='desert' id='22' x='-21' y='-27'/>
    <tile type='desert' id='28' x='-22' y='-28'/>
    <tile type='desert' id='28' x='-23' y='-29'/>
    <tile type='desert' id='22' x='-24' y='-30'/>
    <tile type='desert' id='28' x='-25' y='-31'/>
    <tile type='desert' id='32' x='-26' y='-32'/>
    <tile type='desert' id='35' x='-27' y='-33'/>
    <tile type='desert' id='28' x='-28' y='-34'/>
    <tile type='desert' id='21' x='-29' y='-35'/>
    <tile type='desert' id='29' x='-30' y='-36'/>
    <tile type='desert' id='28' x='-31' y='-37'/>
    <tile type='desert' id='28' x='-32' y='-38'/>
    <tile type='desert' id='28' x='-33' y='-39'/>
    <tile type='desert' id='28' x='-34' y='-40'/>
    <tile type='desert' id='28' x='-35' y='-41'/>
    <tile type='desert' id='28' x='-36' y='-42'/>
    <tile type='desert' id='24' x='-37' y='-43'/>
    <tile type='desert' id='28' x='-38' y='-44'/>
    <tile type='desert' id='35' x='-39' y='-45'/>
    <tile type='desert' id='31' x='-40' y='-46'/>
    <tile type='desert' id='32' x='-41' y='-47'/>
    <tile type='desert' id='21' x='-42' y='-48'/>
    <tile type='desert' id='26' x='-43' y='-49'/>
    <tile type='desert' id='25' x='-44' y='-50'/>
    <tile type='desert' id='22' x='3' y='-4'/>
    <tile type='desert' id='32' x='2' y='-5'/>
    <tile type='desert' id='24' x='1' y='-6'/>
    <tile type='desert' id='28' x='0' y='-7'/>
    <tile type='desert' id='28' x='-1' y='-8'/>
    <tile type='desert' id='21' x='-2' y='-9'/>
    <tile type='desert' id='34' x='-3' y='-10'/>
    <tile type='desert' id='62' x='-4' y='-11'/>
    <tile type='desert' id='28' x='-5' y='-12'/>
    <tile type='desert' id='27' x='-11' y='-18'/>
    <tile type='desert' id='32' x='-12' y='-19'/>
    <tile type='desert' id='26' x='-13' y='-20'/>
    <tile type='desert' id='35' x='-16' y='-23'/>
    <tile type='desert' id='28' x='-17' y='-24'/>
    <tile type='desert' id='28' x='-18' y='-25'/>
    <tile type='desert' id='26' x='-19' y='-26'/>
    <tile type='desert' id='28' x='-20' y='-27'/>
    <tile type='desert' id='28' x='-21' y='-28'/>
    <tile type='desert' id='28' x='-22' y='-29'/>
    <tile type='desert' id='28' x='-23' y='-30'/>
    <tile type='desert' id='25' x='-24' y='-31'/>
    <tile type='desert' id='28' x='-25' y='-32'/>
    <tile type='desert' id='28' x='-26' y='-33'/>
    <tile type='desert' id='35' x='-27' y='-34'/>
    <tile type='desert' id='24' x='-28' y='-35'/>
    <tile type='desert' id='23' x='-29' y='-36'/>
    <tile type='desert' id='27' x='-30' y='-37'/>
    <tile type='desert' id='25' x='-31' y='-38'/>
    <tile type='desert' id='32' x='-32' y='-39'/>
    <tile type='desert' id='28' x='-33' y='-40'/>
    <tile type='desert' id='28' x='-34' y='-41'/>
    <tile type='desert' id='28' x='-35' y='-42'/>
    <tile type='desert' id='27' x='-36' y='-43'/>
    <tile type='desert' id='23' x='-37' y='-44'/>
    <tile type='desert' id='28' x='-38' y='-45'/>
    <tile type='desert' id='22' x='-39' y='-46'/>
    <tile type='desert' id='35' x='-40' y='-47'/>
    <tile type='desert' id='32' x='-41' y='-48'/>
    <tile type='desert' id='34' x='-42' y='-49'/>
    <tile type='desert' id='27' x='-43' y='-50'/>
    <tile type='desert' id='21' x='3' y='-5'/>
    <tile type='desert' id='24' x='2' y='-6'/>
    <tile type='desert' id='29' x='1' y='-7'/>
    <tile type='desert' id='28' x='0' y='-8'/>
    <tile type='desert' id='54' x='-1' y='-9'/>
    <tile type='desert' id='28' x='-2' y='-10'/>
    <tile type='desert' id='35' x='-5' y='-13'/>
    <tile type='desert' id='35' x='-6' y='-14'/>
    <tile type='desert' id='66' x='-8' y='-16'/>
    <tile type='desert' id='48' x='-10' y='-18'/>
    <tile type='desert' id='28' x='-11' y='-19'/>
    <tile type='desert' id='29' x='-12' y='-20'/>
    <tile type='desert' id='34' x='-13' y='-21'/>
    <tile type='desert' id='28' x='-15' y='-23'/>
    <tile type='desert' id='28' x='-16' y='-24'/>
    <tile type='desert' id='45' x='-17' y='-25'/>
    <tile type='desert' id='28' x='-18' y='-26'/>
    <tile type='desert' id='28' x='-19' y='-27'/>
    <tile type='desert' id='28' x='-20' y='-28'/>
    <tile type='desert' id='22' x='-21' y='-29'/>
    <tile type='desert' id='28' x='-22' y='-30'/>
    <tile type='desert' id='28' x='-23' y='-31'/>
    <tile type='desert' id='28' x='-24' y='-32'/>
    <tile type='desert' id='28' x='-25' y='-33'/>
    <tile type='desert' id='27' x='-26' y='-34'/>
    <tile type='desert' id='28' x='-27' y='-35'/>
    <tile type='desert' id='24' x='-28' y='-36'/>
    <tile type='desert' id='32' x='-29' y='-37'/>
    <tile type='desert' id='25' x='-30' y='-38'/>
    <tile type='desert' id='21' x='-31' y='-39'/>
    <tile type='desert' id='28' x='-32' y='-40'/>
    <tile type='desert' id='25' x='-33' y='-41'/>
    <tile type='desert' id='21' x='-34' y='-42'/>
    <tile type='desert' id='27' x='-35' y='-43'/>
    <tile type='desert' id='24' x='-36' y='-44'/>
    <tile type='desert' id='22' x='-37' y='-45'/>
    <tile type='desert' id='30' x='-38' y='-46'/>
    <tile type='desert' id='33' x='-39' y='-47'/>
    <tile type='desert' id='26' x='-40' y='-48'/>
    <tile type='desert' id='25' x='-41' y='-49'/>
    <tile type='desert' id='28' x='-42' y='-50'/>
    <tile type='desert' id='34' x='-43' y='-51'/>
    <tile type='desert' id='31' x='4' y='-5'/>
    <tile type='desert' id='27' x='3' y='-6'/>
    <tile type='desert' id='22' x='2' y='-7'/>
    <tile type='desert' id='28' x='1' y='-8'/>
    <tile type='desert' id='29' x='0' y='-9'/>
    <tile type='desert' id='21' x='-1' y='-10'/>
    <tile type='desert' id='26' x='-2' y='-11'/>
    <tile type='desert' id='33' x='-4' y='-13'/>
    <tile type='desert' id='29' x='-5' y='-14'/>
    <tile type='desert' id='28' x='-6' y='-15'/>
    <tile type='desert' id='40' x='-9' y='-18'/>
    <tile type='desert' id='35' x='-10' y='-19'/>
    <tile type='desert' id='40' x='-11' y='-20'/>
    <tile type='desert' id='28' x='-12' y='-21'/>
    <tile type='desert' id='22' x='-13' y='-22'/>
    <tile type='desert' id='26' x='-14' y='-23'/>
    <tile type='desert' id='29' x='-15' y='-24'/>
    <tile type='desert' id='28' x='-16' y='-25'/>
    <tile type='desert' id='28' x='-17' y='-26'/>
    <tile type='desert' id='24' x='-18' y='-27'/>
    <tile type='desert' id='28' x='-19' y='-28'/>
    <tile type='desert' id='28' x='-20' y='-29'/>
    <tile type='desert' id='28' x='-21' y='-30'/>
    <tile type='desert' id='28' x='-22' y='-31'/>
    <tile type='desert' id='35' x='-23' y='-32'/>
    <tile type='desert' id='21' x='-24' y='-33'/>
    <tile type='desert' id='25' x='-25' y='-34'/>
    <tile type='desert' id='28' x='-26' y='-35'/>
    <tile type='desert' id='24' x='-27' y='-36'/>
    <tile type='desert' id='28' x='-28' y='-37'/>
    <tile type='desert' id='28' x='-29' y='-38'/>
    <tile type='desert' id='25' x='-30' y='-39'/>
    <tile type='desert' id='27' x='-31' y='-40'/>
    <tile type='desert' id='29' x='-32' y='-41'/>
    <tile type='desert' id='23' x='-33' y='-42'/>
    <tile type='desert' id='35' x='-34' y='-43'/>
    <tile type='desert' id='28' x='-35' y='-44'/>
    <tile type='desert' id='23' x='-36' y='-45'/>
    <tile type='desert' id='25' x='-37' y='-46'/>
    <tile type='desert' id='30' x='-38' y='-47'/>
    <tile type='desert' id='33' x='-39' y='-48'/>
    <tile type='desert' id='28' x='-40' y='-49'/>
    <tile type='desert' id='23' x='-41' y='-50'/>
    <tile type='desert' id='27' x='-42' y='-51'/>
    <tile type='desert' id='23' x='4' y='-6'/>
    <tile type='desert' id='25' x='3' y='-7'/>
    <tile type='desert' id='40' x='2' y='-8'/>
    <tile type='desert' id='28' x='1' y='-9'/>
    <tile type='desert' id='25' x='0' y='-10'/>
    <tile type='desert' id='23' x='-1' y='-11'/>
    <tile type='desert' id='45' x='-2' y='-12'/>
    <tile type='desert' id='48' x='-3' y='-13'/>
    <tile type='desert' id='29' x='-4' y='-14'/>
    <tile type='desert' id='40' x='-5' y='-15'/>
    <tile type='desert' id='40' x='-6' y='-16'/>
    <tile type='desert' id='40' x='-8' y='-18'/>
    <tile type='desert' id='40' x='-9' y='-19'/>
    <tile type='desert' id='26' x='-10' y='-20'/>
    <tile type='desert' id='45' x='-11' y='-21'/>
    <tile type='desert' id='33' x='-12' y='-22'/>
    <tile type='desert' id='28' x='-13' y='-23'/>
    <tile type='desert' id='29' x='-14' y='-24'/>
    <tile type='desert' id='53' x='-15' y='-25'/>
    <tile type='desert' id='28' x='-16' y='-26'/>
    <tile type='desert' id='28' x='-17' y='-27'/>
    <tile type='desert' id='35' x='-18' y='-28'/>
    <tile type='desert' id='28' x='-19' y='-29'/>
    <tile type='desert' id='35' x='-20' y='-30'/>
    <tile type='desert' id='28' x='-21' y='-31'/>
    <tile type='desert' id='28' x='-22' y='-32'/>
    <tile type='desert' id='23' x='-23' y='-33'/>
    <tile type='desert' id='26' x='-24' y='-34'/>
    <tile type='desert' id='28' x='-25' y='-35'/>
    <tile type='desert' id='28' x='-26' y='-36'/>
    <tile type='desert' id='28' x='-27' y='-37'/>
    <tile type='desert' id='24' x='-28' y='-38'/>
    <tile type='desert' id='25' x='-29' y='-39'/>
    <tile type='desert' id='29' x='-30' y='-40'/>
    <tile type='desert' id='22' x='-31' y='-41'/>
    <tile type='desert' id='26' x='-32' y='-42'/>
    <tile type='desert' id='26' x='-33' y='-43'/>
    <tile type='desert' id='27' x='-34' y='-44'/>
    <tile type='desert' id='29' x='-35' y='-45'/>
    <tile type='desert' id='34' x='-36' y='-46'/>
    <tile type='desert' id='31' x='-37' y='-47'/>
    <tile type='desert' id='32' x='-38' y='-48'/>
    <tile type='desert' id='35' x='-39' y='-49'/>
    <tile type='desert' id='26' x='-40' y='-50'/>
    <tile type='desert' id='22' x='-41' y='-51'/>
    <tile type='desert' id='27' x='-42' y='-52'/>
    <tile type='desert' id='25' x='5' y='-6'/>
    <tile type='desert' id='34' x='4' y='-7'/>
    <tile type='desert' id='24' x='3' y='-8'/>
    <tile type='desert' id='28' x='2' y='-9'/>
    <tile type='desert' id='32' x='1' y='-10'/>
    <tile type='desert' id='54' x='0' y='-11'/>
    <tile type='desert' id='28' x='-1' y='-12'/>
    <tile type='desert' id='48' x='-2' y='-13'/>
    <tile type='desert' id='24' x='-3' y='-14'/>
    <tile type='desert' id='45' x='-4' y='-15'/>
    <tile type='desert' id='45' x='-5' y='-16'/>
    <tile type='desert' id='53' x='-6' y='-17'/>
    <tile type='desert' id='40' x='-7' y='-18'/>
    <tile type='desert' id='45' x='-8' y='-19'/>
    <tile type='desert' id='29' x='-9' y='-20'/>
    <tile type='desert' id='62' x='-10' y='-21'/>
    <tile type='desert' id='28' x='-11' y='-22'/>
    <tile type='desert' id='25' x='-12' y='-23'/>
    <tile type='desert' id='28' x='-13' y='-24'/>
    <tile type='desert' id='29' x='-14' y='-25'/>
    <tile type='desert' id='28' x='-15' y='-26'/>
    <tile type='desert' id='28' x='-16' y='-27'/>
    <tile type='desert' id='28' x='-17' y='-28'/>
    <tile type='desert' id='28' x='-18' y='-29'/>
    <tile type='desert' id='25' x='-19' y='-30'/>
    <tile type='desert' id='28' x='-20' y='-31'/>
    <tile type='desert' id='28' x='-21' y='-32'/>
    <tile type='desert' id='24' x='-22' y='-33'/>
    <tile type='desert' id='24' x='-23' y='-34'/>
    <tile type='desert' id='22' x='-24' y='-35'/>
    <tile type='desert' id='27' x='-25' y='-36'/>
    <tile type='desert' id='21' x='-26' y='-37'/>
    <tile type='desert' id='35' x='-27' y='-38'/>
    <tile type='desert' id='26' x='-28' y='-39'/>
    <tile type='desert' id='25' x='-29' y='-40'/>
    <tile type='desert' id='28' x='-30' y='-41'/>
    <tile type='desert' id='33' x='-31' y='-42'/>
    <tile type='desert' id='26' x='-32' y='-43'/>
    <tile type='desert' id='28' x='-33' y='-44'/>
    <tile type='desert' id='25' x='-34' y='-45'/>
    <tile type='desert' id='33' x='-35' y='-46'/>
    <tile type='desert' id='23' x='-36' y='-47'/>
    <tile type='desert' id='26' x='-37' y='-48'/>
    <tile type='desert' id='27' x='-38' y='-49'/>
    <tile type='desert' id='22' x='-39' y='-50'/>
    <tile type='desert' id='35' x='-40' y='-51'/>
    <tile type='desert' id='21' x='-41' y='-52'/>
    <tile type='desert' id='23' x='5' y='-7'/>
    <tile type='desert' id='22' x='4' y='-8'/>
    <tile type='desert' id='28' x='3' y='-9'/>
    <tile type='desert' id='28' x='2' y='-10'/>
    <tile type='desert' id='22' x='1' y='-11'/>
    <tile type='desert' id='29' x='0' y='-12'/>
    <tile type='desert' id='22' x='-1' y='-13'/>
    <tile type='desert' id='74' x='-2' y='-14'/>
    <tile type='desert' id='48' x='-3' y='-15'/>
    <tile type='desert' id='53' x='-4' y='-16'/>
    <tile type='desert' id='54' x='-5' y='-17'/>
    <tile type='desert' id='53' x='-6' y='-18'/>
    <tile type='desert' id='40' x='-7' y='-19'/>
    <tile type='desert' id='22' x='-8' y='-20'/>
    <tile type='desert' id='28' x='-11' y='-23'/>
    <tile type='desert' id='53' x='-12' y='-24'/>
    <tile type='desert' id='27' x='-13' y='-25'/>
    <tile type='desert' id='28' x='-14' y='-26'/>
    <tile type='desert' id='25' x='-15' y='-27'/>
    <tile type='desert' id='40' x='-16' y='-28'/>
    <tile type='desert' id='28' x='-17' y='-29'/>
    <tile type='desert' id='23' x='-18' y='-30'/>
    <tile type='desert' id='27' x='-19' y='-31'/>
    <tile type='desert' id='25' x='-20' y='-32'/>
    <tile type='desert' id='26' x='-21' y='-33'/>
    <tile type='desert' id='24' x='-22' y='-34'/>
    <tile type='desert' id='24' x='-23' y='-35'/>
    <tile type='desert' id='28' x='-24' y='-36'/>
    <tile type='desert' id='23' x='-25' y='-37'/>
    <tile type='desert' id='25' x='-26' y='-38'/>
    <tile type='desert' id='27' x='-27' y='-39'/>
    <tile type='desert' id='28' x='-28' y='-40'/>
    <tile type='desert' id='26' x='-29' y='-41'/>
    <tile type='desert' id='28' x='-30' y='-42'/>
    <tile type='desert' id='21' x='-31' y='-43'/>
    <tile type='desert' id='23' x='-32' y='-44'/>
    <tile type='desert' id='35' x='-33' y='-45'/>
    <tile type='desert' id='29' x='-34' y='-46'/>
    <tile type='desert' id='27' x='-35' y='-47'/>
    <tile type='desert' id='34' x='-36' y='-48'/>
    <tile type='desert' id='33' x='-37' y='-49'/>
    <tile type='desert' id='29' x='-38' y='-50'/>
    <tile type='desert' id='27' x='-39' y='-51'/>
    <tile type='desert' id='25' x='-40' y='-52'/>
    <tile type='desert' id='33' x='-41' y='-53'/>
    <tile type='desert' id='29' x='6' y='-7'/>
    <tile type='desert' id='25' x='5' y='-8'/>
    <tile type='desert' id='28' x='4' y='-9'/>
    <tile type='desert' id='45' x='3' y='-10'/>
    <tile type='desert' id='26' x='2' y='-11'/>
    <tile type='desert' id='21' x='1' y='-12'/>
    <tile type='desert' id='21' x='0' y='-13'/>
    <tile type='desert' id='35' x='-3' y='-16'/>
    <tile type='desert' id='40' x='-4' y='-17'/>
    <tile type='desert' id='53' x='-5' y='-18'/>
    <tile type='desert' id='54' x='-6' y='-19'/>
    <tile type='desert' id='40' x='-7' y='-20'/>
    <tile type='desert' id='30' x='-8' y='-21'/>
    <tile type='desert' id='28' x='-10' y='-23'/>
    <tile type='desert' id='28' x='-11' y='-24'/>
    <tile type='desert' id='28' x='-12' y='-25'/>
    <tile type='desert' id='33' x='-13' y='-26'/>
    <tile type='desert' id='28' x='-14' y='-27'/>
    <tile type='desert' id='28' x='-15' y='-28'/>
    <tile type='desert' id='27' x='-16' y='-29'/>
    <tile type='desert' id='28' x='-17' y='-30'/>
    <tile type='desert' id='28' x='-18' y='-31'/>
    <tile type='desert' id='29' x='-19' y='-32'/>
    <tile type='desert' id='24' x='-20' y='-33'/>
    <tile type='desert' id='24' x='-21' y='-34'/>
    <tile type='desert' id='24' x='-22' y='-35'/>
    <tile type='desert' id='26' x='-23' y='-36'/>
    <tile type='desert' id='29' x='-24' y='-37'/>
    <tile type='desert' id='32' x='-25' y='-38'/>
    <tile type='desert' id='25' x='-26' y='-39'/>
    <tile type='desert' id='23' x='-27' y='-40'/>
    <tile type='desert' id='28' x='-28' y='-41'/>
    <tile type='desert' id='27' x='-29' y='-42'/>
    <tile type='desert' id='25' x='-30' y='-43'/>
    <tile type='desert' id='29' x='-31' y='-44'/>
    <tile type='desert' id='29' x='-32' y='-45'/>
    <tile type='desert' id='28' x='-33' y='-46'/>
    <tile type='desert' id='24' x='-34' y='-47'/>
    <tile type='desert' id='34' x='-35' y='-48'/>
    <tile type='desert' id='29' x='-36' y='-49'/>
    <tile type='desert' id='30' x='-37' y='-50'/>
    <tile type='desert' id='33' x='-38' y='-51'/>
    <tile type='desert' id='27' x='-39' y='-52'/>
    <tile type='desert' id='21' x='-40' y='-53'/>
    <tile type='desert' id='35' x='6' y='-8'/>
    <tile type='desert' id='21' x='5' y='-9'/>
    <tile type='desert' id='54' x='4' y='-10'/>
    <tile type='desert' id='28' x='3' y='-11'/>
    <tile type='desert' id='28' x='2' y='-12'/>
    <tile type='desert' id='30' x='1' y='-13'/>
    <tile type='desert' id='40' x='-3' y='-17'/>
    <tile type='desert' id='40' x='-4' y='-18'/>
    <tile type='desert' id='40' x='-5' y='-19'/>
    <tile type='desert' id='28' x='-6' y='-20'/>
    <tile type='desert' id='28' x='-7' y='-21'/>
    <tile type='desert' id='54' x='-8' y='-22'/>
    <tile type='desert' id='21' x='-9' y='-23'/>
    <tile type='desert' id='28' x='-10' y='-24'/>
    <tile type='desert' id='28' x='-11' y='-25'/>
    <tile type='desert' id='45' x='-12' y='-26'/>
    <tile type='desert' id='28' x='-13' y='-27'/>
    <tile type='desert' id='40' x='-14' y='-28'/>
    <tile type='desert' id='32' x='-15' y='-29'/>
    <tile type='desert' id='28' x='-16' y='-30'/>
    <tile type='desert' id='28' x='-17' y='-31'/>
    <tile type='desert' id='32' x='-18' y='-32'/>
    <tile type='desert' id='35' x='-19' y='-33'/>
    <tile type='desert' id='25' x='-20' y='-34'/>
    <tile type='desert' id='23' x='-21' y='-35'/>
    <tile type='desert' id='23' x='-22' y='-36'/>
    <tile type='desert' id='24' x='-23' y='-37'/>
    <tile type='desert' id='22' x='-24' y='-38'/>
    <tile type='desert' id='26' x='-25' y='-39'/>
    <tile type='desert' id='23' x='-26' y='-40'/>
    <tile type='desert' id='27' x='-27' y='-41'/>
    <tile type='desert' id='28' x='-28' y='-42'/>
    <tile type='desert' id='25' x='-29' y='-43'/>
    <tile type='desert' id='28' x='-30' y='-44'/>
    <tile type='desert' id='25' x='-31' y='-45'/>
    <tile type='desert' id='25' x='-32' y='-46'/>
    <tile type='desert' id='22' x='-33' y='-47'/>
    <tile type='desert' id='25' x='-34' y='-48'/>
    <tile type='desert' id='33' x='-35' y='-49'/>
    <tile type='desert' id='24' x='-36' y='-50'/>
    <tile type='desert' id='26' x='-37' y='-51'/>
    <tile type='desert' id='29' x='-38' y='-52'/>
    <tile type='desert' id='21' x='-39' y='-53'/>
    <tile type='desert' id='24' x='-40' y='-54'/>
    <tile type='desert' id='26' x='7' y='-8'/>
    <tile type='desert' id='22' x='6' y='-9'/>
    <tile type='desert' id='32' x='5' y='-10'/>
    <tile type='desert' id='27' x='4' y='-11'/>
    <tile type='desert' id='62' x='3' y='-12'/>
    <tile type='desert' id='27' x='2' y='-13'/>
    <tile type='desert' id='28' x='1' y='-14'/>
    <tile type='desert' id='45' x='-2' y='-17'/>
    <tile type='desert' id='62' x='-3' y='-18'/>
    <tile type='desert' id='26' x='-4' y='-19'/>
    <tile type='desert' id='23' x='-5' y='-20'/>
    <tile type='desert' id='32' x='-6' y='-21'/>
    <tile type='desert' id='34' x='-7' y='-22'/>
    <tile type='desert' id='23' x='-8' y='-23'/>
    <tile type='desert' id='45' x='-9' y='-24'/>
    <tile type='desert' id='27' x='-10' y='-25'/>
    <tile type='desert' id='28' x='-11' y='-26'/>
    <tile type='desert' id='21' x='-12' y='-27'/>
    <tile type='desert' id='28' x='-13' y='-28'/>
    <tile type='desert' id='28' x='-14' y='-29'/>
    <tile type='desert' id='27' x='-15' y='-30'/>
    <tile type='desert' id='24' x='-16' y='-31'/>
    <tile type='desert' id='29' x='-17' y='-32'/>
    <tile type='desert' id='28' x='-18' y='-33'/>
    <tile type='desert' id='22' x='-19' y='-34'/>
    <tile type='desert' id='28' x='-20' y='-35'/>
    <tile type='desert' id='29' x='-21' y='-36'/>
    <tile type='desert' id='24' x='-22' y='-37'/>
    <tile type='desert' id='21' x='-23' y='-38'/>
    <tile type='desert' id='24' x='-24' y='-39'/>
    <tile type='desert' id='25' x='-25' y='-40'/>
    <tile type='desert' id='28' x='-26' y='-41'/>
    <tile type='desert' id='26' x='-27' y='-42'/>
    <tile type='desert' id='28' x='-28' y='-43'/>
    <tile type='desert' id='28' x='-29' y='-44'/>
    <tile type='desert' id='28' x='-30' y='-45'/>
    <tile type='desert' id='28' x='-31' y='-46'/>
    <tile type='desert' id='24' x='-32' y='-47'/>
    <tile type='desert' id='28' x='-33' y='-48'/>
    <tile type='desert' id='32' x='-34' y='-49'/>
    <tile type='desert' id='32' x='-35' y='-50'/>
    <tile type='desert' id='27' x='-36' y='-51'/>
    <tile type='desert' id='26' x='-37' y='-52'/>
    <tile type='desert' id='23' x='-38' y='-53'/>
    <tile type='desert' id='34' x='-39' y='-54'/>
    <tile type='desert' id='28' x='7' y='-9'/>
    <tile type='desert' id='23' x='6' y='-10'/>
    <tile type='desert' id='27' x='5' y='-11'/>
    <tile type='desert' id='21' x='2' y='-14'/>
    <tile type='desert' id='27' x='1' y='-15'/>
    <tile type='desert' id='45' x='-1' y='-17'/>
    <tile type='desert' id='26' x='-4' y='-20'/>
    <tile type='desert' id='21' x='-5' y='-21'/>
    <tile type='desert' id='32' x='-6' y='-22'/>
    <tile type='desert' id='21' x='-7' y='-23'/>
    <tile type='desert' id='28' x='-8' y='-24'/>
    <tile type='desert' id='32' x='-9' y='-25'/>
    <tile type='desert' id='28' x='-10' y='-26'/>
    <tile type='desert' id='28' x='-11' y='-27'/>
    <tile type='desert' id='22' x='-12' y='-28'/>
    <tile type='desert' id='28' x='-13' y='-29'/>
    <tile type='desert' id='35' x='-14' y='-30'/>
    <tile type='desert' id='28' x='-15' y='-31'/>
    <tile type='desert' id='28' x='-16' y='-32'/>
    <tile type='desert' id='28' x='-17' y='-33'/>
    <tile type='desert' id='28' x='-18' y='-34'/>
    <tile type='desert' id='35' x='-19' y='-35'/>
    <tile type='desert' id='27' x='-20' y='-36'/>
    <tile type='desert' id='28' x='-21' y='-37'/>
    <tile type='desert' id='28' x='-22' y='-38'/>
    <tile type='desert' id='22' x='-23' y='-39'/>
    <tile type='desert' id='25' x='-24' y='-40'/>
    <tile type='desert' id='28' x='-25' y='-41'/>
    <tile type='desert' id='28' x='-26' y='-42'/>
    <tile type='desert' id='28' x='-27' y='-43'/>
    <tile type='desert' id='32' x='-28' y='-44'/>
    <tile type='desert' id='25' x='-29' y='-45'/>
    <tile type='desert' id='28' x='-30' y='-46'/>
    <tile type='desert' id='28' x='-31' y='-47'/>
    <tile type='desert' id='25' x='-32' y='-48'/>
    <tile type='desert' id='24' x='-33' y='-49'/>
    <tile type='desert' id='22' x='-34' y='-50'/>
    <tile type='desert' id='26' x='-35' y='-51'/>
    <tile type='desert' id='21' x='-36' y='-52'/>
    <tile type='desert' id='25' x='-37' y='-53'/>
    <tile type='desert' id='34' x='-38' y='-54'/>
    <tile type='desert' id='23' x='-39' y='-55'/>
    <tile type='desert' id='22' x='8' y='-9'/>
    <tile type='desert' id='34' x='7' y='-10'/>
    <tile type='desert' id='26' x='6' y='-11'/>
    <tile type='desert' id='23' x='5' y='-12'/>
    <tile type='desert' id='29' x='3' y='-14'/>
    <tile type='desert' id='27' x='2' y='-15'/>
    <tile type='desert' id='27' x='1' y='-16'/>
    <tile type='desert' id='53' x='0' y='-17'/>
    <tile type='desert' id='22' x='-1' y='-18'/>
    <tile type='desert' id='29' x='-3' y='-20'/>
    <tile type='desert' id='53' x='-4' y='-21'/>
    <tile type='desert' id='28' x='-5' y='-22'/>
    <tile type='desert' id='25' x='-6' y='-23'/>
    <tile type='desert' id='28' x='-7' y='-24'/>
    <tile type='desert' id='28' x='-8' y='-25'/>
    <tile type='desert' id='28' x='-9' y='-26'/>
    <tile type='desert' id='32' x='-10' y='-27'/>
    <tile type='desert' id='28' x='-11' y='-28'/>
    <tile type='desert' id='23' x='-12' y='-29'/>
    <tile type='desert' id='28' x='-13' y='-30'/>
    <tile type='desert' id='25' x='-14' y='-31'/>
    <tile type='desert' id='28' x='-15' y='-32'/>
    <tile type='desert' id='27' x='-16' y='-33'/>
    <tile type='desert' id='28' x='-17' y='-34'/>
    <tile type='desert' id='24' x='-18' y='-35'/>
    <tile type='desert' id='21' x='-19' y='-36'/>
    <tile type='desert' id='28' x='-20' y='-37'/>
    <tile type='desert' id='28' x='-21' y='-38'/>
    <tile type='desert' id='21' x='-22' y='-39'/>
    <tile type='desert' id='23' x='-23' y='-40'/>
    <tile type='desert' id='28' x='-24' y='-41'/>
    <tile type='desert' id='28' x='-25' y='-42'/>
    <tile type='desert' id='28' x='-26' y='-43'/>
    <tile type='desert' id='29' x='-27' y='-44'/>
    <tile type='desert' id='29' x='-28' y='-45'/>
    <tile type='desert' id='27' x='-29' y='-46'/>
    <tile type='desert' id='28' x='-30' y='-47'/>
    <tile type='desert' id='23' x='-31' y='-48'/>
    <tile type='desert' id='24' x='-32' y='-49'/>
    <tile type='desert' id='24' x='-33' y='-50'/>
    <tile type='desert' id='23' x='-34' y='-51'/>
    <tile type='desert' id='34' x='-35' y='-52'/>
    <tile type='desert' id='34' x='-36' y='-53'/>
    <tile type='desert' id='22' x='-37' y='-54'/>
    <tile type='desert' id='24' x='-38' y='-55'/>
    <tile type='desert' id='34' x='8' y='-10'/>
    <tile type='desert' id='28' x='7' y='-11'/>
    <tile type='desert' id='48' x='6' y='-12'/>
    <tile type='desert' id='53' x='5' y='-13'/>
    <tile type='desert' id='27' x='4' y='-14'/>
    <tile type='desert' id='22' x='3' y='-15'/>
    <tile type='desert' id='35' x='2' y='-16'/>
    <tile type='desert' id='28' x='1' y='-17'/>
    <tile type='desert' id='24' x='0' y='-18'/>
    <tile type='desert' id='22' x='-1' y='-19'/>
    <tile type='desert' id='22' x='-2' y='-20'/>
    <tile type='desert' id='21' x='-3' y='-21'/>
    <tile type='desert' id='28' x='-4' y='-22'/>
    <tile type='desert' id='45' x='-5' y='-23'/>
    <tile type='desert' id='35' x='-6' y='-24'/>
    <tile type='desert' id='21' x='-7' y='-25'/>
    <tile type='desert' id='28' x='-8' y='-26'/>
    <tile type='desert' id='29' x='-9' y='-27'/>
    <tile type='desert' id='28' x='-10' y='-28'/>
    <tile type='desert' id='28' x='-11' y='-29'/>
    <tile type='desert' id='28' x='-12' y='-30'/>
    <tile type='desert' id='22' x='-13' y='-31'/>
    <tile type='desert' id='28' x='-14' y='-32'/>
    <tile type='desert' id='28' x='-15' y='-33'/>
    <tile type='desert' id='28' x='-16' y='-34'/>
    <tile type='desert' id='25' x='-17' y='-35'/>
    <tile type='desert' id='27' x='-18' y='-36'/>
    <tile type='desert' id='24' x='-19' y='-37'/>
    <tile type='desert' id='28' x='-20' y='-38'/>
    <tile type='desert' id='21' x='-21' y='-39'/>
    <tile type='desert' id='22' x='-22' y='-40'/>
    <tile type='desert' id='32' x='-23' y='-41'/>
    <tile type='desert' id='23' x='-24' y='-42'/>
    <tile type='desert' id='28' x='-25' y='-43'/>
    <tile type='desert' id='24' x='-26' y='-44'/>
    <tile type='desert' id='29' x='-27' y='-45'/>
    <tile type='desert' id='28' x='-28' y='-46'/>
    <tile type='desert' id='28' x='-29' y='-47'/>
    <tile type='desert' id='28' x='-30' y='-48'/>
    <tile type='desert' id='35' x='-31' y='-49'/>
    <tile type='desert' id='24' x='-32' y='-50'/>
    <tile type='desert' id='24' x='-33' y='-51'/>
    <tile type='desert' id='21' x='-34' y='-52'/>
    <tile type='desert' id='24' x='-35' y='-53'/>
    <tile type='desert' id='23' x='-36' y='-54'/>
    <tile type='desert' id='35' x='-37' y='-55'/>
    <tile type='desert' id='35' x='-38' y='-56'/>
    <tile type='desert' id='33' x='9' y='-10'/>
    <tile type='desert' id='23' x='8' y='-11'/>
    <tile type='desert' id='45' x='7' y='-12'/>
    <tile type='desert' id='25' x='6' y='-13'/>
    <tile type='desert' id='27' x='5' y='-14'/>
    <tile type='desert' id='23' x='4' y='-15'/>
    <tile type='desert' id='28' x='3' y='-16'/>
    <tile type='desert' id='28' x='2' y='-17'/>
    <tile type='desert' id='32' x='1' y='-18'/>
    <tile type='desert' id='32' x='0' y='-19'/>
    <tile type='desert' id='26' x='-1' y='-20'/>
    <tile type='desert' id='45' x='-2' y='-21'/>
    <tile type='desert' id='21' x='-3' y='-22'/>
    <tile type='desert' id='25' x='-4' y='-23'/>
    <tile type='desert' id='28' x='-5' y='-24'/>
    <tile type='desert' id='26' x='-6' y='-25'/>
    <tile type='desert' id='27' x='-7' y='-26'/>
    <tile type='desert' id='62' x='-8' y='-27'/>
    <tile type='desert' id='22' x='-9' y='-28'/>
    <tile type='desert' id='28' x='-10' y='-29'/>
    <tile type='desert' id='28' x='-11' y='-30'/>
    <tile type='desert' id='28' x='-12' y='-31'/>
    <tile type='desert' id='22' x='-13' y='-32'/>
    <tile type='desert' id='28' x='-14' y='-33'/>
    <tile type='desert' id='28' x='-15' y='-34'/>
    <tile type='desert' id='28' x='-16' y='-35'/>
    <tile type='desert' id='24' x='-17' y='-36'/>
    <tile type='desert' id='35' x='-18' y='-37'/>
    <tile type='desert' id='26' x='-19' y='-38'/>
    <tile type='desert' id='28' x='-20' y='-39'/>
    <tile type='desert' id='32' x='-21' y='-40'/>
    <tile type='desert' id='35' x='-22' y='-41'/>
    <tile type='desert' id='22' x='-23' y='-42'/>
    <tile type='desert' id='28' x='-24' y='-43'/>
    <tile type='desert' id='28' x='-25' y='-44'/>
    <tile type='desert' id='24' x='-26' y='-45'/>
    <tile type='desert' id='24' x='-27' y='-46'/>
    <tile type='desert' id='28' x='-28' y='-47'/>
    <tile type='desert' id='28' x='-29' y='-48'/>
    <tile type='desert' id='24' x='-30' y='-49'/>
    <tile type='desert' id='21' x='-31' y='-50'/>
    <tile type='desert' id='30' x='-32' y='-51'/>
    <tile type='desert' id='35' x='-33' y='-52'/>
    <tile type='desert' id='31' x='-34' y='-53'/>
    <tile type='desert' id='31' x='-35' y='-54'/>
    <tile type='desert' id='29' x='-36' y='-55'/>
    <tile type='desert' id='26' x='-37' y='-56'/>
    <tile type='desert' id='31' x='9' y='-11'/>
    <tile type='desert' id='27' x='8' y='-12'/>
    <tile type='desert' id='23' x='7' y='-13'/>
    <tile type='desert' id='25' x='6' y='-14'/>
    <tile type='desert' id='27' x='5' y='-15'/>
    <tile type='desert' id='35' x='4' y='-16'/>
    <tile type='desert' id='45' x='3' y='-17'/>
    <tile type='desert' id='32' x='2' y='-18'/>
    <tile type='desert' id='45' x='1' y='-19'/>
    <tile type='desert' id='28' x='0' y='-20'/>
    <tile type='desert' id='26' x='-1' y='-21'/>
    <tile type='desert' id='40' x='-2' y='-22'/>
    <tile type='desert' id='26' x='-3' y='-23'/>
    <tile type='desert' id='22' x='-4' y='-24'/>
    <tile type='desert' id='25' x='-5' y='-25'/>
    <tile type='desert' id='29' x='-6' y='-26'/>
    <tile type='desert' id='28' x='-9' y='-29'/>
    <tile type='desert' id='28' x='-10' y='-30'/>
    <tile type='desert' id='28' x='-11' y='-31'/>
    <tile type='desert' id='25' x='-12' y='-32'/>
    <tile type='desert' id='29' x='-13' y='-33'/>
    <tile type='desert' id='28' x='-14' y='-34'/>
    <tile type='desert' id='28' x='-15' y='-35'/>
    <tile type='desert' id='28' x='-16' y='-36'/>
    <tile type='desert' id='28' x='-17' y='-37'/>
    <tile type='desert' id='25' x='-18' y='-38'/>
    <tile type='desert' id='29' x='-19' y='-39'/>
    <tile type='desert' id='29' x='-20' y='-40'/>
    <tile type='desert' id='27' x='-21' y='-41'/>
    <tile type='desert' id='22' x='-22' y='-42'/>
    <tile type='desert' id='28' x='-23' y='-43'/>
    <tile type='desert' id='32' x='-24' y='-44'/>
    <tile type='desert' id='24' x='-25' y='-45'/>
    <tile type='desert' id='24' x='-26' y='-46'/>
    <tile type='desert' id='28' x='-27' y='-47'/>
    <tile type='desert' id='28' x='-28' y='-48'/>
    <tile type='desert' id='32' x='-29' y='-49'/>
    <tile type='desert' id='33' x='-30' y='-50'/>
    <tile type='desert' id='27' x='-31' y='-51'/>
    <tile type='desert' id='21' x='-32' y='-52'/>
    <tile type='desert' id='34' x='-33' y='-53'/>
    <tile type='desert' id='29' x='-34' y='-54'/>
    <tile type='desert' id='28' x='-35' y='-55'/>
    <tile type='desert' id='27' x='-36' y='-56'/>
    <tile type='desert' id='29' x='-37' y='-57'/>
    <tile type='desert' id='33' x='10' y='-11'/>
    <tile type='desert' id='22' x='9' y='-12'/>
    <tile type='desert' id='35' x='8' y='-13'/>
    <tile type='desert' id='67' x='7' y='-14'/>
    <tile type='desert' id='40' x='6' y='-15'/>
    <tile type='desert' id='21' x='5' y='-16'/>
    <tile type='desert' id='54' x='4' y='-17'/>
    <tile type='desert' id='28' x='3' y='-18'/>
    <tile type='desert' id='28' x='2' y='-19'/>
    <tile type='desert' id='40' x='1' y='-20'/>
    <tile type='desert' id='35' x='0' y='-21'/>
    <tile type='desert' id='24' x='-1' y='-22'/>
    <tile type='desert' id='28' x='-2' y='-23'/>
    <tile type='desert' id='40' x='-3' y='-24'/>
    <tile type='desert' id='45' x='-4' y='-25'/>
    <tile type='desert' id='22' x='-5' y='-26'/>
    <tile type='desert' id='35' x='-6' y='-27'/>
    <tile type='desert' id='35' x='-8' y='-29'/>
    <tile type='desert' id='21' x='-9' y='-30'/>
    <tile type='desert' id='28' x='-10' y='-31'/>
    <tile type='desert' id='28' x='-11' y='-32'/>
    <tile type='desert' id='24' x='-12' y='-33'/>
    <tile type='desert' id='28' x='-13' y='-34'/>
    <tile type='desert' id='28' x='-14' y='-35'/>
    <tile type='desert' id='26' x='-15' y='-36'/>
    <tile type='desert' id='33' x='-16' y='-37'/>
    <tile type='desert' id='24' x='-17' y='-38'/>
    <tile type='desert' id='24' x='-18' y='-39'/>
    <tile type='desert' id='26' x='-19' y='-40'/>
    <tile type='desert' id='32' x='-20' y='-41'/>
    <tile type='desert' id='24' x='-21' y='-42'/>
    <tile type='desert' id='35' x='-22' y='-43'/>
    <tile type='desert' id='26' x='-23' y='-44'/>
    <tile type='desert' id='28' x='-24' y='-45'/>
    <tile type='desert' id='25' x='-25' y='-46'/>
    <tile type='desert' id='26' x='-26' y='-47'/>
    <tile type='desert' id='35' x='-27' y='-48'/>
    <tile type='desert' id='28' x='-28' y='-49'/>
    <tile type='desert' id='25' x='-29' y='-50'/>
    <tile type='desert' id='27' x='-30' y='-51'/>
    <tile type='desert' id='25' x='-31' y='-52'/>
    <tile type='desert' id='31' x='-32' y='-53'/>
    <tile type='desert' id='34' x='-33' y='-54'/>
    <tile type='desert' id='29' x='-34' y='-55'/>
    <tile type='desert' id='33' x='-35' y='-56'/>
    <tile type='desert' id='21' x='-36' y='-57'/>
    <tile type='desert' id='24' x='10' y='-12'/>
    <tile type='desert' id='28' x='9' y='-13'/>
    <tile type='desert' id='32' x='6' y='-16'/>
    <tile type='desert' id='32' x='5' y='-17'/>
    <tile type='desert' id='28' x='4' y='-18'/>
    <tile type='desert' id='29' x='3' y='-19'/>
    <tile type='desert' id='27' x='2' y='-20'/>
    <tile type='desert' id='25' x='1' y='-21'/>
    <tile type='desert' id='25' x='0' y='-22'/>
    <tile type='desert' id='28' x='-1' y='-23'/>
    <tile type='desert' id='28' x='-2' y='-24'/>
    <tile type='desert' id='45' x='-3' y='-25'/>
    <tile type='desert' id='21' x='-4' y='-26'/>
    <tile type='desert' id='28' x='-5' y='-27'/>
    <tile type='desert' id='40' x='-6' y='-28'/>
    <tile type='desert' id='24' x='-7' y='-29'/>
    <tile type='desert' id='24' x='-8' y='-30'/>
    <tile type='desert' id='28' x='-9' y='-31'/>
    <tile type='desert' id='24' x='-10' y='-32'/>
    <tile type='desert' id='28' x='-11' y='-33'/>
    <tile type='desert' id='28' x='-12' y='-34'/>
    <tile type='desert' id='28' x='-13' y='-35'/>
    <tile type='desert' id='28' x='-14' y='-36'/>
    <tile type='desert' id='28' x='-15' y='-37'/>
    <tile type='desert' id='28' x='-16' y='-38'/>
    <tile type='desert' id='24' x='-17' y='-39'/>
    <tile type='desert' id='23' x='-18' y='-40'/>
    <tile type='desert' id='27' x='-19' y='-41'/>
    <tile type='desert' id='23' x='-20' y='-42'/>
    <tile type='desert' id='23' x='-21' y='-43'/>
    <tile type='desert' id='35' x='-22' y='-44'/>
    <tile type='desert' id='21' x='-23' y='-45'/>
    <tile type='desert' id='28' x='-24' y='-46'/>
    <tile type='desert' id='28' x='-25' y='-47'/>
    <tile type='desert' id='28' x='-26' y='-48'/>
    <tile type='desert' id='28' x='-27' y='-49'/>
    <tile type='desert' id='24' x='-28' y='-50'/>
    <tile type='desert' id='22' x='-29' y='-51'/>
    <tile type='desert' id='30' x='-30' y='-52'/>
    <tile type='desert' id='33' x='-31' y='-53'/>
    <tile type='desert' id='33' x='-32' y='-54'/>
    <tile type='desert' id='31' x='-33' y='-55'/>
    <tile type='desert' id='21' x='-34' y='-56'/>
    <tile type='desert' id='32' x='-35' y='-57'/>
    <tile type='desert' id='28' x='-36' y='-58'/>
    <tile type='desert' id='25' x='11' y='-12'/>
    <tile type='desert' id='21' x='10' y='-13'/>
    <tile type='desert' id='33' x='9' y='-14'/>
    <tile type='desert' id='54' x='7' y='-16'/>
    <tile type='desert' id='48' x='6' y='-17'/>
    <tile type='desert' id='28' x='5' y='-18'/>
    <tile type='desert' id='40' x='4' y='-19'/>
    <tile type='desert' id='22' x='3' y='-20'/>
    <tile type='desert' id='28' x='2' y='-21'/>
    <tile type='desert' id='28' x='1' y='-22'/>
    <tile type='desert' id='28' x='0' y='-23'/>
    <tile type='desert' id='62' x='-1' y='-24'/>
    <tile type='desert' id='28' x='-2' y='-25'/>
    <tile type='desert' id='28' x='-3' y='-26'/>
    <tile type='desert' id='26' x='-4' y='-27'/>
    <tile type='desert' id='48' x='-5' y='-28'/>
    <tile type='desert' id='45' x='-6' y='-29'/>
    <tile type='desert' id='22' x='-7' y='-30'/>
    <tile type='desert' id='21' x='-8' y='-31'/>
    <tile type='desert' id='28' x='-9' y='-32'/>
    <tile type='desert' id='26' x='-10' y='-33'/>
    <tile type='desert' id='28' x='-11' y='-34'/>
    <tile type='desert' id='26' x='-12' y='-35'/>
    <tile type='desert' id='24' x='-13' y='-36'/>
    <tile type='desert' id='23' x='-14' y='-37'/>
    <tile type='desert' id='23' x='-15' y='-38'/>
    <tile type='desert' id='24' x='-16' y='-39'/>
    <tile type='desert' id='28' x='-17' y='-40'/>
    <tile type='desert' id='29' x='-18' y='-41'/>
    <tile type='desert' id='21' x='-19' y='-42'/>
    <tile type='desert' id='25' x='-20' y='-43'/>
    <tile type='desert' id='35' x='-21' y='-44'/>
    <tile type='desert' id='25' x='-22' y='-45'/>
    <tile type='desert' id='28' x='-23' y='-46'/>
    <tile type='desert' id='35' x='-24' y='-47'/>
    <tile type='desert' id='22' x='-25' y='-48'/>
    <tile type='desert' id='29' x='-26' y='-49'/>
    <tile type='desert' id='32' x='-27' y='-50'/>
    <tile type='desert' id='26' x='-28' y='-51'/>
    <tile type='desert' id='33' x='-29' y='-52'/>
    <tile type='desert' id='26' x='-30' y='-53'/>
    <tile type='desert' id='29' x='-31' y='-54'/>
    <tile type='desert' id='25' x='-32' y='-55'/>
    <tile type='desert' id='21' x='-33' y='-56'/>
    <tile type='desert' id='27' x='-34' y='-57'/>
    <tile type='desert' id='28' x='-35' y='-58'/>
    <tile type='desert' id='32' x='11' y='-13'/>
    <tile type='desert' id='21' x='10' y='-14'/>
    <tile type='desert' id='32' x='9' y='-15'/>
    <tile type='desert' id='51' x='8' y='-16'/>
    <tile type='desert' id='54' x='7' y='-17'/>
    <tile type='desert' id='27' x='6' y='-18'/>
    <tile type='desert' id='28' x='5' y='-19'/>
    <tile type='desert' id='28' x='4' y='-20'/>
    <tile type='desert' id='49' x='3' y='-21'/>
    <tile type='desert' id='28' x='2' y='-22'/>
    <tile type='desert' id='40' x='1' y='-23'/>
    <tile type='desert' id='28' x='-2' y='-26'/>
    <tile type='desert' id='22' x='-3' y='-27'/>
    <tile type='desert' id='33' x='-4' y='-28'/>
    <tile type='desert' id='40' x='-5' y='-29'/>
    <tile type='desert' id='45' x='-6' y='-30'/>
    <tile type='desert' id='23' x='-7' y='-31'/>
    <tile type='desert' id='28' x='-8' y='-32'/>
    <tile type='desert' id='29' x='-9' y='-33'/>
    <tile type='desert' id='22' x='-10' y='-34'/>
    <tile type='desert' id='27' x='-11' y='-35'/>
    <tile type='desert' id='21' x='-12' y='-36'/>
    <tile type='desert' id='28' x='-13' y='-37'/>
    <tile type='desert' id='28' x='-14' y='-38'/>
    <tile type='desert' id='28' x='-15' y='-39'/>
    <tile type='desert' id='28' x='-16' y='-40'/>
    <tile type='desert' id='28' x='-17' y='-41'/>
    <tile type='desert' id='23' x='-18' y='-42'/>
    <tile type='desert' id='27' x='-19' y='-43'/>
    <tile type='desert' id='29' x='-20' y='-44'/>
    <tile type='desert' id='24' x='-21' y='-45'/>
    <tile type='desert' id='24' x='-22' y='-46'/>
    <tile type='desert' id='28' x='-23' y='-47'/>
    <tile type='desert' id='27' x='-24' y='-48'/>
    <tile type='desert' id='26' x='-25' y='-49'/>
    <tile type='desert' id='24' x='-26' y='-50'/>
    <tile type='desert' id='22' x='-27' y='-51'/>
    <tile type='desert' id='21' x='-28' y='-52'/>
    <tile type='desert' id='21' x='-29' y='-53'/>
    <tile type='desert' id='22' x='-30' y='-54'/>
    <tile type='desert' id='28' x='-31' y='-55'/>
    <tile type='desert' id='34' x='-32' y='-56'/>
    <tile type='desert' id='23' x='-33' y='-57'/>
    <tile type='desert' id='21' x='-34' y='-58'/>
    <tile type='desert' id='31' x='-35' y='-59'/>
    <tile type='desert' id='35' x='12' y='-13'/>
    <tile type='desert' id='21' x='11' y='-14'/>
    <tile type='desert' id='32' x='10' y='-15'/>
    <tile type='desert' id='25' x='9' y='-16'/>
    <tile type='desert' id='27' x='8' y='-17'/>
    <tile type='desert' id='27' x='7' y='-18'/>
    <tile type='desert' id='28' x='6' y='-19'/>
    <tile type='desert' id='29' x='5' y='-20'/>
    <tile type='desert' id='28' x='4' y='-21'/>
    <tile type='desert' id='40' x='3' y='-22'/>
    <tile type='desert' id='26' x='2' y='-23'/>
    <tile type='desert' id='22' x='1' y='-24'/>
    <tile type='desert' id='26' x='-1' y='-26'/>
    <tile type='desert' id='27' x='-2' y='-27'/>
    <tile type='desert' id='32' x='-3' y='-28'/>
    <tile type='desert' id='28' x='-4' y='-29'/>
    <tile type='desert' id='26' x='-5' y='-30'/>
    <tile type='desert' id='29' x='-6' y='-31'/>
    <tile type='desert' id='28' x='-7' y='-32'/>
    <tile type='desert' id='28' x='-8' y='-33'/>
    <tile type='desert' id='27' x='-9' y='-34'/>
    <tile type='desert' id='28' x='-10' y='-35'/>
    <tile type='desert' id='24' x='-11' y='-36'/>
    <tile type='desert' id='25' x='-12' y='-37'/>
    <tile type='desert' id='27' x='-13' y='-38'/>
    <tile type='desert' id='27' x='-14' y='-39'/>
    <tile type='desert' id='28' x='-15' y='-40'/>
    <tile type='desert' id='28' x='-16' y='-41'/>
    <tile type='desert' id='35' x='-17' y='-42'/>
    <tile type='desert' id='28' x='-18' y='-43'/>
    <tile type='desert' id='25' x='-19' y='-44'/>
    <tile type='desert' id='25' x='-20' y='-45'/>
    <tile type='desert' id='28' x='-21' y='-46'/>
    <tile type='desert' id='23' x='-22' y='-47'/>
    <tile type='desert' id='24' x='-23' y='-48'/>
    <tile type='desert' id='24' x='-24' y='-49'/>
    <tile type='desert' id='27' x='-25' y='-50'/>
    <tile type='desert' id='28' x='-26' y='-51'/>
    <tile type='desert' id='21' x='-27' y='-52'/>
    <tile type='desert' id='25' x='-28' y='-53'/>
    <tile type='desert' id='35' x='-29' y='-54'/>
    <tile type='desert' id='32' x='-30' y='-55'/>
    <tile type='desert' id='23' x='-31' y='-56'/>
    <tile type='desert' id='26' x='-32' y='-57'/>
    <tile type='desert' id='34' x='-33' y='-58'/>
    <tile type='desert' id='24' x='-34' y='-59'/>
    <tile type='desert' id='35' x='12' y='-14'/>
    <tile type='desert' id='32' x='11' y='-15'/>
    <tile type='desert' id='23' x='10' y='-16'/>
    <tile type='desert' id='33' x='9' y='-17'/>
    <tile type='desert' id='25' x='8' y='-18'/>
    <tile type='desert' id='22' x='7' y='-19'/>
    <tile type='desert' id='23' x='6' y='-20'/>
    <tile type='desert' id='28' x='5' y='-21'/>
    <tile type='desert' id='28' x='4' y='-22'/>
    <tile type='desert' id='26' x='3' y='-23'/>
    <tile type='desert' id='21' x='2' y='-24'/>
    <tile type='desert' id='22' x='1' y='-25'/>
    <tile type='desert' id='25' x='0' y='-26'/>
    <tile type='desert' id='35' x='-1' y='-27'/>
    <tile type='desert' id='27' x='-2' y='-28'/>
    <tile type='desert' id='27' x='-3' y='-29'/>
    <tile type='desert' id='28' x='-4' y='-30'/>
    <tile type='desert' id='22' x='-5' y='-31'/>
    <tile type='desert' id='29' x='-6' y='-32'/>
    <tile type='desert' id='27' x='-7' y='-33'/>
    <tile type='desert' id='22' x='-8' y='-34'/>
    <tile type='desert' id='33' x='-9' y='-35'/>
    <tile type='desert' id='22' x='-10' y='-36'/>
    <tile type='desert' id='22' x='-11' y='-37'/>
    <tile type='desert' id='26' x='-12' y='-38'/>
    <tile type='desert' id='24' x='-13' y='-39'/>
    <tile type='desert' id='27' x='-14' y='-40'/>
    <tile type='desert' id='22' x='-15' y='-41'/>
    <tile type='desert' id='28' x='-16' y='-42'/>
    <tile type='desert' id='28' x='-17' y='-43'/>
    <tile type='desert' id='35' x='-18' y='-44'/>
    <tile type='desert' id='28' x='-19' y='-45'/>
    <tile type='desert' id='28' x='-20' y='-46'/>
    <tile type='desert' id='28' x='-21' y='-47'/>
    <tile type='desert' id='32' x='-22' y='-48'/>
    <tile type='desert' id='23' x='-23' y='-49'/>
    <tile type='desert' id='35' x='-24' y='-50'/>
    <tile type='desert' id='28' x='-25' y='-51'/>
    <tile type='desert' id='28' x='-26' y='-52'/>
    <tile type='desert' id='25' x='-27' y='-53'/>
    <tile type='desert' id='28' x='-28' y='-54'/>
    <tile type='desert' id='31' x='-29' y='-55'/>
    <tile type='desert' id='31' x='-30' y='-56'/>
    <tile type='desert' id='27' x='-31' y='-57'/>
    <tile type='desert' id='23' x='-32' y='-58'/>
    <tile type='desert' id='32' x='-33' y='-59'/>
    <tile type='desert' id='22' x='-34' y='-60'/>
    <tile type='desert' id='35' x='13' y='-14'/>
    <tile type='desert' id='25' x='12' y='-15'/>
    <tile type='desert' id='27' x='11' y='-16'/>
    <tile type='desert' id='32' x='10' y='-17'/>
    <tile type='desert' id='32' x='9' y='-18'/>
    <tile type='desert' id='21' x='8' y='-19'/>
    <tile type='desert' id='40' x='7' y='-20'/>
    <tile type='desert' id='28' x='6' y='-21'/>
    <tile type='desert' id='40' x='5' y='-22'/>
    <tile type='desert' id='28' x='4' y='-23'/>
    <tile type='desert' id='28' x='3' y='-24'/>
    <tile type='desert' id='28' x='2' y='-25'/>
    <tile type='desert' id='28' x='1' y='-26'/>
    <tile type='desert' id='74' x='0' y='-27'/>
    <tile type='desert' id='28' x='-1' y='-28'/>
    <tile type='desert' id='25' x='-2' y='-29'/>
    <tile type='desert' id='28' x='-3' y='-30'/>
    <tile type='desert' id='28' x='-4' y='-31'/>
    <tile type='desert' id='28' x='-5' y='-32'/>
    <tile type='desert' id='28' x='-6' y='-33'/>
    <tile type='desert' id='22' x='-7' y='-34'/>
    <tile type='desert' id='28' x='-8' y='-35'/>
    <tile type='desert' id='28' x='-9' y='-36'/>
    <tile type='desert' id='28' x='-10' y='-37'/>
    <tile type='desert' id='28' x='-11' y='-38'/>
    <tile type='desert' id='28' x='-12' y='-39'/>
    <tile type='desert' id='26' x='-13' y='-40'/>
    <tile type='desert' id='28' x='-14' y='-41'/>
    <tile type='desert' id='28' x='-15' y='-42'/>
    <tile type='desert' id='27' x='-16' y='-43'/>
    <tile type='desert' id='28' x='-17' y='-44'/>
    <tile type='desert' id='28' x='-18' y='-45'/>
    <tile type='desert' id='33' x='-19' y='-46'/>
    <tile type='desert' id='28' x='-20' y='-47'/>
    <tile type='desert' id='21' x='-21' y='-48'/>
    <tile type='desert' id='24' x='-22' y='-49'/>
    <tile type='desert' id='27' x='-23' y='-50'/>
    <tile type='desert' id='28' x='-24' y='-51'/>
    <tile type='desert' id='40' x='-25' y='-52'/>
    <tile type='desert' id='35' x='-26' y='-53'/>
    <tile type='desert' id='24' x='-27' y='-54'/>
    <tile type='desert' id='27' x='-28' y='-55'/>
    <tile type='desert' id='31' x='-29' y='-56'/>
    <tile type='desert' id='21' x='-30' y='-57'/>
    <tile type='desert' id='22' x='-31' y='-58'/>
    <tile type='desert' id='28' x='-32' y='-59'/>
    <tile type='desert' id='21' x='-33' y='-60'/>
    <tile type='desert' id='29' x='13' y='-15'/>
    <tile type='desert' id='27' x='12' y='-16'/>
    <tile type='desert' id='26' x='11' y='-17'/>
    <tile type='desert' id='27' x='10' y='-18'/>
    <tile type='desert' id='29' x='9' y='-19'/>
    <tile type='desert' id='26' x='8' y='-20'/>
    <tile type='desert' id='28' x='7' y='-21'/>
    <tile type='desert' id='22' x='6' y='-22'/>
    <tile type='desert' id='22' x='5' y='-23'/>
    <tile type='desert' id='28' x='4' y='-24'/>
    <tile type='desert' id='40' x='3' y='-25'/>
    <tile type='desert' id='28' x='2' y='-26'/>
    <tile type='desert' id='29' x='-1' y='-29'/>
    <tile type='desert' id='29' x='-2' y='-30'/>
    <tile type='desert' id='53' x='-3' y='-31'/>
    <tile type='desert' id='25' x='-4' y='-32'/>
    <tile type='desert' id='22' x='-5' y='-33'/>
    <tile type='desert' id='22' x='-6' y='-34'/>
    <tile type='desert' id='28' x='-7' y='-35'/>
    <tile type='desert' id='28' x='-8' y='-36'/>
    <tile type='desert' id='28' x='-9' y='-37'/>
    <tile type='desert' id='32' x='-10' y='-38'/>
    <tile type='desert' id='25' x='-11' y='-39'/>
    <tile type='desert' id='27' x='-12' y='-40'/>
    <tile type='desert' id='28' x='-13' y='-41'/>
    <tile type='desert' id='23' x='-14' y='-42'/>
    <tile type='desert' id='24' x='-15' y='-43'/>
    <tile type='desert' id='22' x='-16' y='-44'/>
    <tile type='desert' id='22' x='-17' y='-45'/>
    <tile type='desert' id='28' x='-18' y='-46'/>
    <tile type='desert' id='26' x='-19' y='-47'/>
    <tile type='desert' id='35' x='-20' y='-48'/>
    <tile type='desert' id='28' x='-21' y='-49'/>
    <tile type='desert' id='23' x='-22' y='-50'/>
    <tile type='desert' id='28' x='-23' y='-51'/>
    <tile type='desert' id='23' x='-24' y='-52'/>
    <tile type='desert' id='24' x='-25' y='-53'/>
    <tile type='desert' id='28' x='-26' y='-54'/>
    <tile type='desert' id='45' x='-27' y='-55'/>
    <tile type='desert' id='25' x='-28' y='-56'/>
    <tile type='desert' id='26' x='-29' y='-57'/>
    <tile type='desert' id='34' x='-30' y='-58'/>
    <tile type='desert' id='29' x='-31' y='-59'/>
    <tile type='desert' id='33' x='-32' y='-60'/>
    <tile type='desert' id='21' x='-33' y='-61'/>
    <tile type='desert' id='34' x='14' y='-15'/>
    <tile type='desert' id='26' x='13' y='-16'/>
    <tile type='desert' id='28' x='12' y='-17'/>
    <tile type='desert' id='27' x='11' y='-18'/>
    <tile type='desert' id='29' x='10' y='-19'/>
    <tile type='desert' id='28' x='9' y='-20'/>
    <tile type='desert' id='40' x='8' y='-21'/>
    <tile type='desert' id='28' x='7' y='-22'/>
    <tile type='desert' id='45' x='6' y='-23'/>
    <tile type='desert' id='28' x='5' y='-24'/>
    <tile type='desert' id='24' x='4' y='-25'/>
    <tile type='desert' id='28' x='3' y='-26'/>
    <tile type='desert' id='23' x='-1' y='-30'/>
    <tile type='desert' id='29' x='-2' y='-31'/>
    <tile type='desert' id='25' x='-3' y='-32'/>
    <tile type='desert' id='23' x='-4' y='-33'/>
    <tile type='desert' id='35' x='-5' y='-34'/>
    <tile type='desert' id='26' x='-6' y='-35'/>
    <tile type='desert' id='28' x='-7' y='-36'/>
    <tile type='desert' id='21' x='-8' y='-37'/>
    <tile type='desert' id='22' x='-9' y='-38'/>
    <tile type='desert' id='28' x='-10' y='-39'/>
    <tile type='desert' id='28' x='-11' y='-40'/>
    <tile type='desert' id='28' x='-12' y='-41'/>
    <tile type='desert' id='28' x='-13' y='-42'/>
    <tile type='desert' id='22' x='-14' y='-43'/>
    <tile type='desert' id='33' x='-15' y='-44'/>
    <tile type='desert' id='27' x='-16' y='-45'/>
    <tile type='desert' id='26' x='-17' y='-46'/>
    <tile type='desert' id='32' x='-18' y='-47'/>
    <tile type='desert' id='28' x='-19' y='-48'/>
    <tile type='desert' id='21' x='-20' y='-49'/>
    <tile type='desert' id='32' x='-21' y='-50'/>
    <tile type='desert' id='40' x='-22' y='-51'/>
    <tile type='desert' id='28' x='-23' y='-52'/>
    <tile type='desert' id='28' x='-24' y='-53'/>
    <tile type='desert' id='28' x='-25' y='-54'/>
    <tile type='desert' id='26' x='-26' y='-55'/>
    <tile type='desert' id='29' x='-27' y='-56'/>
    <tile type='desert' id='21' x='-28' y='-57'/>
    <tile type='desert' id='21' x='-29' y='-58'/>
    <tile type='desert' id='30' x='-30' y='-59'/>
    <tile type='desert' id='26' x='-31' y='-60'/>
    <tile type='desert' id='35' x='-32' y='-61'/>
    <tile type='desert' id='30' x='14' y='-16'/>
    <tile type='desert' id='32' x='13' y='-17'/>
    <tile type='desert' id='28' x='12' y='-18'/>
    <tile type='desert' id='25' x='11' y='-19'/>
    <tile type='desert' id='23' x='10' y='-20'/>
    <tile type='desert' id='54' x='9' y='-21'/>
    <tile type='desert' id='28' x='8' y='-22'/>
    <tile type='desert' id='22' x='7' y='-23'/>
    <tile type='desert' id='28' x='6' y='-24'/>
    <tile type='desert' id='53' x='5' y='-25'/>
    <tile type='desert' id='28' x='4' y='-26'/>
    <tile type='desert' id='25' x='3' y='-27'/>
    <tile type='desert' id='28' x='0' y='-30'/>
    <tile type='desert' id='29' x='-1' y='-31'/>
    <tile type='desert' id='25' x='-2' y='-32'/>
    <tile type='desert' id='28' x='-3' y='-33'/>
    <tile type='desert' id='28' x='-4' y='-34'/>
    <tile type='desert' id='48' x='-5' y='-35'/>
    <tile type='desert' id='28' x='-6' y='-36'/>
    <tile type='desert' id='23' x='-7' y='-37'/>
    <tile type='desert' id='26' x='-8' y='-38'/>
    <tile type='desert' id='32' x='-9' y='-39'/>
    <tile type='desert' id='28' x='-10' y='-40'/>
    <tile type='desert' id='28' x='-11' y='-41'/>
    <tile type='desert' id='28' x='-12' y='-42'/>
    <tile type='desert' id='28' x='-13' y='-43'/>
    <tile type='desert' id='28' x='-14' y='-44'/>
    <tile type='desert' id='29' x='-15' y='-45'/>
    <tile type='desert' id='29' x='-16' y='-46'/>
    <tile type='desert' id='24' x='-17' y='-47'/>
    <tile type='desert' id='28' x='-18' y='-48'/>
    <tile type='desert' id='25' x='-19' y='-49'/>
    <tile type='desert' id='28' x='-20' y='-50'/>
    <tile type='desert' id='28' x='-21' y='-51'/>
    <tile type='desert' id='28' x='-22' y='-52'/>
    <tile type='desert' id='28' x='-23' y='-53'/>
    <tile type='desert' id='29' x='-24' y='-54'/>
    <tile type='desert' id='22' x='-25' y='-55'/>
    <tile type='desert' id='66' x='-26' y='-56'/>
    <tile type='desert' id='21' x='-27' y='-57'/>
    <tile type='desert' id='31' x='-28' y='-58'/>
    <tile type='desert' id='33' x='-29' y='-59'/>
    <tile type='desert' id='28' x='-30' y='-60'/>
    <tile type='desert' id='26' x='-31' y='-61'/>
    <tile type='desert' id='26' x='-32' y='-62'/>
    <tile type='desert' id='26' x='15' y='-16'/>
    <tile type='desert' id='66' x='14' y='-17'/>
    <tile type='desert' id='45' x='13' y='-18'/>
    <tile type='desert' id='45' x='12' y='-19'/>
    <tile type='desert' id='45' x='11' y='-20'/>
    <tile type='desert' id='28' x='10' y='-21'/>
    <tile type='desert' id='28' x='9' y='-22'/>
    <tile type='desert' id='45' x='8' y='-23'/>
    <tile type='desert' id='28' x='7' y='-24'/>
    <tile type='desert' id='28' x='6' y='-25'/>
    <tile type='desert' id='28' x='5' y='-26'/>
    <tile type='desert' id='21' x='4' y='-27'/>
    <tile type='desert' id='28' x='3' y='-28'/>
    <tile type='desert' id='21' x='1' y='-30'/>
    <tile type='desert' id='27' x='0' y='-31'/>
    <tile type='desert' id='32' x='-1' y='-32'/>
    <tile type='desert' id='28' x='-2' y='-33'/>
    <tile type='desert' id='22' x='-3' y='-34'/>
    <tile type='desert' id='28' x='-4' y='-35'/>
    <tile type='desert' id='23' x='-5' y='-36'/>
    <tile type='desert' id='26' x='-6' y='-37'/>
    <tile type='desert' id='22' x='-7' y='-38'/>
    <tile type='desert' id='27' x='-8' y='-39'/>
    <tile type='desert' id='23' x='-9' y='-40'/>
    <tile type='desert' id='29' x='-10' y='-41'/>
    <tile type='desert' id='28' x='-11' y='-42'/>
    <tile type='desert' id='26' x='-12' y='-43'/>
    <tile type='desert' id='23' x='-13' y='-44'/>
    <tile type='desert' id='35' x='-14' y='-45'/>
    <tile type='desert' id='29' x='-15' y='-46'/>
    <tile type='desert' id='23' x='-16' y='-47'/>
    <tile type='desert' id='28' x='-17' y='-48'/>
    <tile type='desert' id='28' x='-18' y='-49'/>
    <tile type='desert' id='27' x='-19' y='-50'/>
    <tile type='desert' id='28' x='-20' y='-51'/>
    <tile type='desert' id='28' x='-21' y='-52'/>
    <tile type='desert' id='27' x='-22' y='-53'/>
    <tile type='desert' id='29' x='-23' y='-54'/>
    <tile type='desert' id='28' x='-24' y='-55'/>
    <tile type='desert' id='27' x='-27' y='-58'/>
    <tile type='desert' id='21' x='-28' y='-59'/>
    <tile type='desert' id='30' x='-29' y='-60'/>
    <tile type='desert' id='31' x='-30' y='-61'/>
    <tile type='desert' id='30' x='-31' y='-62'/>
    <tile type='desert' id='49' x='13' y='-19'/>
    <tile type='desert' id='23' x='12' y='-20'/>
    <tile type='desert' id='40' x='11' y='-21'/>
    <tile type='desert' id='23' x='10' y='-22'/>
    <tile type='desert' id='28' x='9' y='-23'/>
    <tile type='desert' id='22' x='8' y='-24'/>
    <tile type='desert' id='40' x='7' y='-25'/>
    <tile type='desert' id='28' x='6' y='-26'/>
    <tile type='desert' id='62' x='5' y='-27'/>
    <tile type='desert' id='23' x='4' y='-28'/>
    <tile type='desert' id='28' x='3' y='-29'/>
    <tile type='desert' id='25' x='2' y='-30'/>
    <tile type='desert' id='28' x='1' y='-31'/>
    <tile type='desert' id='28' x='0' y='-32'/>
    <tile type='desert' id='28' x='-1' y='-33'/>
    <tile type='desert' id='28' x='-2' y='-34'/>
    <tile type='desert' id='28' x='-3' y='-35'/>
    <tile type='desert' id='22' x='-4' y='-36'/>
    <tile type='desert' id='35' x='-5' y='-37'/>
    <tile type='desert' id='28' x='-6' y='-38'/>
    <tile type='desert' id='28' x='-7' y='-39'/>
    <tile type='desert' id='28' x='-8' y='-40'/>
    <tile type='desert' id='22' x='-9' y='-41'/>
    <tile type='desert' id='28' x='-10' y='-42'/>
    <tile type='desert' id='27' x='-11' y='-43'/>
    <tile type='desert' id='28' x='-12' y='-44'/>
    <tile type='desert' id='27' x='-13' y='-45'/>
    <tile type='desert' id='21' x='-14' y='-46'/>
    <tile type='desert' id='28' x='-15' y='-47'/>
    <tile type='desert' id='27' x='-16' y='-48'/>
    <tile type='desert' id='28' x='-17' y='-49'/>
    <tile type='desert' id='27' x='-18' y='-50'/>
    <tile type='desert' id='23' x='-19' y='-51'/>
    <tile type='desert' id='28' x='-20' y='-52'/>
    <tile type='desert' id='24' x='-21' y='-53'/>
    <tile type='desert' id='23' x='-22' y='-54'/>
    <tile type='desert' id='22' x='-23' y='-55'/>
    <tile type='desert' id='66' x='-24' y='-56'/>
    <tile type='desert' id='32' x='-26' y='-58'/>
    <tile type='desert' id='31' x='-27' y='-59'/>
    <tile type='desert' id='31' x='-28' y='-60'/>
    <tile type='desert' id='30' x='-29' y='-61'/>
    <tile type='desert' id='30' x='-30' y='-62'/>
    <tile type='desert' id='21' x='-31' y='-63'/>
    <tile type='desert' id='33' x='16' y='-17'/>
    <tile type='desert' id='66' x='14' y='-19'/>
    <tile type='desert' id='48' x='13' y='-20'/>
    <tile type='desert' id='66' x='12' y='-21'/>
    <tile type='desert' id='45' x='11' y='-22'/>
    <tile type='desert' id='22' x='10' y='-23'/>
    <tile type='desert' id='28' x='9' y='-24'/>
    <tile type='desert' id='22' x='8' y='-25'/>
    <tile type='desert' id='28' x='7' y='-26'/>
    <tile type='desert' id='22' x='4' y='-29'/>
    <tile type='desert' id='28' x='3' y='-30'/>
    <tile type='desert' id='29' x='2' y='-31'/>
    <tile type='desert' id='28' x='1' y='-32'/>
    <tile type='desert' id='27' x='0' y='-33'/>
    <tile type='desert' id='28' x='-1' y='-34'/>
    <tile type='desert' id='28' x='-2' y='-35'/>
    <tile type='desert' id='23' x='-3' y='-36'/>
    <tile type='desert' id='33' x='-4' y='-37'/>
    <tile type='desert' id='29' x='-5' y='-38'/>
    <tile type='desert' id='28' x='-6' y='-39'/>
    <tile type='desert' id='28' x='-7' y='-40'/>
    <tile type='desert' id='25' x='-8' y='-41'/>
    <tile type='desert' id='26' x='-9' y='-42'/>
    <tile type='desert' id='24' x='-10' y='-43'/>
    <tile type='desert' id='23' x='-11' y='-44'/>
    <tile type='desert' id='45' x='-12' y='-45'/>
    <tile type='desert' id='28' x='-13' y='-46'/>
    <tile type='desert' id='28' x='-14' y='-47'/>
    <tile type='desert' id='28' x='-15' y='-48'/>
    <tile type='desert' id='67' x='-16' y='-49'/>
    <tile type='desert' id='45' x='-17' y='-50'/>
    <tile type='desert' id='26' x='-18' y='-51'/>
    <tile type='desert' id='28' x='-19' y='-52'/>
    <tile type='desert' id='28' x='-20' y='-53'/>
    <tile type='desert' id='48' x='-21' y='-54'/>
    <tile type='desert' id='29' x='-22' y='-55'/>
    <tile type='desert' id='28' x='-25' y='-58'/>
    <tile type='desert' id='34' x='-26' y='-59'/>
    <tile type='desert' id='21' x='-27' y='-60'/>
    <tile type='desert' id='27' x='-28' y='-61'/>
    <tile type='desert' id='31' x='-29' y='-62'/>
    <tile type='desert' id='24' x='-30' y='-63'/>
    <tile type='desert' id='33' x='16' y='-18'/>
    <tile type='desert' id='28' x='11' y='-23'/>
    <tile type='desert' id='45' x='10' y='-24'/>
    <tile type='desert' id='22' x='9' y='-25'/>
    <tile type='desert' id='53' x='8' y='-26'/>
    <tile type='desert' id='28' x='7' y='-27'/>
    <tile type='desert' id='25' x='5' y='-29'/>
    <tile type='desert' id='32' x='4' y='-30'/>
    <tile type='desert' id='28' x='3' y='-31'/>
    <tile type='desert' id='27' x='2' y='-32'/>
    <tile type='desert' id='28' x='1' y='-33'/>
    <tile type='desert' id='28' x='0' y='-34'/>
    <tile type='desert' id='28' x='-1' y='-35'/>
    <tile type='desert' id='28' x='-2' y='-36'/>
    <tile type='desert' id='24' x='-3' y='-37'/>
    <tile type='desert' id='28' x='-4' y='-38'/>
    <tile type='desert' id='22' x='-5' y='-39'/>
    <tile type='desert' id='28' x='-6' y='-40'/>
    <tile type='desert' id='28' x='-7' y='-41'/>
    <tile type='desert' id='28' x='-8' y='-42'/>
    <tile type='desert' id='26' x='-9' y='-43'/>
    <tile type='desert' id='26' x='-10' y='-44'/>
    <tile type='desert' id='40' x='-11' y='-45'/>
    <tile type='desert' id='28' x='-12' y='-46'/>
    <tile type='desert' id='29' x='-13' y='-47'/>
    <tile type='desert' id='28' x='-14' y='-48'/>
    <tile type='desert' id='48' x='-17' y='-51'/>
    <tile type='desert' id='66' x='-18' y='-52'/>
    <tile type='desert' id='40' x='-19' y='-53'/>
    <tile type='desert' id='66' x='-20' y='-54'/>
    <tile type='desert' id='48' x='-21' y='-55'/>
    <tile type='desert' id='66' x='-22' y='-56'/>
    <tile type='desert' id='34' x='-24' y='-58'/>
    <tile type='desert' id='25' x='-25' y='-59'/>
    <tile type='desert' id='35' x='-26' y='-60'/>
    <tile type='desert' id='30' x='-27' y='-61'/>
    <tile type='desert' id='22' x='-28' y='-62'/>
    <tile type='desert' id='33' x='-29' y='-63'/>
    <tile type='desert' id='24' x='-30' y='-64'/>
    <tile type='desert' id='33' x='17' y='-18'/>
    <tile type='desert' id='68' x='16' y='-19'/>
    <tile type='desert' id='66' x='14' y='-21'/>
    <tile type='desert' id='48' x='12' y='-23'/>
    <tile type='desert' id='28' x='11' y='-24'/>
    <tile type='desert' id='28' x='10' y='-25'/>
    <tile type='desert' id='25' x='9' y='-26'/>
    <tile type='desert' id='28' x='8' y='-27'/>
    <tile type='desert' id='28' x='7' y='-28'/>
    <tile type='desert' id='25' x='6' y='-29'/>
    <tile type='desert' id='48' x='5' y='-30'/>
    <tile type='desert' id='28' x='4' y='-31'/>
    <tile type='desert' id='23' x='3' y='-32'/>
    <tile type='desert' id='23' x='2' y='-33'/>
    <tile type='desert' id='28' x='1' y='-34'/>
    <tile type='desert' id='28' x='0' y='-35'/>
    <tile type='desert' id='28' x='-1' y='-36'/>
    <tile type='desert' id='28' x='-2' y='-37'/>
    <tile type='desert' id='23' x='-3' y='-38'/>
    <tile type='desert' id='26' x='-4' y='-39'/>
    <tile type='desert' id='24' x='-5' y='-40'/>
    <tile type='desert' id='28' x='-6' y='-41'/>
    <tile type='desert' id='45' x='-7' y='-42'/>
    <tile type='desert' id='21' x='-8' y='-43'/>
    <tile type='desert' id='28' x='-9' y='-44'/>
    <tile type='desert' id='28' x='-10' y='-45'/>
    <tile type='desert' id='29' x='-11' y='-46'/>
    <tile type='desert' id='27' x='-12' y='-47'/>
    <tile type='desert' id='25' x='-13' y='-48'/>
    <tile type='desert' id='66' x='-14' y='-49'/>
    <tile type='desert' id='66' x='-16' y='-51'/>
    <tile type='desert' id='66' x='-23' y='-58'/>
    <tile type='desert' id='33' x='-24' y='-59'/>
    <tile type='desert' id='26' x='-25' y='-60'/>
    <tile type='desert' id='22' x='-26' y='-61'/>
    <tile type='desert' id='27' x='-27' y='-62'/>
    <tile type='desert' id='32' x='-28' y='-63'/>
    <tile type='desert' id='26' x='-29' y='-64'/>
    <tile type='desert' id='67' x='13' y='-23'/>
    <tile type='desert' id='49' x='12' y='-24'/>
    <tile type='desert' id='22' x='11' y='-25'/>
    <tile type='desert' id='45' x='10' y='-26'/>
    <tile type='desert' id='40' x='9' y='-27'/>
    <tile type='desert' id='21' x='8' y='-28'/>
    <tile type='desert' id='28' x='7' y='-29'/>
    <tile type='desert' id='23' x='6' y='-30'/>
    <tile type='desert' id='28' x='5' y='-31'/>
    <tile type='desert' id='24' x='4' y='-32'/>
    <tile type='desert' id='23' x='3' y='-33'/>
    <tile type='desert' id='24' x='2' y='-34'/>
    <tile type='desert' id='28' x='1' y='-35'/>
    <tile type='desert' id='28' x='0' y='-36'/>
    <tile type='desert' id='28' x='-1' y='-37'/>
    <tile type='desert' id='28' x='-2' y='-38'/>
    <tile type='desert' id='28' x='-3' y='-39'/>
    <tile type='desert' id='32' x='-4' y='-40'/>
    <tile type='desert' id='28' x='-5' y='-41'/>
    <tile type='desert' id='24' x='-6' y='-42'/>
    <tile type='desert' id='28' x='-7' y='-43'/>
    <tile type='desert' id='33' x='-8' y='-44'/>
    <tile type='desert' id='25' x='-9' y='-45'/>
    <tile type='desert' id='24' x='-10' y='-46'/>
    <tile type='desert' id='40' x='-11' y='-47'/>
    <tile type='desert' id='28' x='-12' y='-48'/>
    <tile type='desert' id='68' x='-18' y='-54'/>
    <tile type='desert' id='66' x='-20' y='-56'/>
    <tile type='desert' id='24' x='-24' y='-60'/>
    <tile type='desert' id='29' x='-25' y='-61'/>
    <tile type='desert' id='35' x='-26' y='-62'/>
    <tile type='desert' id='27' x='-27' y='-63'/>
    <tile type='desert' id='34' x='-28' y='-64'/>
    <tile type='desert' id='30' x='-29' y='-65'/>
    <tile type='desert' id='32' x='18' y='-19'/>
    <tile type='desert' id='68' x='16' y='-21'/>
    <tile type='desert' id='35' x='12' y='-25'/>
    <tile type='desert' id='45' x='11' y='-26'/>
    <tile type='desert' id='28' x='10' y='-27'/>
    <tile type='desert' id='27' x='9' y='-28'/>
    <tile type='desert' id='33' x='8' y='-29'/>
    <tile type='desert' id='22' x='7' y='-30'/>
    <tile type='desert' id='28' x='6' y='-31'/>
    <tile type='desert' id='21' x='5' y='-32'/>
    <tile type='desert' id='24' x='4' y='-33'/>
    <tile type='desert' id='23' x='3' y='-34'/>
    <tile type='desert' id='24' x='2' y='-35'/>
    <tile type='desert' id='28' x='1' y='-36'/>
    <tile type='desert' id='28' x='0' y='-37'/>
    <tile type='desert' id='28' x='-1' y='-38'/>
    <tile type='desert' id='28' x='-2' y='-39'/>
    <tile type='desert' id='27' x='-3' y='-40'/>
    <tile type='desert' id='28' x='-4' y='-41'/>
    <tile type='desert' id='27' x='-5' y='-42'/>
    <tile type='desert' id='28' x='-6' y='-43'/>
    <tile type='desert' id='40' x='-7' y='-44'/>
    <tile type='desert' id='28' x='-8' y='-45'/>
    <tile type='desert' id='45' x='-9' y='-46'/>
    <tile type='desert' id='68' x='-10' y='-47'/>
    <tile type='desert' id='40' x='-11' y='-48'/>
    <tile type='desert' id='68' x='-12' y='-49'/>
    <tile type='desert' id='66' x='-14' y='-51'/>
    <tile type='desert' id='68' x='-16' y='-53'/>
    <tile type='desert' id='66' x='-21' y='-58'/>
    <tile type='desert' id='22' x='-23' y='-60'/>
    <tile type='desert' id='26' x='-24' y='-61'/>
    <tile type='desert' id='35' x='-25' y='-62'/>
    <tile type='desert' id='26' x='-26' y='-63'/>
    <tile type='desert' id='30' x='-27' y='-64'/>
    <tile type='desert' id='33' x='-28' y='-65'/>
    <tile type='desert' id='21' x='18' y='-20'/>
    <tile type='desert' id='66' x='15' y='-23'/>
    <tile type='desert' id='48' x='13' y='-25'/>
    <tile type='desert' id='25' x='12' y='-26'/>
    <tile type='desert' id='22' x='11' y='-27'/>
    <tile type='desert' id='21' x='10' y='-28'/>
    <tile type='desert' id='74' x='9' y='-29'/>
    <tile type='desert' id='22' x='8' y='-30'/>
    <tile type='desert' id='28' x='7' y='-31'/>
    <tile type='desert' id='28' x='6' y='-32'/>
    <tile type='desert' id='22' x='5' y='-33'/>
    <tile type='desert' id='25' x='4' y='-34'/>
    <tile type='desert' id='28' x='3' y='-35'/>
    <tile type='desert' id='25' x='2' y='-36'/>
    <tile type='desert' id='32' x='1' y='-37'/>
    <tile type='desert' id='28' x='0' y='-38'/>
    <tile type='desert' id='28' x='-1' y='-39'/>
    <tile type='desert' id='28' x='-2' y='-40'/>
    <tile type='desert' id='29' x='-3' y='-41'/>
    <tile type='desert' id='24' x='-4' y='-42'/>
    <tile type='desert' id='24' x='-5' y='-43'/>
    <tile type='desert' id='28' x='-6' y='-44'/>
    <tile type='desert' id='28' x='-7' y='-45'/>
    <tile type='desert' id='68' x='-8' y='-46'/>
    <tile type='desert' id='68' x='-18' y='-56'/>
    <tile type='desert' id='27' x='-22' y='-60'/>
    <tile type='desert' id='33' x='-23' y='-61'/>
    <tile type='desert' id='24' x='-24' y='-62'/>
    <tile type='desert' id='24' x='-25' y='-63'/>
    <tile type='desert' id='28' x='-26' y='-64'/>
    <tile type='desert' id='32' x='-27' y='-65'/>
    <tile type='desert' id='33' x='-28' y='-66'/>
    <tile type='desert' id='29' x='19' y='-20'/>
    <tile type='desert' id='68' x='18' y='-21'/>
    <tile type='desert' id='68' x='14' y='-25'/>
    <tile type='desert' id='54' x='13' y='-26'/>
    <tile type='desert' id='49' x='12' y='-27'/>
    <tile type='desert' id='21' x='11' y='-28'/>
    <tile type='desert' id='22' x='8' y='-31'/>
    <tile type='desert' id='28' x='7' y='-32'/>
    <tile type='desert' id='28' x='6' y='-33'/>
    <tile type='desert' id='28' x='5' y='-34'/>
    <tile type='desert' id='27' x='4' y='-35'/>
    <tile type='desert' id='27' x='3' y='-36'/>
    <tile type='desert' id='26' x='2' y='-37'/>
    <tile type='desert' id='21' x='1' y='-38'/>
    <tile type='desert' id='32' x='0' y='-39'/>
    <tile type='desert' id='28' x='-1' y='-40'/>
    <tile type='desert' id='28' x='-2' y='-41'/>
    <tile type='desert' id='23' x='-3' y='-42'/>
    <tile type='desert' id='45' x='-4' y='-43'/>
    <tile type='desert' id='28' x='-5' y='-44'/>
    <tile type='desert' id='28' x='-6' y='-45'/>
    <tile type='desert' id='68' x='-10' y='-49'/>
    <tile type='desert' id='66' x='-12' y='-51'/>
    <tile type='desert' id='68' x='-14' y='-53'/>
    <tile type='desert' id='68' x='-16' y='-55'/>
    <tile type='desert' id='68' x='-19' y='-58'/>
    <tile type='desert' id='66' x='-21' y='-60'/>
    <tile type='desert' id='34' x='-22' y='-61'/>
    <tile type='desert' id='24' x='-23' y='-62'/>
    <tile type='desert' id='31' x='-24' y='-63'/>
    <tile type='desert' id='34' x='-25' y='-64'/>
    <tile type='desert' id='26' x='-26' y='-65'/>
    <tile type='desert' id='26' x='-27' y='-66'/>
    <tile type='desert' id='68' x='17' y='-23'/>
    <tile type='desert' id='66' x='13' y='-27'/>
    <tile type='desert' id='48' x='12' y='-28'/>
    <tile type='desert' id='28' x='8' y='-32'/>
    <tile type='desert' id='27' x='7' y='-33'/>
    <tile type='desert' id='28' x='6' y='-34'/>
    <tile type='desert' id='28' x='5' y='-35'/>
    <tile type='desert' id='28' x='4' y='-36'/>
    <tile type='desert' id='23' x='3' y='-37'/>
    <tile type='desert' id='28' x='2' y='-38'/>
    <tile type='desert' id='32' x='1' y='-39'/>
    <tile type='desert' id='28' x='0' y='-40'/>
    <tile type='desert' id='28' x='-1' y='-41'/>
    <tile type='desert' id='23' x='-2' y='-42'/>
    <tile type='desert' id='24' x='-3' y='-43'/>
    <tile type='desert' id='35' x='-4' y='-44'/>
    <tile type='desert' id='45' x='-5' y='-45'/>
    <tile type='desert' id='68' x='-6' y='-46'/>
    <tile type='desert' id='66' x='-8' y='-48'/>
    <tile type='desert' id='25' x='-22' y='-62'/>
    <tile type='desert' id='33' x='-23' y='-63'/>
    <tile type='desert' id='31' x='-24' y='-64'/>
    <tile type='desert' id='25' x='-25' y='-65'/>
    <tile type='desert' id='34' x='-26' y='-66'/>
    <tile type='desert' id='31' x='-27' y='-67'/>
    <tile type='desert' id='32' x='20' y='-21'/>
    <tile type='desert' id='68' x='16' y='-25'/>
    <tile type='desert' id='23' x='12' y='-29'/>
    <tile type='desert' id='25' x='9' y='-32'/>
    <tile type='desert' id='28' x='8' y='-33'/>
    <tile type='desert' id='28' x='7' y='-34'/>
    <tile type='desert' id='28' x='6' y='-35'/>
    <tile type='desert' id='28' x='5' y='-36'/>
    <tile type='desert' id='21' x='4' y='-37'/>
    <tile type='desert' id='27' x='3' y='-38'/>
    <tile type='desert' id='21' x='2' y='-39'/>
    <tile type='desert' id='45' x='1' y='-40'/>
    <tile type='desert' id='28' x='0' y='-41'/>
    <tile type='desert' id='24' x='-1' y='-42'/>
    <tile type='desert' id='24' x='-2' y='-43'/>
    <tile type='desert' id='24' x='-3' y='-44'/>
    <tile type='desert' id='68' x='-4' y='-45'/>
    <tile type='desert' id='68' x='-10' y='-51'/>
    <tile type='desert' id='67' x='-12' y='-53'/>
    <tile type='desert' id='66' x='-14' y='-55'/>
    <tile type='desert' id='67' x='-16' y='-57'/>
    <tile type='desert' id='30' x='-17' y='-58'/>
    <tile type='desert' id='68' x='-19' y='-60'/>
    <tile type='desert' id='34' x='-21' y='-62'/>
    <tile type='desert' id='29' x='-22' y='-63'/>
    <tile type='desert' id='30' x='-23' y='-64'/>
    <tile type='desert' id='25' x='-24' y='-65'/>
    <tile type='desert' id='26' x='-25' y='-66'/>
    <tile type='desert' id='32' x='-26' y='-67'/>
    <tile type='desert' id='25' x='20' y='-22'/>
    <tile type='desert' id='68' x='19' y='-23'/>
    <tile type='desert' id='66' x='15' y='-27'/>
    <tile type='desert' id='48' x='13' y='-29'/>
    <tile type='desert' id='48' x='12' y='-30'/>
    <tile type='desert' id='28' x='10' y='-32'/>
    <tile type='desert' id='40' x='9' y='-33'/>
    <tile type='desert' id='28' x='8' y='-34'/>
    <tile type='desert' id='28' x='7' y='-35'/>
    <tile type='desert' id='24' x='6' y='-36'/>
    <tile type='desert' id='24' x='5' y='-37'/>
    <tile type='desert' id='24' x='4' y='-38'/>
    <tile type='desert' id='24' x='3' y='-39'/>
    <tile type='desert' id='24' x='2' y='-40'/>
    <tile type='desert' id='24' x='1' y='-41'/>
    <tile type='desert' id='24' x='0' y='-42'/>
    <tile type='desert' id='25' x='-1' y='-43'/>
    <tile type='desert' id='25' x='-2' y='-44'/>
    <tile type='desert' id='66' x='-6' y='-48'/>
    <tile type='desert' id='66' x='-8' y='-50'/>
    <tile type='desert' id='68' x='-17' y='-59'/>
    <tile type='desert' id='40' x='-20' y='-62'/>
    <tile type='desert' id='28' x='21' y='-22'/>
    <tile type='desert' id='68' x='18' y='-25'/>
    <tile type='desert' id='48' x='14' y='-29'/>
    <tile type='desert' id='67' x='13' y='-30'/>
    <tile type='desert' id='48' x='12' y='-31'/>
    <tile type='desert' id='28' x='11' y='-32'/>
    <tile type='desert' id='28' x='10' y='-33'/>
    <tile type='desert' id='28' x='9' y='-34'/>
    <tile type='desert' id='28' x='8' y='-35'/>
    <tile type='desert' id='28' x='7' y='-36'/>
    <tile type='desert' id='28' x='6' y='-37'/>
    <tile type='desert' id='24' x='5' y='-38'/>
    <tile type='desert' id='24' x='4' y='-39'/>
    <tile type='desert' id='24' x='3' y='-40'/>
    <tile type='desert' id='24' x='2' y='-41'/>
    <tile type='desert' id='40' x='1' y='-42'/>
    <tile type='desert' id='35' x='0' y='-43'/>
    <tile type='desert' id='48' x='-1' y='-44'/>
    <tile type='desert' id='68' x='-2' y='-45'/>
    <tile type='desert' id='67' x='-4' y='-47'/>
    <tile type='desert' id='66' x='-10' y='-53'/>
    <tile type='desert' id='68' x='-12' y='-55'/>
    <tile type='desert' id='68' x='-14' y='-57'/>
    <tile type='desert' id='68' x='-19' y='-62'/>
    <tile type='desert' id='34' x='21' y='-23'/>
    <tile type='desert' id='68' x='17' y='-27'/>
    <tile type='desert' id='66' x='15' y='-29'/>
    <tile type='desert' id='48' x='12' y='-32'/>
    <tile type='desert' id='40' x='11' y='-33'/>
    <tile type='desert' id='28' x='10' y='-34'/>
    <tile type='desert' id='28' x='9' y='-35'/>
    <tile type='desert' id='28' x='8' y='-36'/>
    <tile type='desert' id='28' x='7' y='-37'/>
    <tile type='desert' id='40' x='6' y='-38'/>
    <tile type='desert' id='24' x='5' y='-39'/>
    <tile type='desert' id='24' x='4' y='-40'/>
    <tile type='desert' id='24' x='3' y='-41'/>
    <tile type='desert' id='21' x='2' y='-42'/>
    <tile type='desert' id='48' x='1' y='-43'/>
    <tile type='desert' id='68' x='0' y='-44'/>
    <tile type='desert' id='66' x='-6' y='-50'/>
    <tile type='desert' id='66' x='-8' y='-52'/>
    <tile type='desert' id='68' x='-15' y='-59'/>
    <tile type='desert' id='68' x='-17' y='-61'/>
    <tile type='desert' id='24' x='21' y='-24'/>
    <tile type='desert' id='27' x='20' y='-25'/>
    <tile type='desert' id='48' x='13' y='-32'/>
    <tile type='desert' id='28' x='12' y='-33'/>
    <tile type='desert' id='28' x='11' y='-34'/>
    <tile type='desert' id='28' x='10' y='-35'/>
    <tile type='desert' id='28' x='9' y='-36'/>
    <tile type='desert' id='28' x='8' y='-37'/>
    <tile type='desert' id='28' x='7' y='-38'/>
    <tile type='desert' id='24' x='6' y='-39'/>
    <tile type='desert' id='24' x='5' y='-40'/>
    <tile type='desert' id='24' x='4' y='-41'/>
    <tile type='desert' id='24' x='3' y='-42'/>
    <tile type='desert' id='48' x='2' y='-43'/>
    <tile type='desert' id='30' x='-2' y='-47'/>
    <tile type='desert' id='40' x='-4' y='-49'/>
    <tile type='desert' id='35' x='-10' y='-55'/>
    <tile type='desert' id='29' x='-12' y='-57'/>
    <tile type='desert' id='35' x='21' y='-25'/>
    <tile type='desert' id='34' x='20' y='-26'/>
    <tile type='desert' id='21' x='19' y='-27'/>
    <tile type='desert' id='24' x='17' y='-29'/>
    <tile type='desert' id='30' x='15' y='-31'/>
    <tile type='desert' id='28' x='12' y='-34'/>
    <tile type='desert' id='28' x='10' y='-36'/>
    <tile type='desert' id='28' x='9' y='-37'/>
    <tile type='desert' id='28' x='8' y='-38'/>
    <tile type='desert' id='24' x='6' y='-40'/>
    <tile type='desert' id='24' x='5' y='-41'/>
    <tile type='desert' id='24' x='4' y='-42'/>
    <tile type='desert' id='27' x='0' y='-46'/>
    <tile type='desert' id='30' x='-2' y='-48'/>
    <tile type='desert' id='27' x='-6' y='-52'/>
    <tile type='desert' id='40' x='-8' y='-54'/>
    <tile type='desert' id='31' x='-9' y='-55'/>
    <tile type='desert' id='23' x='-11' y='-57'/>
    <tile type='desert' id='33' x='-12' y='-58'/>
    <tile type='desert' id='40' x='-15' y='-61'/>
    <tile type='desert' id='25' x='-17' y='-63'/>
    <tile type='desert' id='24' x='-21' y='-63'/>
    <tile type='desert' id='24' x='-20' y='-63'/>
    <tile type='desert' id='24' x='-21' y='-64'/>
    <tile type='desert' id='24' x='-13' y='-59'/>
    <tile type='desert' id='24' x='-18' y='-64'/>
    <tile type='desert' id='24' x='-19' y='-64'/>
    <tile type='desert' id='24' x='-20' y='-64'/>
    <tile type='desert' id='24' x='-22' y='-64'/>
    <tile type='desert' id='24' x='-23' y='-65'/>
    <tile type='desert' id='24' x='-21' y='-65'/>
    <tile type='desert' id='24' x='-20' y='-65'/>
    <tile type='desert' id='24' x='-19' y='-65'/>
    <tile type='desert' id='24' x='-20' y='-66'/>
    <tile type='desert' id='24' x='-21' y='-66'/>
    <tile type='desert' id='24' x='-22' y='-66'/>
    <tile type='desert' id='24' x='-22' y='-65'/>
    <tile type='desert' id='24' x='-23' y='-66'/>
    <tile type='desert' id='24' x='-24' y='-66'/>
    <tile type='desert' id='24' x='-25' y='-67'/>
    <tile type='desert' id='24' x='-24' y='-67'/>
    <tile type='desert' id='24' x='-23' y='-67'/>
    <tile type='desert' id='24' x='-21' y='-67'/>
    <tile type='desert' id='24' x='-22' y='-67'/>
    <tile type='desert' id='24' x='-22' y='-68'/>
    <tile type='desert' id='24' x='-23' y='-68'/>
    <tile type='desert' id='24' x='-24' y='-68'/>
    <tile type='desert' id='24' x='-25' y='-68'/>
    <tile type='desert' id='24' x='-26' y='-68'/>
    <tile type='desert' id='24' x='-25' y='-69'/>
    <tile type='desert' id='24' x='-24' y='-69'/>
    <tile type='desert' id='24' x='-23' y='-69'/>
    <tile type='desert' id='24' x='-24' y='-70'/>
    <tile type='desert' id='24' x='-10' y='-56'/>
    <tile type='desert' id='24' x='-3' y='-49'/>
    <tile type='desert' id='24' x='-1' y='-47'/>
    <tile type='desert' id='24' x='3' y='-43'/>
    <tile type='desert' id='24' x='2' y='-44'/>
    <tile type='desert' id='24' x='7' y='-39'/>
    <tile type='desert' id='24' x='11' y='-35'/>
    <tile type='desert' id='24' x='13' y='-33'/>
    <tile type='desert' id='24' x='14' y='-32'/>
    <tile type='desert' id='24' x='23' y='-23'/>
    <tile type='desert' id='24' x='22' y='-24'/>
    <tile type='desert' id='24' x='22' y='-23'/>
    <tile type='desert' id='24' x='22' y='-22'/>
    <tile type='desert' id='24' x='21' y='-21'/>
    <tile type='desert' id='24' x='20' y='-20'/>
    <tile type='desert' id='24' x='19' y='-19'/>
    <tile type='desert' id='24' x='18' y='-18'/>
    <tile type='desert' id='24' x='17' y='-17'/>
    <tile type='desert' id='24' x='16' y='-16'/>
    <tile type='desert' id='24' x='15' y='-15'/>
    <tile type='desert' id='24' x='14' y='-14'/>
    <tile type='desert' id='24' x='13' y='-13'/>
    <tile type='desert' id='24' x='12' y='-12'/>
    <tile type='desert' id='24' x='11' y='-11'/>
    <tile type='desert' id='24' x='10' y='-10'/>
    <tile type='desert' id='24' x='9' y='-9'/>
    <tile type='desert' id='24' x='8' y='-8'/>
    <tile type='desert' id='24' x='7' y='-7'/>
    <tile type='desert' id='24' x='6' y='-6'/>
    <tile type='desert' id='24' x='5' y='-5'/>
    <tile type='desert' id='24' x='4' y='-4'/>
    <tile type='desert' id='24' x='3' y='-3'/>
    <tile type='desert' id='24' x='2' y='-2'/>
    <tile type='desert' id='24' x='1' y='-1'/>
    <tile type='desert' id='24' x='0' y='0'/>
    <tile type='desert' id='24' x='-4' y='-50'/>
  </surface>
  <buildings>
  </buildings>
</map>