<?xml version='1.0' encoding='UTF-8'?>
<map version='1.0'>
  <surface height='37' width='24'>
    <tile id='45' type='liquid' y='-1' x='-1'/>
    <tile id='42' type='liquid' y='-2' x='-2'/>
    <tile id='40' type='liquid' y='-3' x='-3'/>
    <tile id='41' type='liquid' y='-4' x='-4'/>
    <tile id='21' type='liquid' y='-5' x='-5'/>
    <tile id='38' type='liquid' y='-6' x='-6'/>
    <tile id='33' type='liquid' y='-7' x='-7'/>
    <tile id='39' type='liquid' y='-8' x='-8'/>
    <tile id='33' type='liquid' y='-9' x='-9'/>
    <tile id='54' type='liquid' y='-10' x='-10'/>
    <tile id='21' type='liquid' y='-11' x='-11'/>
    <tile id='40' type='liquid' y='-12' x='-12'/>
    <tile id='44' type='liquid' y='-13' x='-13'/>
    <tile id='26' type='liquid' y='-14' x='-14'/>
    <tile id='55' type='liquid' y='-15' x='-15'/>
    <tile id='32' type='liquid' y='-16' x='-16'/>
    <tile id='58' type='liquid' y='-17' x='-17'/>
    <tile id='50' type='liquid' y='-18' x='-18'/>
    <tile id='39' type='liquid' y='-19' x='-19'/>
    <tile id='53' type='liquid' y='-20' x='-20'/>
    <tile id='40' type='liquid' y='-21' x='-21'/>
    <tile id='24' type='liquid' y='-22' x='-22'/>
    <tile id='59' type='liquid' y='-23' x='-23'/>
    <tile id='59' type='liquid' y='-24' x='-24'/>
    <tile id='42' type='liquid' y='-25' x='-25'/>
    <tile id='39' type='liquid' y='-26' x='-26'/>
    <tile id='37' type='liquid' y='-27' x='-27'/>
    <tile id='59' type='liquid' y='-28' x='-28'/>
    <tile id='37' type='liquid' y='-29' x='-29'/>
    <tile id='22' type='liquid' y='-30' x='-30'/>
    <tile id='53' type='liquid' y='-31' x='-31'/>
    <tile id='42' type='liquid' y='-32' x='-32'/>
    <tile id='55' type='liquid' y='-33' x='-33'/>
    <tile id='54' type='liquid' y='-34' x='-34'/>
    <tile id='49' type='liquid' y='-35' x='-35'/>
    <tile id='60' type='liquid' y='-36' x='-36'/>
    <tile id='59' type='liquid' y='-1' x='0'/>
    <tile id='29' type='liquid' y='-2' x='-1'/>
    <tile id='50' type='liquid' y='-3' x='-2'/>
    <tile id='21' type='liquid' y='-4' x='-3'/>
    <tile id='21' type='liquid' y='-5' x='-4'/>
    <tile id='23' type='liquid' y='-6' x='-5'/>
    <tile id='23' type='liquid' y='-7' x='-6'/>
    <tile id='21' type='liquid' y='-8' x='-7'/>
    <tile id='21' type='liquid' y='-9' x='-8'/>
    <tile id='21' type='liquid' y='-10' x='-9'/>
    <tile id='21' type='liquid' y='-11' x='-10'/>
    <tile id='21' type='liquid' y='-12' x='-11'/>
    <tile id='21' type='liquid' y='-13' x='-12'/>
    <tile id='21' type='liquid' y='-14' x='-13'/>
    <tile id='21' type='liquid' y='-15' x='-14'/>
    <tile id='21' type='liquid' y='-16' x='-15'/>
    <tile id='21' type='liquid' y='-17' x='-16'/>
    <tile id='21' type='liquid' y='-18' x='-17'/>
    <tile id='21' type='liquid' y='-19' x='-18'/>
    <tile id='21' type='liquid' y='-20' x='-19'/>
    <tile id='21' type='liquid' y='-21' x='-20'/>
    <tile id='21' type='liquid' y='-22' x='-21'/>
    <tile id='21' type='liquid' y='-23' x='-22'/>
    <tile id='21' type='liquid' y='-24' x='-23'/>
    <tile id='21' type='liquid' y='-25' x='-24'/>
    <tile id='21' type='liquid' y='-26' x='-25'/>
    <tile id='21' type='liquid' y='-27' x='-26'/>
    <tile id='47' type='liquid' y='-28' x='-27'/>
    <tile id='21' type='liquid' y='-29' x='-28'/>
    <tile id='21' type='liquid' y='-30' x='-29'/>
    <tile id='21' type='liquid' y='-31' x='-30'/>
    <tile id='21' type='liquid' y='-32' x='-31'/>
    <tile id='21' type='liquid' y='-33' x='-32'/>
    <tile id='21' type='liquid' y='-34' x='-33'/>
    <tile id='21' type='liquid' y='-35' x='-34'/>
    <tile id='21' type='liquid' y='-36' x='-35'/>
    <tile id='24' type='liquid' y='-2' x='0'/>
    <tile id='24' type='liquid' y='-3' x='-1'/>
    <tile id='21' type='liquid' y='-4' x='-2'/>
    <tile id='21' type='liquid' y='-5' x='-3'/>
    <tile id='21' type='liquid' y='-6' x='-4'/>
    <tile id='21' type='liquid' y='-7' x='-5'/>
    <tile id='21' type='liquid' y='-8' x='-6'/>
    <tile id='21' type='liquid' y='-9' x='-7'/>
    <tile id='21' type='liquid' y='-10' x='-8'/>
    <tile id='21' type='liquid' y='-11' x='-9'/>
    <tile id='106' type='liquid' y='-12' x='-10'/>
    <tile id='21' type='liquid' y='-13' x='-11'/>
    <tile id='21' type='liquid' y='-14' x='-12'/>
    <tile id='21' type='liquid' y='-15' x='-13'/>
    <tile id='21' type='liquid' y='-16' x='-14'/>
    <tile id='21' type='liquid' y='-17' x='-15'/>
    <tile id='21' type='liquid' y='-18' x='-16'/>
    <tile id='21' type='liquid' y='-19' x='-17'/>
    <tile id='21' type='liquid' y='-20' x='-18'/>
    <tile id='21' type='liquid' y='-21' x='-19'/>
    <tile id='21' type='liquid' y='-22' x='-20'/>
    <tile id='21' type='liquid' y='-23' x='-21'/>
    <tile id='21' type='liquid' y='-24' x='-22'/>
    <tile id='21' type='liquid' y='-25' x='-23'/>
    <tile id='21' type='liquid' y='-26' x='-24'/>
    <tile id='21' type='liquid' y='-27' x='-25'/>
    <tile id='21' type='liquid' y='-28' x='-26'/>
    <tile id='21' type='liquid' y='-29' x='-27'/>
    <tile id='21' type='liquid' y='-30' x='-28'/>
    <tile id='21' type='liquid' y='-31' x='-29'/>
    <tile id='21' type='liquid' y='-32' x='-30'/>
    <tile id='21' type='liquid' y='-33' x='-31'/>
    <tile id='21' type='liquid' y='-34' x='-32'/>
    <tile id='21' type='liquid' y='-35' x='-33'/>
    <tile id='21' type='liquid' y='-36' x='-34'/>
    <tile id='21' type='liquid' y='-37' x='-35'/>
    <tile id='45' type='liquid' y='-2' x='1'/>
    <tile id='32' type='liquid' y='-3' x='0'/>
    <tile id='21' type='liquid' y='-4' x='-1'/>
    <tile id='21' type='liquid' y='-5' x='-2'/>
    <tile id='21' type='liquid' y='-6' x='-3'/>
    <tile id='21' type='liquid' y='-7' x='-4'/>
    <tile id='21' type='liquid' y='-8' x='-5'/>
    <tile id='21' type='liquid' y='-9' x='-6'/>
    <tile id='21' type='liquid' y='-10' x='-7'/>
    <tile id='21' type='liquid' y='-11' x='-8'/>
    <tile id='21' type='liquid' y='-14' x='-11'/>
    <tile id='21' type='liquid' y='-15' x='-12'/>
    <tile id='21' type='liquid' y='-16' x='-13'/>
    <tile id='21' type='liquid' y='-17' x='-14'/>
    <tile id='21' type='liquid' y='-18' x='-15'/>
    <tile id='23' type='liquid' y='-19' x='-16'/>
    <tile id='21' type='liquid' y='-20' x='-17'/>
    <tile id='21' type='liquid' y='-21' x='-18'/>
    <tile id='21' type='liquid' y='-22' x='-19'/>
    <tile id='21' type='liquid' y='-23' x='-20'/>
    <tile id='21' type='liquid' y='-24' x='-21'/>
    <tile id='22' type='liquid' y='-25' x='-22'/>
    <tile id='21' type='liquid' y='-26' x='-23'/>
    <tile id='21' type='liquid' y='-27' x='-24'/>
    <tile id='21' type='liquid' y='-28' x='-25'/>
    <tile id='21' type='liquid' y='-29' x='-26'/>
    <tile id='21' type='liquid' y='-30' x='-27'/>
    <tile id='21' type='liquid' y='-31' x='-28'/>
    <tile id='21' type='liquid' y='-32' x='-29'/>
    <tile id='21' type='liquid' y='-33' x='-30'/>
    <tile id='21' type='liquid' y='-34' x='-31'/>
    <tile id='21' type='liquid' y='-35' x='-32'/>
    <tile id='21' type='liquid' y='-36' x='-33'/>
    <tile id='21' type='liquid' y='-37' x='-34'/>
    <tile id='48' type='liquid' y='-3' x='1'/>
    <tile id='42' type='liquid' y='-4' x='0'/>
    <tile id='21' type='liquid' y='-5' x='-1'/>
    <tile id='21' type='liquid' y='-6' x='-2'/>
    <tile id='21' type='liquid' y='-7' x='-3'/>
    <tile id='22' type='liquid' y='-8' x='-4'/>
    <tile id='21' type='liquid' y='-9' x='-5'/>
    <tile id='21' type='liquid' y='-10' x='-6'/>
    <tile id='21' type='liquid' y='-11' x='-7'/>
    <tile id='21' type='liquid' y='-14' x='-10'/>
    <tile id='23' type='liquid' y='-15' x='-11'/>
    <tile id='23' type='liquid' y='-16' x='-12'/>
    <tile id='21' type='liquid' y='-17' x='-13'/>
    <tile id='23' type='liquid' y='-18' x='-14'/>
    <tile id='23' type='liquid' y='-19' x='-15'/>
    <tile id='21' type='liquid' y='-20' x='-16'/>
    <tile id='21' type='liquid' y='-21' x='-17'/>
    <tile id='21' type='liquid' y='-22' x='-18'/>
    <tile id='21' type='liquid' y='-23' x='-19'/>
    <tile id='22' type='liquid' y='-24' x='-20'/>
    <tile id='21' type='liquid' y='-25' x='-21'/>
    <tile id='21' type='liquid' y='-26' x='-22'/>
    <tile id='21' type='liquid' y='-27' x='-23'/>
    <tile id='21' type='liquid' y='-28' x='-24'/>
    <tile id='21' type='liquid' y='-29' x='-25'/>
    <tile id='21' type='liquid' y='-30' x='-26'/>
    <tile id='21' type='liquid' y='-31' x='-27'/>
    <tile id='21' type='liquid' y='-32' x='-28'/>
    <tile id='21' type='liquid' y='-33' x='-29'/>
    <tile id='21' type='liquid' y='-34' x='-30'/>
    <tile id='23' type='liquid' y='-35' x='-31'/>
    <tile id='21' type='liquid' y='-36' x='-32'/>
    <tile id='48' type='liquid' y='-37' x='-33'/>
    <tile id='21' type='liquid' y='-38' x='-34'/>
    <tile id='33' type='liquid' y='-3' x='2'/>
    <tile id='34' type='liquid' y='-4' x='1'/>
    <tile id='21' type='liquid' y='-5' x='0'/>
    <tile id='21' type='liquid' y='-6' x='-1'/>
    <tile id='21' type='liquid' y='-7' x='-2'/>
    <tile id='21' type='liquid' y='-8' x='-3'/>
    <tile id='22' type='liquid' y='-9' x='-4'/>
    <tile id='22' type='liquid' y='-10' x='-5'/>
    <tile id='21' type='liquid' y='-11' x='-6'/>
    <tile id='22' type='liquid' y='-12' x='-7'/>
    <tile id='21' type='liquid' y='-14' x='-9'/>
    <tile id='23' type='liquid' y='-15' x='-10'/>
    <tile id='23' type='liquid' y='-16' x='-11'/>
    <tile id='23' type='liquid' y='-17' x='-12'/>
    <tile id='21' type='liquid' y='-18' x='-13'/>
    <tile id='23' type='liquid' y='-19' x='-14'/>
    <tile id='21' type='liquid' y='-20' x='-15'/>
    <tile id='21' type='liquid' y='-21' x='-16'/>
    <tile id='21' type='liquid' y='-22' x='-17'/>
    <tile id='21' type='liquid' y='-23' x='-18'/>
    <tile id='21' type='liquid' y='-24' x='-19'/>
    <tile id='21' type='liquid' y='-25' x='-20'/>
    <tile id='22' type='liquid' y='-26' x='-21'/>
    <tile id='21' type='liquid' y='-27' x='-22'/>
    <tile id='21' type='liquid' y='-28' x='-23'/>
    <tile id='97' type='liquid' y='-29' x='-24'/>
    <tile id='21' type='liquid' y='-30' x='-25'/>
    <tile id='23' type='liquid' y='-31' x='-26'/>
    <tile id='23' type='liquid' y='-32' x='-27'/>
    <tile id='23' type='liquid' y='-33' x='-28'/>
    <tile id='23' type='liquid' y='-34' x='-29'/>
    <tile id='23' type='liquid' y='-35' x='-30'/>
    <tile id='23' type='liquid' y='-36' x='-31'/>
    <tile id='21' type='liquid' y='-37' x='-32'/>
    <tile id='21' type='liquid' y='-38' x='-33'/>
    <tile id='49' type='liquid' y='-4' x='2'/>
    <tile id='43' type='liquid' y='-5' x='1'/>
    <tile id='21' type='liquid' y='-6' x='0'/>
    <tile id='21' type='liquid' y='-7' x='-1'/>
    <tile id='21' type='liquid' y='-8' x='-2'/>
    <tile id='22' type='liquid' y='-9' x='-3'/>
    <tile id='22' type='liquid' y='-10' x='-4'/>
    <tile id='22' type='liquid' y='-11' x='-5'/>
    <tile id='22' type='liquid' y='-12' x='-6'/>
    <tile id='21' type='liquid' y='-13' x='-7'/>
    <tile id='21' type='liquid' y='-14' x='-8'/>
    <tile id='23' type='liquid' y='-15' x='-9'/>
    <tile id='23' type='liquid' y='-16' x='-10'/>
    <tile id='23' type='liquid' y='-17' x='-11'/>
    <tile id='23' type='liquid' y='-18' x='-12'/>
    <tile id='21' type='liquid' y='-19' x='-13'/>
    <tile id='21' type='liquid' y='-20' x='-14'/>
    <tile id='21' type='liquid' y='-21' x='-15'/>
    <tile id='21' type='liquid' y='-22' x='-16'/>
    <tile id='21' type='liquid' y='-23' x='-17'/>
    <tile id='21' type='liquid' y='-24' x='-18'/>
    <tile id='21' type='liquid' y='-25' x='-19'/>
    <tile id='21' type='liquid' y='-26' x='-20'/>
    <tile id='63' type='liquid' y='-27' x='-21'/>
    <tile id='21' type='liquid' y='-28' x='-22'/>
    <tile id='21' type='liquid' y='-31' x='-25'/>
    <tile id='21' type='liquid' y='-32' x='-26'/>
    <tile id='21' type='liquid' y='-33' x='-27'/>
    <tile id='23' type='liquid' y='-34' x='-28'/>
    <tile id='23' type='liquid' y='-35' x='-29'/>
    <tile id='23' type='liquid' y='-36' x='-30'/>
    <tile id='23' type='liquid' y='-37' x='-31'/>
    <tile id='23' type='liquid' y='-38' x='-32'/>
    <tile id='21' type='liquid' y='-39' x='-33'/>
    <tile id='35' type='liquid' y='-4' x='3'/>
    <tile id='41' type='liquid' y='-5' x='2'/>
    <tile id='21' type='liquid' y='-6' x='1'/>
    <tile id='21' type='liquid' y='-7' x='0'/>
    <tile id='21' type='liquid' y='-8' x='-1'/>
    <tile id='21' type='liquid' y='-9' x='-2'/>
    <tile id='22' type='liquid' y='-10' x='-3'/>
    <tile id='22' type='liquid' y='-11' x='-4'/>
    <tile id='21' type='liquid' y='-12' x='-5'/>
    <tile id='21' type='liquid' y='-13' x='-6'/>
    <tile id='21' type='liquid' y='-14' x='-7'/>
    <tile id='23' type='liquid' y='-15' x='-8'/>
    <tile id='23' type='liquid' y='-16' x='-9'/>
    <tile id='23' type='liquid' y='-17' x='-10'/>
    <tile id='23' type='liquid' y='-18' x='-11'/>
    <tile id='21' type='liquid' y='-19' x='-12'/>
    <tile id='21' type='liquid' y='-20' x='-13'/>
    <tile id='21' type='liquid' y='-21' x='-14'/>
    <tile id='21' type='liquid' y='-22' x='-15'/>
    <tile id='21' type='liquid' y='-23' x='-16'/>
    <tile id='21' type='liquid' y='-24' x='-17'/>
    <tile id='21' type='liquid' y='-25' x='-18'/>
    <tile id='21' type='liquid' y='-26' x='-19'/>
    <tile id='21' type='liquid' y='-27' x='-20'/>
    <tile id='23' type='liquid' y='-28' x='-21'/>
    <tile id='23' type='liquid' y='-29' x='-22'/>
    <tile id='21' type='liquid' y='-31' x='-24'/>
    <tile id='21' type='liquid' y='-32' x='-25'/>
    <tile id='21' type='liquid' y='-33' x='-26'/>
    <tile id='21' type='liquid' y='-34' x='-27'/>
    <tile id='23' type='liquid' y='-35' x='-28'/>
    <tile id='23' type='liquid' y='-36' x='-29'/>
    <tile id='23' type='liquid' y='-37' x='-30'/>
    <tile id='23' type='liquid' y='-38' x='-31'/>
    <tile id='21' type='liquid' y='-39' x='-32'/>
    <tile id='25' type='liquid' y='-5' x='3'/>
    <tile id='31' type='liquid' y='-6' x='2'/>
    <tile id='21' type='liquid' y='-7' x='1'/>
    <tile id='21' type='liquid' y='-8' x='0'/>
    <tile id='21' type='liquid' y='-9' x='-1'/>
    <tile id='22' type='liquid' y='-10' x='-2'/>
    <tile id='21' type='liquid' y='-11' x='-3'/>
    <tile id='21' type='liquid' y='-12' x='-4'/>
    <tile id='21' type='liquid' y='-13' x='-5'/>
    <tile id='23' type='liquid' y='-14' x='-6'/>
    <tile id='23' type='liquid' y='-15' x='-7'/>
    <tile id='23' type='liquid' y='-16' x='-8'/>
    <tile id='23' type='liquid' y='-17' x='-9'/>
    <tile id='23' type='liquid' y='-18' x='-10'/>
    <tile id='23' type='liquid' y='-19' x='-11'/>
    <tile id='23' type='liquid' y='-20' x='-12'/>
    <tile id='21' type='liquid' y='-21' x='-13'/>
    <tile id='21' type='liquid' y='-22' x='-14'/>
    <tile id='21' type='liquid' y='-23' x='-15'/>
    <tile id='21' type='liquid' y='-24' x='-16'/>
    <tile id='65' type='liquid' y='-25' x='-17'/>
    <tile id='21' type='liquid' y='-26' x='-18'/>
    <tile id='23' type='liquid' y='-27' x='-19'/>
    <tile id='21' type='liquid' y='-28' x='-20'/>
    <tile id='21' type='liquid' y='-29' x='-21'/>
    <tile id='21' type='liquid' y='-30' x='-22'/>
    <tile id='21' type='liquid' y='-31' x='-23'/>
    <tile id='119' type='liquid' y='-32' x='-24'/>
    <tile id='21' type='liquid' y='-33' x='-25'/>
    <tile id='21' type='liquid' y='-34' x='-26'/>
    <tile id='21' type='liquid' y='-35' x='-27'/>
    <tile id='23' type='liquid' y='-36' x='-28'/>
    <tile id='23' type='liquid' y='-37' x='-29'/>
    <tile id='23' type='liquid' y='-38' x='-30'/>
    <tile id='21' type='liquid' y='-39' x='-31'/>
    <tile id='21' type='liquid' y='-40' x='-32'/>
    <tile id='37' type='liquid' y='-5' x='4'/>
    <tile id='32' type='liquid' y='-6' x='3'/>
    <tile id='21' type='liquid' y='-7' x='2'/>
    <tile id='21' type='liquid' y='-8' x='1'/>
    <tile id='21' type='liquid' y='-9' x='0'/>
    <tile id='21' type='liquid' y='-10' x='-1'/>
    <tile id='21' type='liquid' y='-11' x='-2'/>
    <tile id='23' type='liquid' y='-12' x='-3'/>
    <tile id='21' type='liquid' y='-13' x='-4'/>
    <tile id='21' type='liquid' y='-14' x='-5'/>
    <tile id='23' type='liquid' y='-15' x='-6'/>
    <tile id='23' type='liquid' y='-16' x='-7'/>
    <tile id='23' type='liquid' y='-17' x='-8'/>
    <tile id='22' type='liquid' y='-18' x='-9'/>
    <tile id='23' type='liquid' y='-19' x='-10'/>
    <tile id='23' type='liquid' y='-20' x='-11'/>
    <tile id='21' type='liquid' y='-21' x='-12'/>
    <tile id='21' type='liquid' y='-22' x='-13'/>
    <tile id='63' type='liquid' y='-23' x='-14'/>
    <tile id='21' type='liquid' y='-24' x='-15'/>
    <tile id='65' type='liquid' y='-25' x='-16'/>
    <tile id='64' type='liquid' y='-26' x='-17'/>
    <tile id='65' type='liquid' y='-27' x='-18'/>
    <tile id='64' type='liquid' y='-28' x='-19'/>
    <tile id='23' type='liquid' y='-29' x='-20'/>
    <tile id='21' type='liquid' y='-30' x='-21'/>
    <tile id='21' type='liquid' y='-31' x='-22'/>
    <tile id='21' type='liquid' y='-34' x='-25'/>
    <tile id='24' type='liquid' y='-35' x='-26'/>
    <tile id='24' type='liquid' y='-36' x='-27'/>
    <tile id='23' type='liquid' y='-37' x='-28'/>
    <tile id='23' type='liquid' y='-38' x='-29'/>
    <tile id='23' type='liquid' y='-39' x='-30'/>
    <tile id='21' type='liquid' y='-40' x='-31'/>
    <tile id='25' type='liquid' y='-6' x='4'/>
    <tile id='21' type='liquid' y='-7' x='3'/>
    <tile id='21' type='liquid' y='-8' x='2'/>
    <tile id='21' type='liquid' y='-9' x='1'/>
    <tile id='23' type='liquid' y='-10' x='0'/>
    <tile id='23' type='liquid' y='-11' x='-1'/>
    <tile id='21' type='liquid' y='-12' x='-2'/>
    <tile id='97' type='liquid' y='-13' x='-3'/>
    <tile id='21' type='liquid' y='-14' x='-4'/>
    <tile id='21' type='liquid' y='-15' x='-5'/>
    <tile id='21' type='liquid' y='-16' x='-6'/>
    <tile id='23' type='liquid' y='-17' x='-7'/>
    <tile id='23' type='liquid' y='-18' x='-8'/>
    <tile id='23' type='liquid' y='-19' x='-9'/>
    <tile id='21' type='liquid' y='-20' x='-10'/>
    <tile id='21' type='liquid' y='-21' x='-11'/>
    <tile id='21' type='liquid' y='-22' x='-12'/>
    <tile id='65' type='liquid' y='-23' x='-13'/>
    <tile id='65' type='liquid' y='-24' x='-14'/>
    <tile id='65' type='liquid' y='-25' x='-15'/>
    <tile id='64' type='liquid' y='-26' x='-16'/>
    <tile id='65' type='liquid' y='-27' x='-17'/>
    <tile id='65' type='liquid' y='-28' x='-18'/>
    <tile id='65' type='liquid' y='-29' x='-19'/>
    <tile id='21' type='liquid' y='-30' x='-20'/>
    <tile id='21' type='liquid' y='-31' x='-21'/>
    <tile id='21' type='liquid' y='-35' x='-25'/>
    <tile id='24' type='liquid' y='-36' x='-26'/>
    <tile id='23' type='liquid' y='-37' x='-27'/>
    <tile id='23' type='liquid' y='-38' x='-28'/>
    <tile id='23' type='liquid' y='-39' x='-29'/>
    <tile id='21' type='liquid' y='-40' x='-30'/>
    <tile id='21' type='liquid' y='-41' x='-31'/>
    <tile id='22' type='liquid' y='-6' x='5'/>
    <tile id='40' type='liquid' y='-7' x='4'/>
    <tile id='21' type='liquid' y='-8' x='3'/>
    <tile id='110' type='liquid' y='-9' x='2'/>
    <tile id='21' type='liquid' y='-10' x='1'/>
    <tile id='23' type='liquid' y='-11' x='0'/>
    <tile id='22' type='liquid' y='-12' x='-1'/>
    <tile id='22' type='liquid' y='-15' x='-4'/>
    <tile id='21' type='liquid' y='-16' x='-5'/>
    <tile id='23' type='liquid' y='-17' x='-6'/>
    <tile id='23' type='liquid' y='-18' x='-7'/>
    <tile id='23' type='liquid' y='-19' x='-8'/>
    <tile id='21' type='liquid' y='-20' x='-9'/>
    <tile id='21' type='liquid' y='-21' x='-10'/>
    <tile id='21' type='liquid' y='-22' x='-11'/>
    <tile id='21' type='liquid' y='-23' x='-12'/>
    <tile id='64' type='liquid' y='-24' x='-13'/>
    <tile id='64' type='liquid' y='-25' x='-14'/>
    <tile id='64' type='liquid' y='-26' x='-15'/>
    <tile id='65' type='liquid' y='-27' x='-16'/>
    <tile id='23' type='liquid' y='-28' x='-17'/>
    <tile id='65' type='liquid' y='-29' x='-18'/>
    <tile id='64' type='liquid' y='-30' x='-19'/>
    <tile id='23' type='liquid' y='-31' x='-20'/>
    <tile id='21' type='liquid' y='-36' x='-25'/>
    <tile id='21' type='liquid' y='-37' x='-26'/>
    <tile id='23' type='liquid' y='-38' x='-27'/>
    <tile id='23' type='liquid' y='-39' x='-28'/>
    <tile id='23' type='liquid' y='-40' x='-29'/>
    <tile id='23' type='liquid' y='-41' x='-30'/>
    <tile id='55' type='liquid' y='-7' x='5'/>
    <tile id='46' type='liquid' y='-8' x='4'/>
    <tile id='21' type='liquid' y='-11' x='1'/>
    <tile id='22' type='liquid' y='-12' x='0'/>
    <tile id='22' type='liquid' y='-13' x='-1'/>
    <tile id='21' type='liquid' y='-15' x='-3'/>
    <tile id='22' type='liquid' y='-16' x='-4'/>
    <tile id='21' type='liquid' y='-17' x='-5'/>
    <tile id='23' type='liquid' y='-18' x='-6'/>
    <tile id='62' type='liquid' y='-19' x='-7'/>
    <tile id='22' type='liquid' y='-20' x='-8'/>
    <tile id='21' type='liquid' y='-21' x='-9'/>
    <tile id='21' type='liquid' y='-22' x='-10'/>
    <tile id='21' type='liquid' y='-23' x='-11'/>
    <tile id='21' type='liquid' y='-24' x='-12'/>
    <tile id='64' type='liquid' y='-25' x='-13'/>
    <tile id='64' type='liquid' y='-26' x='-14'/>
    <tile id='64' type='liquid' y='-27' x='-15'/>
    <tile id='62' type='liquid' y='-28' x='-16'/>
    <tile id='21' type='liquid' y='-29' x='-17'/>
    <tile id='64' type='liquid' y='-30' x='-18'/>
    <tile id='23' type='liquid' y='-31' x='-19'/>
    <tile id='23' type='liquid' y='-32' x='-20'/>
    <tile id='24' type='liquid' y='-36' x='-24'/>
    <tile id='21' type='liquid' y='-37' x='-25'/>
    <tile id='24' type='liquid' y='-38' x='-26'/>
    <tile id='23' type='liquid' y='-39' x='-27'/>
    <tile id='23' type='liquid' y='-40' x='-28'/>
    <tile id='23' type='liquid' y='-41' x='-29'/>
    <tile id='21' type='liquid' y='-42' x='-30'/>
    <tile id='58' type='liquid' y='-7' x='6'/>
    <tile id='37' type='liquid' y='-8' x='5'/>
    <tile id='21' type='liquid' y='-12' x='1'/>
    <tile id='21' type='liquid' y='-13' x='0'/>
    <tile id='21' type='liquid' y='-14' x='-1'/>
    <tile id='21' type='liquid' y='-15' x='-2'/>
    <tile id='21' type='liquid' y='-16' x='-3'/>
    <tile id='21' type='liquid' y='-17' x='-4'/>
    <tile id='23' type='liquid' y='-18' x='-5'/>
    <tile id='49' type='liquid' y='-19' x='-6'/>
    <tile id='49' type='liquid' y='-20' x='-7'/>
    <tile id='21' type='liquid' y='-21' x='-8'/>
    <tile id='22' type='liquid' y='-22' x='-9'/>
    <tile id='22' type='liquid' y='-23' x='-10'/>
    <tile id='21' type='liquid' y='-24' x='-11'/>
    <tile id='64' type='liquid' y='-25' x='-12'/>
    <tile id='64' type='liquid' y='-26' x='-13'/>
    <tile id='64' type='liquid' y='-27' x='-14'/>
    <tile id='21' type='liquid' y='-28' x='-15'/>
    <tile id='23' type='liquid' y='-29' x='-16'/>
    <tile id='24' type='liquid' y='-30' x='-17'/>
    <tile id='21' type='liquid' y='-31' x='-18'/>
    <tile id='24' type='liquid' y='-32' x='-19'/>
    <tile id='23' type='liquid' y='-33' x='-20'/>
    <tile id='24' type='liquid' y='-36' x='-23'/>
    <tile id='21' type='liquid' y='-37' x='-24'/>
    <tile id='23' type='liquid' y='-38' x='-25'/>
    <tile id='23' type='liquid' y='-39' x='-26'/>
    <tile id='23' type='liquid' y='-40' x='-27'/>
    <tile id='21' type='liquid' y='-41' x='-28'/>
    <tile id='23' type='liquid' y='-42' x='-29'/>
    <tile id='23' type='liquid' y='-8' x='6'/>
    <tile id='21' type='liquid' y='-9' x='5'/>
    <tile id='21' type='liquid' y='-12' x='2'/>
    <tile id='21' type='liquid' y='-13' x='1'/>
    <tile id='24' type='liquid' y='-14' x='0'/>
    <tile id='21' type='liquid' y='-15' x='-1'/>
    <tile id='22' type='liquid' y='-16' x='-2'/>
    <tile id='21' type='liquid' y='-17' x='-3'/>
    <tile id='21' type='liquid' y='-18' x='-4'/>
    <tile id='110' type='liquid' y='-19' x='-5'/>
    <tile id='23' type='liquid' y='-20' x='-6'/>
    <tile id='23' type='liquid' y='-21' x='-7'/>
    <tile id='21' type='liquid' y='-22' x='-8'/>
    <tile id='21' type='liquid' y='-23' x='-9'/>
    <tile id='21' type='liquid' y='-24' x='-10'/>
    <tile id='64' type='liquid' y='-25' x='-11'/>
    <tile id='64' type='liquid' y='-26' x='-12'/>
    <tile id='64' type='liquid' y='-27' x='-13'/>
    <tile id='64' type='liquid' y='-28' x='-14'/>
    <tile id='23' type='liquid' y='-29' x='-15'/>
    <tile id='24' type='liquid' y='-30' x='-16'/>
    <tile id='23' type='liquid' y='-31' x='-17'/>
    <tile id='23' type='liquid' y='-32' x='-18'/>
    <tile id='23' type='liquid' y='-33' x='-19'/>
    <tile id='23' type='liquid' y='-34' x='-20'/>
    <tile id='24' type='liquid' y='-36' x='-22'/>
    <tile id='21' type='liquid' y='-37' x='-23'/>
    <tile id='23' type='liquid' y='-38' x='-24'/>
    <tile id='23' type='liquid' y='-39' x='-25'/>
    <tile id='23' type='liquid' y='-40' x='-26'/>
    <tile id='21' type='liquid' y='-41' x='-27'/>
    <tile id='21' type='liquid' y='-42' x='-28'/>
    <tile id='21' type='liquid' y='-43' x='-29'/>
    <tile id='56' type='liquid' y='-8' x='7'/>
    <tile id='21' type='liquid' y='-9' x='6'/>
    <tile id='21' type='liquid' y='-10' x='5'/>
    <tile id='21' type='liquid' y='-12' x='3'/>
    <tile id='24' type='liquid' y='-13' x='2'/>
    <tile id='26' type='liquid' y='-14' x='1'/>
    <tile id='115' type='liquid' y='-15' x='0'/>
    <tile id='22' type='liquid' y='-16' x='-1'/>
    <tile id='21' type='liquid' y='-17' x='-2'/>
    <tile id='21' type='liquid' y='-18' x='-3'/>
    <tile id='23' type='liquid' y='-21' x='-6'/>
    <tile id='23' type='liquid' y='-22' x='-7'/>
    <tile id='21' type='liquid' y='-23' x='-8'/>
    <tile id='21' type='liquid' y='-24' x='-9'/>
    <tile id='21' type='liquid' y='-25' x='-10'/>
    <tile id='21' type='liquid' y='-26' x='-11'/>
    <tile id='64' type='liquid' y='-27' x='-12'/>
    <tile id='64' type='liquid' y='-28' x='-13'/>
    <tile id='64' type='liquid' y='-29' x='-14'/>
    <tile id='24' type='liquid' y='-30' x='-15'/>
    <tile id='24' type='liquid' y='-31' x='-16'/>
    <tile id='23' type='liquid' y='-32' x='-17'/>
    <tile id='23' type='liquid' y='-33' x='-18'/>
    <tile id='23' type='liquid' y='-34' x='-19'/>
    <tile id='23' type='liquid' y='-35' x='-20'/>
    <tile id='24' type='liquid' y='-36' x='-21'/>
    <tile id='24' type='liquid' y='-37' x='-22'/>
    <tile id='24' type='liquid' y='-38' x='-23'/>
    <tile id='23' type='liquid' y='-39' x='-24'/>
    <tile id='23' type='liquid' y='-40' x='-25'/>
    <tile id='23' type='liquid' y='-41' x='-26'/>
    <tile id='21' type='liquid' y='-42' x='-27'/>
    <tile id='21' type='liquid' y='-43' x='-28'/>
    <tile id='47' type='liquid' y='-9' x='7'/>
    <tile id='21' type='liquid' y='-10' x='6'/>
    <tile id='21' type='liquid' y='-11' x='5'/>
    <tile id='21' type='liquid' y='-12' x='4'/>
    <tile id='24' type='liquid' y='-13' x='3'/>
    <tile id='21' type='liquid' y='-14' x='2'/>
    <tile id='21' type='liquid' y='-17' x='-1'/>
    <tile id='21' type='liquid' y='-18' x='-2'/>
    <tile id='21' type='liquid' y='-22' x='-6'/>
    <tile id='21' type='liquid' y='-23' x='-7'/>
    <tile id='23' type='liquid' y='-24' x='-8'/>
    <tile id='21' type='liquid' y='-25' x='-9'/>
    <tile id='21' type='liquid' y='-26' x='-10'/>
    <tile id='21' type='liquid' y='-27' x='-11'/>
    <tile id='64' type='liquid' y='-28' x='-12'/>
    <tile id='21' type='liquid' y='-29' x='-13'/>
    <tile id='64' type='liquid' y='-30' x='-14'/>
    <tile id='21' type='liquid' y='-31' x='-15'/>
    <tile id='23' type='liquid' y='-32' x='-16'/>
    <tile id='23' type='liquid' y='-33' x='-17'/>
    <tile id='23' type='liquid' y='-34' x='-18'/>
    <tile id='23' type='liquid' y='-35' x='-19'/>
    <tile id='23' type='liquid' y='-36' x='-20'/>
    <tile id='24' type='liquid' y='-37' x='-21'/>
    <tile id='21' type='liquid' y='-38' x='-22'/>
    <tile id='23' type='liquid' y='-39' x='-23'/>
    <tile id='23' type='liquid' y='-40' x='-24'/>
    <tile id='23' type='liquid' y='-41' x='-25'/>
    <tile id='23' type='liquid' y='-42' x='-26'/>
    <tile id='21' type='liquid' y='-43' x='-27'/>
    <tile id='21' type='liquid' y='-44' x='-28'/>
    <tile id='24' type='liquid' y='-9' x='8'/>
    <tile id='21' type='liquid' y='-10' x='7'/>
    <tile id='21' type='liquid' y='-11' x='6'/>
    <tile id='21' type='liquid' y='-12' x='5'/>
    <tile id='21' type='liquid' y='-13' x='4'/>
    <tile id='21' type='liquid' y='-14' x='3'/>
    <tile id='21' type='liquid' y='-18' x='-1'/>
    <tile id='21' type='liquid' y='-19' x='-2'/>
    <tile id='21' type='liquid' y='-22' x='-5'/>
    <tile id='26' type='liquid' y='-23' x='-6'/>
    <tile id='21' type='liquid' y='-24' x='-7'/>
    <tile id='23' type='liquid' y='-25' x='-8'/>
    <tile id='21' type='liquid' y='-26' x='-9'/>
    <tile id='21' type='liquid' y='-27' x='-10'/>
    <tile id='64' type='liquid' y='-28' x='-11'/>
    <tile id='21' type='liquid' y='-29' x='-12'/>
    <tile id='21' type='liquid' y='-30' x='-13'/>
    <tile id='21' type='liquid' y='-31' x='-14'/>
    <tile id='23' type='liquid' y='-32' x='-15'/>
    <tile id='22' type='liquid' y='-33' x='-16'/>
    <tile id='23' type='liquid' y='-34' x='-17'/>
    <tile id='22' type='liquid' y='-35' x='-18'/>
    <tile id='21' type='liquid' y='-36' x='-19'/>
    <tile id='21' type='liquid' y='-37' x='-20'/>
    <tile id='23' type='liquid' y='-38' x='-21'/>
    <tile id='23' type='liquid' y='-39' x='-22'/>
    <tile id='23' type='liquid' y='-40' x='-23'/>
    <tile id='23' type='liquid' y='-41' x='-24'/>
    <tile id='23' type='liquid' y='-42' x='-25'/>
    <tile id='21' type='liquid' y='-43' x='-26'/>
    <tile id='21' type='liquid' y='-44' x='-27'/>
    <tile id='24' type='liquid' y='-10' x='8'/>
    <tile id='21' type='liquid' y='-11' x='7'/>
    <tile id='21' type='liquid' y='-12' x='6'/>
    <tile id='21' type='liquid' y='-13' x='5'/>
    <tile id='21' type='liquid' y='-14' x='4'/>
    <tile id='21' type='liquid' y='-15' x='3'/>
    <tile id='21' type='liquid' y='-18' x='0'/>
    <tile id='21' type='liquid' y='-19' x='-1'/>
    <tile id='21' type='liquid' y='-20' x='-2'/>
    <tile id='21' type='liquid' y='-22' x='-4'/>
    <tile id='21' type='liquid' y='-23' x='-5'/>
    <tile id='25' type='liquid' y='-24' x='-6'/>
    <tile id='23' type='liquid' y='-25' x='-7'/>
    <tile id='21' type='liquid' y='-26' x='-8'/>
    <tile id='21' type='liquid' y='-27' x='-9'/>
    <tile id='21' type='liquid' y='-28' x='-10'/>
    <tile id='21' type='liquid' y='-29' x='-11'/>
    <tile id='21' type='liquid' y='-30' x='-12'/>
    <tile id='21' type='liquid' y='-31' x='-13'/>
    <tile id='23' type='liquid' y='-32' x='-14'/>
    <tile id='23' type='liquid' y='-33' x='-15'/>
    <tile id='23' type='liquid' y='-34' x='-16'/>
    <tile id='23' type='liquid' y='-35' x='-17'/>
    <tile id='22' type='liquid' y='-36' x='-18'/>
    <tile id='22' type='liquid' y='-37' x='-19'/>
    <tile id='21' type='liquid' y='-38' x='-20'/>
    <tile id='23' type='liquid' y='-39' x='-21'/>
    <tile id='23' type='liquid' y='-40' x='-22'/>
    <tile id='23' type='liquid' y='-41' x='-23'/>
    <tile id='23' type='liquid' y='-42' x='-24'/>
    <tile id='21' type='liquid' y='-43' x='-25'/>
    <tile id='21' type='liquid' y='-44' x='-26'/>
    <tile id='21' type='liquid' y='-45' x='-27'/>
    <tile id='36' type='liquid' y='-10' x='9'/>
    <tile id='21' type='liquid' y='-11' x='8'/>
    <tile id='50' type='liquid' y='-12' x='7'/>
    <tile id='21' type='liquid' y='-13' x='6'/>
    <tile id='21' type='liquid' y='-14' x='5'/>
    <tile id='21' type='liquid' y='-15' x='4'/>
    <tile id='21' type='liquid' y='-16' x='3'/>
    <tile id='21' type='liquid' y='-18' x='1'/>
    <tile id='21' type='liquid' y='-19' x='0'/>
    <tile id='21' type='liquid' y='-20' x='-1'/>
    <tile id='21' type='liquid' y='-21' x='-2'/>
    <tile id='21' type='liquid' y='-22' x='-3'/>
    <tile id='21' type='liquid' y='-23' x='-4'/>
    <tile id='21' type='liquid' y='-24' x='-5'/>
    <tile id='21' type='liquid' y='-25' x='-6'/>
    <tile id='23' type='liquid' y='-26' x='-7'/>
    <tile id='21' type='liquid' y='-27' x='-8'/>
    <tile id='21' type='liquid' y='-28' x='-9'/>
    <tile id='21' type='liquid' y='-29' x='-10'/>
    <tile id='21' type='liquid' y='-30' x='-11'/>
    <tile id='23' type='liquid' y='-31' x='-12'/>
    <tile id='23' type='liquid' y='-32' x='-13'/>
    <tile id='23' type='liquid' y='-33' x='-14'/>
    <tile id='23' type='liquid' y='-34' x='-15'/>
    <tile id='22' type='liquid' y='-35' x='-16'/>
    <tile id='22' type='liquid' y='-36' x='-17'/>
    <tile id='21' type='liquid' y='-37' x='-18'/>
    <tile id='22' type='liquid' y='-38' x='-19'/>
    <tile id='21' type='liquid' y='-39' x='-20'/>
    <tile id='23' type='liquid' y='-40' x='-21'/>
    <tile id='23' type='liquid' y='-41' x='-22'/>
    <tile id='21' type='liquid' y='-42' x='-23'/>
    <tile id='21' type='liquid' y='-43' x='-24'/>
    <tile id='21' type='liquid' y='-44' x='-25'/>
    <tile id='21' type='liquid' y='-45' x='-26'/>
    <tile id='47' type='liquid' y='-11' x='9'/>
    <tile id='50' type='liquid' y='-12' x='8'/>
    <tile id='50' type='liquid' y='-13' x='7'/>
    <tile id='50' type='liquid' y='-14' x='6'/>
    <tile id='21' type='liquid' y='-15' x='5'/>
    <tile id='21' type='liquid' y='-16' x='4'/>
    <tile id='21' type='liquid' y='-17' x='3'/>
    <tile id='21' type='liquid' y='-18' x='2'/>
    <tile id='21' type='liquid' y='-19' x='1'/>
    <tile id='21' type='liquid' y='-20' x='0'/>
    <tile id='21' type='liquid' y='-21' x='-1'/>
    <tile id='21' type='liquid' y='-22' x='-2'/>
    <tile id='21' type='liquid' y='-23' x='-3'/>
    <tile id='21' type='liquid' y='-24' x='-4'/>
    <tile id='21' type='liquid' y='-25' x='-5'/>
    <tile id='21' type='liquid' y='-26' x='-6'/>
    <tile id='21' type='liquid' y='-27' x='-7'/>
    <tile id='21' type='liquid' y='-28' x='-8'/>
    <tile id='23' type='liquid' y='-29' x='-9'/>
    <tile id='23' type='liquid' y='-30' x='-10'/>
    <tile id='23' type='liquid' y='-31' x='-11'/>
    <tile id='21' type='liquid' y='-32' x='-12'/>
    <tile id='23' type='liquid' y='-33' x='-13'/>
    <tile id='23' type='liquid' y='-34' x='-14'/>
    <tile id='22' type='liquid' y='-35' x='-15'/>
    <tile id='22' type='liquid' y='-36' x='-16'/>
    <tile id='21' type='liquid' y='-37' x='-17'/>
    <tile id='21' type='liquid' y='-38' x='-18'/>
    <tile id='21' type='liquid' y='-39' x='-19'/>
    <tile id='21' type='liquid' y='-40' x='-20'/>
    <tile id='21' type='liquid' y='-41' x='-21'/>
    <tile id='21' type='liquid' y='-42' x='-22'/>
    <tile id='21' type='liquid' y='-43' x='-23'/>
    <tile id='21' type='liquid' y='-44' x='-24'/>
    <tile id='21' type='liquid' y='-45' x='-25'/>
    <tile id='21' type='liquid' y='-46' x='-26'/>
    <tile id='38' type='liquid' y='-11' x='10'/>
    <tile id='21' type='liquid' y='-12' x='9'/>
    <tile id='50' type='liquid' y='-13' x='8'/>
    <tile id='50' type='liquid' y='-14' x='7'/>
    <tile id='50' type='liquid' y='-15' x='6'/>
    <tile id='50' type='liquid' y='-16' x='5'/>
    <tile id='50' type='liquid' y='-17' x='4'/>
    <tile id='21' type='liquid' y='-18' x='3'/>
    <tile id='21' type='liquid' y='-19' x='2'/>
    <tile id='21' type='liquid' y='-20' x='1'/>
    <tile id='21' type='liquid' y='-21' x='0'/>
    <tile id='21' type='liquid' y='-22' x='-1'/>
    <tile id='21' type='liquid' y='-23' x='-2'/>
    <tile id='21' type='liquid' y='-24' x='-3'/>
    <tile id='21' type='liquid' y='-25' x='-4'/>
    <tile id='21' type='liquid' y='-26' x='-5'/>
    <tile id='21' type='liquid' y='-27' x='-6'/>
    <tile id='23' type='liquid' y='-28' x='-7'/>
    <tile id='23' type='liquid' y='-29' x='-8'/>
    <tile id='24' type='liquid' y='-30' x='-9'/>
    <tile id='24' type='liquid' y='-31' x='-10'/>
    <tile id='21' type='liquid' y='-32' x='-11'/>
    <tile id='24' type='liquid' y='-33' x='-12'/>
    <tile id='24' type='liquid' y='-34' x='-13'/>
    <tile id='22' type='liquid' y='-35' x='-14'/>
    <tile id='21' type='liquid' y='-36' x='-15'/>
    <tile id='21' type='liquid' y='-37' x='-16'/>
    <tile id='21' type='liquid' y='-38' x='-17'/>
    <tile id='21' type='liquid' y='-39' x='-18'/>
    <tile id='21' type='liquid' y='-40' x='-19'/>
    <tile id='21' type='liquid' y='-41' x='-20'/>
    <tile id='21' type='liquid' y='-42' x='-21'/>
    <tile id='21' type='liquid' y='-43' x='-22'/>
    <tile id='21' type='liquid' y='-44' x='-23'/>
    <tile id='21' type='liquid' y='-45' x='-24'/>
    <tile id='21' type='liquid' y='-46' x='-25'/>
    <tile id='41' type='liquid' y='-12' x='10'/>
    <tile id='50' type='liquid' y='-13' x='9'/>
    <tile id='50' type='liquid' y='-14' x='8'/>
    <tile id='50' type='liquid' y='-15' x='7'/>
    <tile id='49' type='liquid' y='-16' x='6'/>
    <tile id='49' type='liquid' y='-17' x='5'/>
    <tile id='49' type='liquid' y='-18' x='4'/>
    <tile id='50' type='liquid' y='-19' x='3'/>
    <tile id='50' type='liquid' y='-20' x='2'/>
    <tile id='21' type='liquid' y='-21' x='1'/>
    <tile id='21' type='liquid' y='-22' x='0'/>
    <tile id='21' type='liquid' y='-23' x='-1'/>
    <tile id='24' type='liquid' y='-24' x='-2'/>
    <tile id='24' type='liquid' y='-25' x='-3'/>
    <tile id='23' type='liquid' y='-26' x='-4'/>
    <tile id='23' type='liquid' y='-27' x='-5'/>
    <tile id='21' type='liquid' y='-28' x='-6'/>
    <tile id='23' type='liquid' y='-29' x='-7'/>
    <tile id='23' type='liquid' y='-30' x='-8'/>
    <tile id='21' type='liquid' y='-31' x='-9'/>
    <tile id='24' type='liquid' y='-32' x='-10'/>
    <tile id='24' type='liquid' y='-33' x='-11'/>
    <tile id='24' type='liquid' y='-34' x='-12'/>
    <tile id='23' type='liquid' y='-35' x='-13'/>
    <tile id='21' type='liquid' y='-36' x='-14'/>
    <tile id='24' type='liquid' y='-37' x='-15'/>
    <tile id='21' type='liquid' y='-38' x='-16'/>
    <tile id='21' type='liquid' y='-39' x='-17'/>
    <tile id='21' type='liquid' y='-40' x='-18'/>
    <tile id='21' type='liquid' y='-41' x='-19'/>
    <tile id='21' type='liquid' y='-42' x='-20'/>
    <tile id='21' type='liquid' y='-43' x='-21'/>
    <tile id='21' type='liquid' y='-44' x='-22'/>
    <tile id='21' type='liquid' y='-45' x='-23'/>
    <tile id='21' type='liquid' y='-46' x='-24'/>
    <tile id='21' type='liquid' y='-47' x='-25'/>
    <tile id='47' type='liquid' y='-12' x='11'/>
    <tile id='21' type='liquid' y='-13' x='10'/>
    <tile id='50' type='liquid' y='-14' x='9'/>
    <tile id='49' type='liquid' y='-15' x='8'/>
    <tile id='49' type='liquid' y='-16' x='7'/>
    <tile id='50' type='liquid' y='-17' x='6'/>
    <tile id='49' type='liquid' y='-18' x='5'/>
    <tile id='50' type='liquid' y='-19' x='4'/>
    <tile id='50' type='liquid' y='-20' x='3'/>
    <tile id='50' type='liquid' y='-21' x='2'/>
    <tile id='50' type='liquid' y='-22' x='1'/>
    <tile id='48' type='liquid' y='-23' x='0'/>
    <tile id='48' type='liquid' y='-24' x='-1'/>
    <tile id='24' type='liquid' y='-25' x='-2'/>
    <tile id='21' type='liquid' y='-26' x='-3'/>
    <tile id='23' type='liquid' y='-27' x='-4'/>
    <tile id='21' type='liquid' y='-28' x='-5'/>
    <tile id='21' type='liquid' y='-29' x='-6'/>
    <tile id='23' type='liquid' y='-30' x='-7'/>
    <tile id='24' type='liquid' y='-31' x='-8'/>
    <tile id='24' type='liquid' y='-32' x='-9'/>
    <tile id='21' type='liquid' y='-33' x='-10'/>
    <tile id='21' type='liquid' y='-34' x='-11'/>
    <tile id='21' type='liquid' y='-35' x='-12'/>
    <tile id='23' type='liquid' y='-36' x='-13'/>
    <tile id='21' type='liquid' y='-37' x='-14'/>
    <tile id='21' type='liquid' y='-38' x='-15'/>
    <tile id='21' type='liquid' y='-39' x='-16'/>
    <tile id='21' type='liquid' y='-40' x='-17'/>
    <tile id='21' type='liquid' y='-41' x='-18'/>
    <tile id='21' type='liquid' y='-42' x='-19'/>
    <tile id='21' type='liquid' y='-43' x='-20'/>
    <tile id='24' type='liquid' y='-44' x='-21'/>
    <tile id='21' type='liquid' y='-45' x='-22'/>
    <tile id='21' type='liquid' y='-46' x='-23'/>
    <tile id='21' type='liquid' y='-47' x='-24'/>
    <tile id='36' type='liquid' y='-13' x='11'/>
    <tile id='36' type='liquid' y='-14' x='10'/>
    <tile id='35' type='liquid' y='-15' x='9'/>
    <tile id='49' type='liquid' y='-16' x='8'/>
    <tile id='48' type='liquid' y='-17' x='7'/>
    <tile id='48' type='liquid' y='-18' x='6'/>
    <tile id='49' type='liquid' y='-19' x='5'/>
    <tile id='49' type='liquid' y='-20' x='4'/>
    <tile id='49' type='liquid' y='-21' x='3'/>
    <tile id='21' type='liquid' y='-22' x='2'/>
    <tile id='21' type='liquid' y='-23' x='1'/>
    <tile id='48' type='liquid' y='-24' x='0'/>
    <tile id='23' type='liquid' y='-25' x='-1'/>
    <tile id='24' type='liquid' y='-26' x='-2'/>
    <tile id='24' type='liquid' y='-27' x='-3'/>
    <tile id='24' type='liquid' y='-28' x='-4'/>
    <tile id='24' type='liquid' y='-29' x='-5'/>
    <tile id='23' type='liquid' y='-30' x='-6'/>
    <tile id='23' type='liquid' y='-31' x='-7'/>
    <tile id='23' type='liquid' y='-32' x='-8'/>
    <tile id='21' type='liquid' y='-33' x='-9'/>
    <tile id='21' type='liquid' y='-34' x='-10'/>
    <tile id='21' type='liquid' y='-35' x='-11'/>
    <tile id='21' type='liquid' y='-36' x='-12'/>
    <tile id='21' type='liquid' y='-37' x='-13'/>
    <tile id='21' type='liquid' y='-38' x='-14'/>
    <tile id='21' type='liquid' y='-39' x='-15'/>
    <tile id='21' type='liquid' y='-40' x='-16'/>
    <tile id='21' type='liquid' y='-41' x='-17'/>
    <tile id='21' type='liquid' y='-42' x='-18'/>
    <tile id='21' type='liquid' y='-43' x='-19'/>
    <tile id='21' type='liquid' y='-44' x='-20'/>
    <tile id='21' type='liquid' y='-45' x='-21'/>
    <tile id='21' type='liquid' y='-46' x='-22'/>
    <tile id='21' type='liquid' y='-47' x='-23'/>
    <tile id='21' type='liquid' y='-48' x='-24'/>
    <tile id='39' type='liquid' y='-13' x='12'/>
    <tile id='36' type='liquid' y='-14' x='11'/>
    <tile id='35' type='liquid' y='-15' x='10'/>
    <tile id='35' type='liquid' y='-16' x='9'/>
    <tile id='35' type='liquid' y='-17' x='8'/>
    <tile id='48' type='liquid' y='-18' x='7'/>
    <tile id='49' type='liquid' y='-19' x='6'/>
    <tile id='48' type='liquid' y='-20' x='5'/>
    <tile id='48' type='liquid' y='-21' x='4'/>
    <tile id='48' type='liquid' y='-22' x='3'/>
    <tile id='49' type='liquid' y='-23' x='2'/>
    <tile id='48' type='liquid' y='-24' x='1'/>
    <tile id='48' type='liquid' y='-25' x='0'/>
    <tile id='21' type='liquid' y='-26' x='-1'/>
    <tile id='21' type='liquid' y='-27' x='-2'/>
    <tile id='23' type='liquid' y='-28' x='-3'/>
    <tile id='23' type='liquid' y='-29' x='-4'/>
    <tile id='21' type='liquid' y='-30' x='-5'/>
    <tile id='23' type='liquid' y='-31' x='-6'/>
    <tile id='23' type='liquid' y='-32' x='-7'/>
    <tile id='23' type='liquid' y='-33' x='-8'/>
    <tile id='23' type='liquid' y='-34' x='-9'/>
    <tile id='23' type='liquid' y='-35' x='-10'/>
    <tile id='21' type='liquid' y='-36' x='-11'/>
    <tile id='21' type='liquid' y='-37' x='-12'/>
    <tile id='21' type='liquid' y='-38' x='-13'/>
    <tile id='21' type='liquid' y='-39' x='-14'/>
    <tile id='21' type='liquid' y='-40' x='-15'/>
    <tile id='21' type='liquid' y='-41' x='-16'/>
    <tile id='21' type='liquid' y='-42' x='-17'/>
    <tile id='21' type='liquid' y='-43' x='-18'/>
    <tile id='21' type='liquid' y='-44' x='-19'/>
    <tile id='21' type='liquid' y='-45' x='-20'/>
    <tile id='21' type='liquid' y='-46' x='-21'/>
    <tile id='21' type='liquid' y='-47' x='-22'/>
    <tile id='21' type='liquid' y='-48' x='-23'/>
    <tile id='36' type='liquid' y='-14' x='12'/>
    <tile id='36' type='liquid' y='-15' x='11'/>
    <tile id='33' type='liquid' y='-16' x='10'/>
    <tile id='35' type='liquid' y='-17' x='9'/>
    <tile id='33' type='liquid' y='-18' x='8'/>
    <tile id='35' type='liquid' y='-19' x='7'/>
    <tile id='35' type='liquid' y='-20' x='6'/>
    <tile id='48' type='liquid' y='-21' x='5'/>
    <tile id='21' type='liquid' y='-22' x='4'/>
    <tile id='48' type='liquid' y='-23' x='3'/>
    <tile id='48' type='liquid' y='-24' x='2'/>
    <tile id='48' type='liquid' y='-25' x='1'/>
    <tile id='48' type='liquid' y='-26' x='0'/>
    <tile id='21' type='liquid' y='-27' x='-1'/>
    <tile id='21' type='liquid' y='-28' x='-2'/>
    <tile id='21' type='liquid' y='-29' x='-3'/>
    <tile id='23' type='liquid' y='-30' x='-4'/>
    <tile id='21' type='liquid' y='-31' x='-5'/>
    <tile id='21' type='liquid' y='-32' x='-6'/>
    <tile id='21' type='liquid' y='-33' x='-7'/>
    <tile id='21' type='liquid' y='-34' x='-8'/>
    <tile id='21' type='liquid' y='-35' x='-9'/>
    <tile id='21' type='liquid' y='-36' x='-10'/>
    <tile id='21' type='liquid' y='-37' x='-11'/>
    <tile id='21' type='liquid' y='-38' x='-12'/>
    <tile id='21' type='liquid' y='-39' x='-13'/>
    <tile id='21' type='liquid' y='-40' x='-14'/>
    <tile id='21' type='liquid' y='-41' x='-15'/>
    <tile id='21' type='liquid' y='-42' x='-16'/>
    <tile id='21' type='liquid' y='-43' x='-17'/>
    <tile id='21' type='liquid' y='-44' x='-18'/>
    <tile id='21' type='liquid' y='-45' x='-19'/>
    <tile id='21' type='liquid' y='-46' x='-20'/>
    <tile id='21' type='liquid' y='-47' x='-21'/>
    <tile id='21' type='liquid' y='-48' x='-22'/>
    <tile id='21' type='liquid' y='-49' x='-23'/>
    <tile id='50' type='liquid' y='-14' x='13'/>
    <tile id='30' type='liquid' y='-15' x='12'/>
    <tile id='33' type='liquid' y='-16' x='11'/>
    <tile id='32' type='liquid' y='-17' x='10'/>
    <tile id='33' type='liquid' y='-18' x='9'/>
    <tile id='32' type='liquid' y='-19' x='8'/>
    <tile id='33' type='liquid' y='-20' x='7'/>
    <tile id='34' type='liquid' y='-21' x='6'/>
    <tile id='35' type='liquid' y='-22' x='5'/>
    <tile id='48' type='liquid' y='-23' x='4'/>
    <tile id='48' type='liquid' y='-24' x='3'/>
    <tile id='48' type='liquid' y='-25' x='2'/>
    <tile id='48' type='liquid' y='-26' x='1'/>
    <tile id='21' type='liquid' y='-27' x='0'/>
    <tile id='21' type='liquid' y='-28' x='-1'/>
    <tile id='21' type='liquid' y='-29' x='-2'/>
    <tile id='21' type='liquid' y='-30' x='-3'/>
    <tile id='21' type='liquid' y='-31' x='-4'/>
    <tile id='21' type='liquid' y='-32' x='-5'/>
    <tile id='21' type='liquid' y='-33' x='-6'/>
    <tile id='21' type='liquid' y='-34' x='-7'/>
    <tile id='21' type='liquid' y='-35' x='-8'/>
    <tile id='21' type='liquid' y='-36' x='-9'/>
    <tile id='21' type='liquid' y='-37' x='-10'/>
    <tile id='21' type='liquid' y='-38' x='-11'/>
    <tile id='21' type='liquid' y='-39' x='-12'/>
    <tile id='21' type='liquid' y='-40' x='-13'/>
    <tile id='21' type='liquid' y='-41' x='-14'/>
    <tile id='21' type='liquid' y='-42' x='-15'/>
    <tile id='21' type='liquid' y='-43' x='-16'/>
    <tile id='21' type='liquid' y='-44' x='-17'/>
    <tile id='21' type='liquid' y='-45' x='-18'/>
    <tile id='21' type='liquid' y='-46' x='-19'/>
    <tile id='21' type='liquid' y='-47' x='-20'/>
    <tile id='21' type='liquid' y='-48' x='-21'/>
    <tile id='21' type='liquid' y='-49' x='-22'/>
    <tile id='46' type='liquid' y='-15' x='13'/>
    <tile id='27' type='liquid' y='-16' x='12'/>
    <tile id='33' type='liquid' y='-17' x='11'/>
    <tile id='33' type='liquid' y='-18' x='10'/>
    <tile id='32' type='liquid' y='-19' x='9'/>
    <tile id='32' type='liquid' y='-20' x='8'/>
    <tile id='36' type='liquid' y='-21' x='7'/>
    <tile id='35' type='liquid' y='-22' x='6'/>
    <tile id='35' type='liquid' y='-23' x='5'/>
    <tile id='48' type='liquid' y='-24' x='4'/>
    <tile id='48' type='liquid' y='-25' x='3'/>
    <tile id='48' type='liquid' y='-26' x='2'/>
    <tile id='21' type='liquid' y='-27' x='1'/>
    <tile id='21' type='liquid' y='-28' x='0'/>
    <tile id='21' type='liquid' y='-29' x='-1'/>
    <tile id='21' type='liquid' y='-30' x='-2'/>
    <tile id='21' type='liquid' y='-31' x='-3'/>
    <tile id='21' type='liquid' y='-32' x='-4'/>
    <tile id='21' type='liquid' y='-33' x='-5'/>
    <tile id='21' type='liquid' y='-34' x='-6'/>
    <tile id='21' type='liquid' y='-35' x='-7'/>
    <tile id='21' type='liquid' y='-36' x='-8'/>
    <tile id='21' type='liquid' y='-37' x='-9'/>
    <tile id='21' type='liquid' y='-38' x='-10'/>
    <tile id='21' type='liquid' y='-39' x='-11'/>
    <tile id='21' type='liquid' y='-40' x='-12'/>
    <tile id='21' type='liquid' y='-41' x='-13'/>
    <tile id='21' type='liquid' y='-42' x='-14'/>
    <tile id='21' type='liquid' y='-43' x='-15'/>
    <tile id='21' type='liquid' y='-44' x='-16'/>
    <tile id='21' type='liquid' y='-45' x='-17'/>
    <tile id='21' type='liquid' y='-46' x='-18'/>
    <tile id='21' type='liquid' y='-47' x='-19'/>
    <tile id='21' type='liquid' y='-48' x='-20'/>
    <tile id='21' type='liquid' y='-49' x='-21'/>
    <tile id='21' type='liquid' y='-50' x='-22'/>
    <tile id='42' type='liquid' y='-15' x='14'/>
    <tile id='27' type='liquid' y='-16' x='13'/>
    <tile id='27' type='liquid' y='-17' x='12'/>
    <tile id='30' type='liquid' y='-18' x='11'/>
    <tile id='30' type='liquid' y='-19' x='10'/>
    <tile id='33' type='liquid' y='-20' x='9'/>
    <tile id='33' type='liquid' y='-21' x='8'/>
    <tile id='32' type='liquid' y='-22' x='7'/>
    <tile id='35' type='liquid' y='-23' x='6'/>
    <tile id='35' type='liquid' y='-24' x='5'/>
    <tile id='48' type='liquid' y='-25' x='4'/>
    <tile id='47' type='liquid' y='-26' x='3'/>
    <tile id='48' type='liquid' y='-27' x='2'/>
    <tile id='21' type='liquid' y='-28' x='1'/>
    <tile id='21' type='liquid' y='-29' x='0'/>
    <tile id='21' type='liquid' y='-30' x='-1'/>
    <tile id='21' type='liquid' y='-31' x='-2'/>
    <tile id='21' type='liquid' y='-32' x='-3'/>
    <tile id='21' type='liquid' y='-33' x='-4'/>
    <tile id='21' type='liquid' y='-34' x='-5'/>
    <tile id='21' type='liquid' y='-35' x='-6'/>
    <tile id='21' type='liquid' y='-36' x='-7'/>
    <tile id='21' type='liquid' y='-37' x='-8'/>
    <tile id='21' type='liquid' y='-38' x='-9'/>
    <tile id='21' type='liquid' y='-39' x='-10'/>
    <tile id='21' type='liquid' y='-40' x='-11'/>
    <tile id='21' type='liquid' y='-41' x='-12'/>
    <tile id='21' type='liquid' y='-42' x='-13'/>
    <tile id='21' type='liquid' y='-43' x='-14'/>
    <tile id='21' type='liquid' y='-44' x='-15'/>
    <tile id='21' type='liquid' y='-45' x='-16'/>
    <tile id='21' type='liquid' y='-46' x='-17'/>
    <tile id='21' type='liquid' y='-47' x='-18'/>
    <tile id='21' type='liquid' y='-48' x='-19'/>
    <tile id='21' type='liquid' y='-49' x='-20'/>
    <tile id='21' type='liquid' y='-50' x='-21'/>
    <tile id='22' type='liquid' y='-16' x='14'/>
    <tile id='27' type='liquid' y='-17' x='13'/>
    <tile id='27' type='liquid' y='-18' x='12'/>
    <tile id='27' type='liquid' y='-19' x='11'/>
    <tile id='30' type='liquid' y='-20' x='10'/>
    <tile id='30' type='liquid' y='-21' x='9'/>
    <tile id='33' type='liquid' y='-22' x='8'/>
    <tile id='36' type='liquid' y='-23' x='7'/>
    <tile id='35' type='liquid' y='-24' x='6'/>
    <tile id='34' type='liquid' y='-25' x='5'/>
    <tile id='47' type='liquid' y='-26' x='4'/>
    <tile id='47' type='liquid' y='-27' x='3'/>
    <tile id='48' type='liquid' y='-28' x='2'/>
    <tile id='21' type='liquid' y='-29' x='1'/>
    <tile id='21' type='liquid' y='-30' x='0'/>
    <tile id='21' type='liquid' y='-31' x='-1'/>
    <tile id='21' type='liquid' y='-32' x='-2'/>
    <tile id='21' type='liquid' y='-33' x='-3'/>
    <tile id='21' type='liquid' y='-34' x='-4'/>
    <tile id='21' type='liquid' y='-35' x='-5'/>
    <tile id='21' type='liquid' y='-36' x='-6'/>
    <tile id='21' type='liquid' y='-37' x='-7'/>
    <tile id='21' type='liquid' y='-38' x='-8'/>
    <tile id='21' type='liquid' y='-39' x='-9'/>
    <tile id='21' type='liquid' y='-40' x='-10'/>
    <tile id='21' type='liquid' y='-41' x='-11'/>
    <tile id='21' type='liquid' y='-42' x='-12'/>
    <tile id='21' type='liquid' y='-43' x='-13'/>
    <tile id='21' type='liquid' y='-44' x='-14'/>
    <tile id='21' type='liquid' y='-45' x='-15'/>
    <tile id='21' type='liquid' y='-46' x='-16'/>
    <tile id='21' type='liquid' y='-47' x='-17'/>
    <tile id='21' type='liquid' y='-48' x='-18'/>
    <tile id='21' type='liquid' y='-49' x='-19'/>
    <tile id='21' type='liquid' y='-50' x='-20'/>
    <tile id='21' type='liquid' y='-51' x='-21'/>
    <tile id='32' type='liquid' y='-16' x='15'/>
    <tile id='27' type='liquid' y='-17' x='14'/>
    <tile id='27' type='liquid' y='-18' x='13'/>
    <tile id='27' type='liquid' y='-19' x='12'/>
    <tile id='27' type='liquid' y='-20' x='11'/>
    <tile id='30' type='liquid' y='-21' x='10'/>
    <tile id='30' type='liquid' y='-22' x='9'/>
    <tile id='36' type='liquid' y='-23' x='8'/>
    <tile id='35' type='liquid' y='-24' x='7'/>
    <tile id='35' type='liquid' y='-25' x='6'/>
    <tile id='47' type='liquid' y='-26' x='5'/>
    <tile id='47' type='liquid' y='-27' x='4'/>
    <tile id='48' type='liquid' y='-28' x='3'/>
    <tile id='48' type='liquid' y='-29' x='2'/>
    <tile id='21' type='liquid' y='-30' x='1'/>
    <tile id='21' type='liquid' y='-31' x='0'/>
    <tile id='21' type='liquid' y='-32' x='-1'/>
    <tile id='21' type='liquid' y='-33' x='-2'/>
    <tile id='21' type='liquid' y='-34' x='-3'/>
    <tile id='21' type='liquid' y='-35' x='-4'/>
    <tile id='21' type='liquid' y='-36' x='-5'/>
    <tile id='21' type='liquid' y='-37' x='-6'/>
    <tile id='21' type='liquid' y='-38' x='-7'/>
    <tile id='21' type='liquid' y='-39' x='-8'/>
    <tile id='21' type='liquid' y='-40' x='-9'/>
    <tile id='21' type='liquid' y='-41' x='-10'/>
    <tile id='21' type='liquid' y='-42' x='-11'/>
    <tile id='21' type='liquid' y='-43' x='-12'/>
    <tile id='21' type='liquid' y='-44' x='-13'/>
    <tile id='21' type='liquid' y='-45' x='-14'/>
    <tile id='21' type='liquid' y='-46' x='-15'/>
    <tile id='21' type='liquid' y='-47' x='-16'/>
    <tile id='21' type='liquid' y='-48' x='-17'/>
    <tile id='21' type='liquid' y='-49' x='-18'/>
    <tile id='21' type='liquid' y='-50' x='-19'/>
    <tile id='21' type='liquid' y='-51' x='-20'/>
    <tile id='27' type='liquid' y='-17' x='15'/>
    <tile id='27' type='liquid' y='-18' x='14'/>
    <tile id='27' type='liquid' y='-19' x='13'/>
    <tile id='27' type='liquid' y='-20' x='12'/>
    <tile id='27' type='liquid' y='-21' x='11'/>
    <tile id='30' type='liquid' y='-22' x='10'/>
    <tile id='36' type='liquid' y='-23' x='9'/>
    <tile id='35' type='liquid' y='-24' x='8'/>
    <tile id='32' type='liquid' y='-25' x='7'/>
    <tile id='35' type='liquid' y='-26' x='6'/>
    <tile id='47' type='liquid' y='-27' x='5'/>
    <tile id='47' type='liquid' y='-28' x='4'/>
    <tile id='21' type='liquid' y='-29' x='3'/>
    <tile id='21' type='liquid' y='-30' x='2'/>
    <tile id='21' type='liquid' y='-31' x='1'/>
    <tile id='21' type='liquid' y='-32' x='0'/>
    <tile id='21' type='liquid' y='-33' x='-1'/>
    <tile id='21' type='liquid' y='-34' x='-2'/>
    <tile id='21' type='liquid' y='-35' x='-3'/>
    <tile id='21' type='liquid' y='-36' x='-4'/>
    <tile id='21' type='liquid' y='-37' x='-5'/>
    <tile id='21' type='liquid' y='-38' x='-6'/>
    <tile id='21' type='liquid' y='-39' x='-7'/>
    <tile id='21' type='liquid' y='-40' x='-8'/>
    <tile id='21' type='liquid' y='-41' x='-9'/>
    <tile id='21' type='liquid' y='-42' x='-10'/>
    <tile id='21' type='liquid' y='-43' x='-11'/>
    <tile id='21' type='liquid' y='-44' x='-12'/>
    <tile id='21' type='liquid' y='-45' x='-13'/>
    <tile id='21' type='liquid' y='-46' x='-14'/>
    <tile id='21' type='liquid' y='-47' x='-15'/>
    <tile id='21' type='liquid' y='-48' x='-16'/>
    <tile id='21' type='liquid' y='-49' x='-17'/>
    <tile id='21' type='liquid' y='-50' x='-18'/>
    <tile id='21' type='liquid' y='-51' x='-19'/>
    <tile id='21' type='liquid' y='-52' x='-20'/>
    <tile id='31' type='liquid' y='-17' x='16'/>
    <tile id='27' type='liquid' y='-18' x='15'/>
    <tile id='27' type='liquid' y='-19' x='14'/>
    <tile id='27' type='liquid' y='-20' x='13'/>
    <tile id='27' type='liquid' y='-21' x='12'/>
    <tile id='27' type='liquid' y='-22' x='11'/>
    <tile id='33' type='liquid' y='-23' x='10'/>
    <tile id='35' type='liquid' y='-24' x='9'/>
    <tile id='35' type='liquid' y='-25' x='8'/>
    <tile id='35' type='liquid' y='-26' x='7'/>
    <tile id='47' type='liquid' y='-27' x='6'/>
    <tile id='47' type='liquid' y='-28' x='5'/>
    <tile id='48' type='liquid' y='-29' x='4'/>
    <tile id='21' type='liquid' y='-30' x='3'/>
    <tile id='21' type='liquid' y='-31' x='2'/>
    <tile id='21' type='liquid' y='-32' x='1'/>
    <tile id='21' type='liquid' y='-33' x='0'/>
    <tile id='21' type='liquid' y='-34' x='-1'/>
    <tile id='21' type='liquid' y='-35' x='-2'/>
    <tile id='21' type='liquid' y='-36' x='-3'/>
    <tile id='21' type='liquid' y='-37' x='-4'/>
    <tile id='21' type='liquid' y='-38' x='-5'/>
    <tile id='21' type='liquid' y='-39' x='-6'/>
    <tile id='21' type='liquid' y='-40' x='-7'/>
    <tile id='21' type='liquid' y='-41' x='-8'/>
    <tile id='21' type='liquid' y='-42' x='-9'/>
    <tile id='21' type='liquid' y='-43' x='-10'/>
    <tile id='21' type='liquid' y='-44' x='-11'/>
    <tile id='21' type='liquid' y='-45' x='-12'/>
    <tile id='21' type='liquid' y='-46' x='-13'/>
    <tile id='21' type='liquid' y='-47' x='-14'/>
    <tile id='21' type='liquid' y='-48' x='-15'/>
    <tile id='21' type='liquid' y='-49' x='-16'/>
    <tile id='21' type='liquid' y='-50' x='-17'/>
    <tile id='21' type='liquid' y='-51' x='-18'/>
    <tile id='21' type='liquid' y='-52' x='-19'/>
    <tile id='34' type='liquid' y='-18' x='16'/>
    <tile id='27' type='liquid' y='-19' x='15'/>
    <tile id='27' type='liquid' y='-20' x='14'/>
    <tile id='27' type='liquid' y='-21' x='13'/>
    <tile id='27' type='liquid' y='-22' x='12'/>
    <tile id='30' type='liquid' y='-23' x='11'/>
    <tile id='36' type='liquid' y='-24' x='10'/>
    <tile id='32' type='liquid' y='-25' x='9'/>
    <tile id='35' type='liquid' y='-26' x='8'/>
    <tile id='47' type='liquid' y='-27' x='7'/>
    <tile id='47' type='liquid' y='-28' x='6'/>
    <tile id='47' type='liquid' y='-29' x='5'/>
    <tile id='48' type='liquid' y='-30' x='4'/>
    <tile id='21' type='liquid' y='-31' x='3'/>
    <tile id='21' type='liquid' y='-32' x='2'/>
    <tile id='21' type='liquid' y='-33' x='1'/>
    <tile id='21' type='liquid' y='-34' x='0'/>
    <tile id='21' type='liquid' y='-35' x='-1'/>
    <tile id='21' type='liquid' y='-36' x='-2'/>
    <tile id='21' type='liquid' y='-37' x='-3'/>
    <tile id='21' type='liquid' y='-38' x='-4'/>
    <tile id='21' type='liquid' y='-39' x='-5'/>
    <tile id='21' type='liquid' y='-40' x='-6'/>
    <tile id='21' type='liquid' y='-41' x='-7'/>
    <tile id='21' type='liquid' y='-42' x='-8'/>
    <tile id='21' type='liquid' y='-43' x='-9'/>
    <tile id='21' type='liquid' y='-44' x='-10'/>
    <tile id='21' type='liquid' y='-45' x='-11'/>
    <tile id='21' type='liquid' y='-46' x='-12'/>
    <tile id='21' type='liquid' y='-47' x='-13'/>
    <tile id='21' type='liquid' y='-48' x='-14'/>
    <tile id='21' type='liquid' y='-49' x='-15'/>
    <tile id='21' type='liquid' y='-50' x='-16'/>
    <tile id='21' type='liquid' y='-51' x='-17'/>
    <tile id='21' type='liquid' y='-52' x='-18'/>
    <tile id='21' type='liquid' y='-53' x='-19'/>
    <tile id='27' type='liquid' y='-18' x='17'/>
    <tile id='27' type='liquid' y='-19' x='16'/>
    <tile id='27' type='liquid' y='-20' x='15'/>
    <tile id='27' type='liquid' y='-21' x='14'/>
    <tile id='27' type='liquid' y='-22' x='13'/>
    <tile id='27' type='liquid' y='-23' x='12'/>
    <tile id='30' type='liquid' y='-24' x='11'/>
    <tile id='32' type='liquid' y='-25' x='10'/>
    <tile id='35' type='liquid' y='-26' x='9'/>
    <tile id='35' type='liquid' y='-27' x='8'/>
    <tile id='47' type='liquid' y='-28' x='7'/>
    <tile id='47' type='liquid' y='-29' x='6'/>
    <tile id='47' type='liquid' y='-30' x='5'/>
    <tile id='47' type='liquid' y='-31' x='4'/>
    <tile id='21' type='liquid' y='-32' x='3'/>
    <tile id='21' type='liquid' y='-33' x='2'/>
    <tile id='21' type='liquid' y='-34' x='1'/>
    <tile id='21' type='liquid' y='-35' x='0'/>
    <tile id='21' type='liquid' y='-36' x='-1'/>
    <tile id='21' type='liquid' y='-37' x='-2'/>
    <tile id='21' type='liquid' y='-38' x='-3'/>
    <tile id='21' type='liquid' y='-39' x='-4'/>
    <tile id='21' type='liquid' y='-40' x='-5'/>
    <tile id='22' type='liquid' y='-41' x='-6'/>
    <tile id='21' type='liquid' y='-42' x='-7'/>
    <tile id='21' type='liquid' y='-43' x='-8'/>
    <tile id='21' type='liquid' y='-44' x='-9'/>
    <tile id='21' type='liquid' y='-45' x='-10'/>
    <tile id='21' type='liquid' y='-46' x='-11'/>
    <tile id='21' type='liquid' y='-47' x='-12'/>
    <tile id='21' type='liquid' y='-48' x='-13'/>
    <tile id='21' type='liquid' y='-49' x='-14'/>
    <tile id='21' type='liquid' y='-50' x='-15'/>
    <tile id='21' type='liquid' y='-51' x='-16'/>
    <tile id='21' type='liquid' y='-52' x='-17'/>
    <tile id='21' type='liquid' y='-53' x='-18'/>
    <tile id='27' type='liquid' y='-19' x='17'/>
    <tile id='27' type='liquid' y='-20' x='16'/>
    <tile id='27' type='liquid' y='-21' x='15'/>
    <tile id='27' type='liquid' y='-22' x='14'/>
    <tile id='27' type='liquid' y='-23' x='13'/>
    <tile id='30' type='liquid' y='-24' x='12'/>
    <tile id='33' type='liquid' y='-25' x='11'/>
    <tile id='32' type='liquid' y='-26' x='10'/>
    <tile id='35' type='liquid' y='-27' x='9'/>
    <tile id='47' type='liquid' y='-28' x='8'/>
    <tile id='47' type='liquid' y='-29' x='7'/>
    <tile id='47' type='liquid' y='-30' x='6'/>
    <tile id='47' type='liquid' y='-31' x='5'/>
    <tile id='21' type='liquid' y='-32' x='4'/>
    <tile id='21' type='liquid' y='-33' x='3'/>
    <tile id='21' type='liquid' y='-34' x='2'/>
    <tile id='21' type='liquid' y='-35' x='1'/>
    <tile id='21' type='liquid' y='-36' x='0'/>
    <tile id='21' type='liquid' y='-37' x='-1'/>
    <tile id='21' type='liquid' y='-38' x='-2'/>
    <tile id='21' type='liquid' y='-39' x='-3'/>
    <tile id='21' type='liquid' y='-40' x='-4'/>
    <tile id='21' type='liquid' y='-41' x='-5'/>
    <tile id='21' type='liquid' y='-42' x='-6'/>
    <tile id='21' type='liquid' y='-43' x='-7'/>
    <tile id='21' type='liquid' y='-44' x='-8'/>
    <tile id='21' type='liquid' y='-45' x='-9'/>
    <tile id='21' type='liquid' y='-46' x='-10'/>
    <tile id='21' type='liquid' y='-47' x='-11'/>
    <tile id='21' type='liquid' y='-48' x='-12'/>
    <tile id='21' type='liquid' y='-49' x='-13'/>
    <tile id='21' type='liquid' y='-50' x='-14'/>
    <tile id='21' type='liquid' y='-51' x='-15'/>
    <tile id='21' type='liquid' y='-52' x='-16'/>
    <tile id='21' type='liquid' y='-53' x='-17'/>
    <tile id='21' type='liquid' y='-54' x='-18'/>
    <tile id='42' type='liquid' y='-19' x='18'/>
    <tile id='27' type='liquid' y='-20' x='17'/>
    <tile id='27' type='liquid' y='-21' x='16'/>
    <tile id='27' type='liquid' y='-22' x='15'/>
    <tile id='27' type='liquid' y='-23' x='14'/>
    <tile id='27' type='liquid' y='-24' x='13'/>
    <tile id='30' type='liquid' y='-25' x='12'/>
    <tile id='32' type='liquid' y='-26' x='11'/>
    <tile id='35' type='liquid' y='-27' x='10'/>
    <tile id='47' type='liquid' y='-28' x='9'/>
    <tile id='47' type='liquid' y='-29' x='8'/>
    <tile id='47' type='liquid' y='-30' x='7'/>
    <tile id='47' type='liquid' y='-31' x='6'/>
    <tile id='47' type='liquid' y='-32' x='5'/>
    <tile id='21' type='liquid' y='-33' x='4'/>
    <tile id='21' type='liquid' y='-34' x='3'/>
    <tile id='21' type='liquid' y='-35' x='2'/>
    <tile id='21' type='liquid' y='-36' x='1'/>
    <tile id='21' type='liquid' y='-37' x='0'/>
    <tile id='21' type='liquid' y='-38' x='-1'/>
    <tile id='21' type='liquid' y='-39' x='-2'/>
    <tile id='21' type='liquid' y='-40' x='-3'/>
    <tile id='21' type='liquid' y='-41' x='-4'/>
    <tile id='21' type='liquid' y='-42' x='-5'/>
    <tile id='21' type='liquid' y='-43' x='-6'/>
    <tile id='21' type='liquid' y='-44' x='-7'/>
    <tile id='21' type='liquid' y='-45' x='-8'/>
    <tile id='21' type='liquid' y='-46' x='-9'/>
    <tile id='21' type='liquid' y='-47' x='-10'/>
    <tile id='21' type='liquid' y='-48' x='-11'/>
    <tile id='21' type='liquid' y='-49' x='-12'/>
    <tile id='21' type='liquid' y='-50' x='-13'/>
    <tile id='21' type='liquid' y='-51' x='-14'/>
    <tile id='21' type='liquid' y='-52' x='-15'/>
    <tile id='21' type='liquid' y='-53' x='-16'/>
    <tile id='21' type='liquid' y='-54' x='-17'/>
    <tile id='27' type='liquid' y='-20' x='18'/>
    <tile id='27' type='liquid' y='-21' x='17'/>
    <tile id='27' type='liquid' y='-22' x='16'/>
    <tile id='27' type='liquid' y='-23' x='15'/>
    <tile id='27' type='liquid' y='-24' x='14'/>
    <tile id='30' type='liquid' y='-25' x='13'/>
    <tile id='32' type='liquid' y='-26' x='12'/>
    <tile id='35' type='liquid' y='-27' x='11'/>
    <tile id='47' type='liquid' y='-28' x='10'/>
    <tile id='47' type='liquid' y='-29' x='9'/>
    <tile id='47' type='liquid' y='-30' x='8'/>
    <tile id='47' type='liquid' y='-31' x='7'/>
    <tile id='47' type='liquid' y='-32' x='6'/>
    <tile id='21' type='liquid' y='-33' x='5'/>
    <tile id='21' type='liquid' y='-34' x='4'/>
    <tile id='21' type='liquid' y='-35' x='3'/>
    <tile id='21' type='liquid' y='-36' x='2'/>
    <tile id='21' type='liquid' y='-37' x='1'/>
    <tile id='21' type='liquid' y='-38' x='0'/>
    <tile id='21' type='liquid' y='-39' x='-1'/>
    <tile id='21' type='liquid' y='-40' x='-2'/>
    <tile id='21' type='liquid' y='-41' x='-3'/>
    <tile id='24' type='liquid' y='-42' x='-4'/>
    <tile id='21' type='liquid' y='-43' x='-5'/>
    <tile id='21' type='liquid' y='-44' x='-6'/>
    <tile id='21' type='liquid' y='-45' x='-7'/>
    <tile id='21' type='liquid' y='-46' x='-8'/>
    <tile id='21' type='liquid' y='-47' x='-9'/>
    <tile id='21' type='liquid' y='-48' x='-10'/>
    <tile id='21' type='liquid' y='-49' x='-11'/>
    <tile id='21' type='liquid' y='-50' x='-12'/>
    <tile id='21' type='liquid' y='-51' x='-13'/>
    <tile id='21' type='liquid' y='-52' x='-14'/>
    <tile id='21' type='liquid' y='-53' x='-15'/>
    <tile id='21' type='liquid' y='-54' x='-16'/>
    <tile id='21' type='liquid' y='-55' x='-17'/>
    <tile id='38' type='liquid' y='-20' x='19'/>
    <tile id='27' type='liquid' y='-21' x='18'/>
    <tile id='27' type='liquid' y='-22' x='17'/>
    <tile id='27' type='liquid' y='-23' x='16'/>
    <tile id='27' type='liquid' y='-24' x='15'/>
    <tile id='27' type='liquid' y='-25' x='14'/>
    <tile id='33' type='liquid' y='-26' x='13'/>
    <tile id='32' type='liquid' y='-27' x='12'/>
    <tile id='35' type='liquid' y='-28' x='11'/>
    <tile id='47' type='liquid' y='-29' x='10'/>
    <tile id='47' type='liquid' y='-30' x='9'/>
    <tile id='47' type='liquid' y='-31' x='8'/>
    <tile id='47' type='liquid' y='-32' x='7'/>
    <tile id='47' type='liquid' y='-33' x='6'/>
    <tile id='21' type='liquid' y='-34' x='5'/>
    <tile id='21' type='liquid' y='-35' x='4'/>
    <tile id='21' type='liquid' y='-36' x='3'/>
    <tile id='21' type='liquid' y='-37' x='2'/>
    <tile id='21' type='liquid' y='-38' x='1'/>
    <tile id='21' type='liquid' y='-39' x='0'/>
    <tile id='21' type='liquid' y='-40' x='-1'/>
    <tile id='21' type='liquid' y='-41' x='-2'/>
    <tile id='21' type='liquid' y='-42' x='-3'/>
    <tile id='21' type='liquid' y='-43' x='-4'/>
    <tile id='21' type='liquid' y='-44' x='-5'/>
    <tile id='21' type='liquid' y='-45' x='-6'/>
    <tile id='21' type='liquid' y='-46' x='-7'/>
    <tile id='21' type='liquid' y='-47' x='-8'/>
    <tile id='21' type='liquid' y='-48' x='-9'/>
    <tile id='21' type='liquid' y='-49' x='-10'/>
    <tile id='21' type='liquid' y='-50' x='-11'/>
    <tile id='21' type='liquid' y='-51' x='-12'/>
    <tile id='21' type='liquid' y='-52' x='-13'/>
    <tile id='120' type='liquid' y='-53' x='-14'/>
    <tile id='21' type='liquid' y='-54' x='-15'/>
    <tile id='21' type='liquid' y='-55' x='-16'/>
    <tile id='61' type='liquid' y='-21' x='19'/>
    <tile id='27' type='liquid' y='-22' x='18'/>
    <tile id='27' type='liquid' y='-23' x='17'/>
    <tile id='27' type='liquid' y='-24' x='16'/>
    <tile id='27' type='liquid' y='-25' x='15'/>
    <tile id='30' type='liquid' y='-26' x='14'/>
    <tile id='32' type='liquid' y='-27' x='13'/>
    <tile id='35' type='liquid' y='-28' x='12'/>
    <tile id='35' type='liquid' y='-29' x='11'/>
    <tile id='47' type='liquid' y='-30' x='10'/>
    <tile id='47' type='liquid' y='-31' x='9'/>
    <tile id='47' type='liquid' y='-32' x='8'/>
    <tile id='47' type='liquid' y='-33' x='7'/>
    <tile id='21' type='liquid' y='-34' x='6'/>
    <tile id='21' type='liquid' y='-35' x='5'/>
    <tile id='21' type='liquid' y='-36' x='4'/>
    <tile id='21' type='liquid' y='-37' x='3'/>
    <tile id='21' type='liquid' y='-38' x='2'/>
    <tile id='21' type='liquid' y='-39' x='1'/>
    <tile id='21' type='liquid' y='-40' x='0'/>
    <tile id='21' type='liquid' y='-41' x='-1'/>
    <tile id='21' type='liquid' y='-42' x='-2'/>
    <tile id='21' type='liquid' y='-43' x='-3'/>
    <tile id='21' type='liquid' y='-44' x='-4'/>
    <tile id='21' type='liquid' y='-45' x='-5'/>
    <tile id='21' type='liquid' y='-46' x='-6'/>
    <tile id='23' type='liquid' y='-47' x='-7'/>
    <tile id='21' type='liquid' y='-48' x='-8'/>
    <tile id='21' type='liquid' y='-49' x='-9'/>
    <tile id='21' type='liquid' y='-50' x='-10'/>
    <tile id='21' type='liquid' y='-51' x='-11'/>
    <tile id='21' type='liquid' y='-52' x='-12'/>
    <tile id='21' type='liquid' y='-55' x='-15'/>
    <tile id='21' type='liquid' y='-56' x='-16'/>
    <tile id='49' type='liquid' y='-21' x='20'/>
    <tile id='27' type='liquid' y='-22' x='19'/>
    <tile id='27' type='liquid' y='-23' x='18'/>
    <tile id='27' type='liquid' y='-24' x='17'/>
    <tile id='27' type='liquid' y='-25' x='16'/>
    <tile id='30' type='liquid' y='-26' x='15'/>
    <tile id='30' type='liquid' y='-27' x='14'/>
    <tile id='32' type='liquid' y='-28' x='13'/>
    <tile id='32' type='liquid' y='-29' x='12'/>
    <tile id='47' type='liquid' y='-30' x='11'/>
    <tile id='47' type='liquid' y='-31' x='10'/>
    <tile id='47' type='liquid' y='-32' x='9'/>
    <tile id='47' type='liquid' y='-33' x='8'/>
    <tile id='47' type='liquid' y='-34' x='7'/>
    <tile id='21' type='liquid' y='-35' x='6'/>
    <tile id='21' type='liquid' y='-36' x='5'/>
    <tile id='21' type='liquid' y='-37' x='4'/>
    <tile id='21' type='liquid' y='-38' x='3'/>
    <tile id='21' type='liquid' y='-39' x='2'/>
    <tile id='21' type='liquid' y='-40' x='1'/>
    <tile id='21' type='liquid' y='-41' x='0'/>
    <tile id='21' type='liquid' y='-42' x='-1'/>
    <tile id='21' type='liquid' y='-43' x='-2'/>
    <tile id='21' type='liquid' y='-44' x='-3'/>
    <tile id='21' type='liquid' y='-45' x='-4'/>
    <tile id='21' type='liquid' y='-46' x='-5'/>
    <tile id='21' type='liquid' y='-47' x='-6'/>
    <tile id='21' type='liquid' y='-48' x='-7'/>
    <tile id='21' type='liquid' y='-49' x='-8'/>
    <tile id='21' type='liquid' y='-50' x='-9'/>
    <tile id='21' type='liquid' y='-51' x='-10'/>
    <tile id='23' type='liquid' y='-52' x='-11'/>
    <tile id='21' type='liquid' y='-56' x='-15'/>
    <tile id='28' type='liquid' y='-22' x='20'/>
    <tile id='27' type='liquid' y='-23' x='19'/>
    <tile id='27' type='liquid' y='-24' x='18'/>
    <tile id='27' type='liquid' y='-25' x='17'/>
    <tile id='27' type='liquid' y='-26' x='16'/>
    <tile id='33' type='liquid' y='-27' x='15'/>
    <tile id='32' type='liquid' y='-28' x='14'/>
    <tile id='32' type='liquid' y='-29' x='13'/>
    <tile id='35' type='liquid' y='-30' x='12'/>
    <tile id='47' type='liquid' y='-31' x='11'/>
    <tile id='47' type='liquid' y='-32' x='10'/>
    <tile id='47' type='liquid' y='-33' x='9'/>
    <tile id='21' type='liquid' y='-34' x='8'/>
    <tile id='21' type='liquid' y='-35' x='7'/>
    <tile id='21' type='liquid' y='-36' x='6'/>
    <tile id='21' type='liquid' y='-37' x='5'/>
    <tile id='21' type='liquid' y='-38' x='4'/>
    <tile id='21' type='liquid' y='-39' x='3'/>
    <tile id='21' type='liquid' y='-40' x='2'/>
    <tile id='21' type='liquid' y='-41' x='1'/>
    <tile id='21' type='liquid' y='-42' x='0'/>
    <tile id='21' type='liquid' y='-43' x='-1'/>
    <tile id='21' type='liquid' y='-44' x='-2'/>
    <tile id='21' type='liquid' y='-45' x='-3'/>
    <tile id='21' type='liquid' y='-46' x='-4'/>
    <tile id='21' type='liquid' y='-47' x='-5'/>
    <tile id='21' type='liquid' y='-48' x='-6'/>
    <tile id='21' type='liquid' y='-49' x='-7'/>
    <tile id='21' type='liquid' y='-50' x='-8'/>
    <tile id='21' type='liquid' y='-51' x='-9'/>
    <tile id='22' type='liquid' y='-52' x='-10'/>
    <tile id='21' type='liquid' y='-57' x='-15'/>
    <tile id='42' type='liquid' y='-22' x='21'/>
    <tile id='27' type='liquid' y='-23' x='20'/>
    <tile id='27' type='liquid' y='-24' x='19'/>
    <tile id='27' type='liquid' y='-25' x='18'/>
    <tile id='27' type='liquid' y='-26' x='17'/>
    <tile id='33' type='liquid' y='-27' x='16'/>
    <tile id='33' type='liquid' y='-28' x='15'/>
    <tile id='33' type='liquid' y='-29' x='14'/>
    <tile id='35' type='liquid' y='-30' x='13'/>
    <tile id='47' type='liquid' y='-31' x='12'/>
    <tile id='47' type='liquid' y='-32' x='11'/>
    <tile id='47' type='liquid' y='-33' x='10'/>
    <tile id='47' type='liquid' y='-34' x='9'/>
    <tile id='47' type='liquid' y='-35' x='8'/>
    <tile id='21' type='liquid' y='-36' x='7'/>
    <tile id='21' type='liquid' y='-37' x='6'/>
    <tile id='21' type='liquid' y='-38' x='5'/>
    <tile id='21' type='liquid' y='-39' x='4'/>
    <tile id='21' type='liquid' y='-40' x='3'/>
    <tile id='21' type='liquid' y='-41' x='2'/>
    <tile id='21' type='liquid' y='-42' x='1'/>
    <tile id='21' type='liquid' y='-43' x='0'/>
    <tile id='21' type='liquid' y='-44' x='-1'/>
    <tile id='21' type='liquid' y='-45' x='-2'/>
    <tile id='21' type='liquid' y='-46' x='-3'/>
    <tile id='21' type='liquid' y='-47' x='-4'/>
    <tile id='21' type='liquid' y='-48' x='-5'/>
    <tile id='21' type='liquid' y='-49' x='-6'/>
    <tile id='21' type='liquid' y='-50' x='-7'/>
    <tile id='21' type='liquid' y='-51' x='-8'/>
    <tile id='21' type='liquid' y='-52' x='-9'/>
    <tile id='21' type='liquid' y='-53' x='-10'/>
    <tile id='21' type='liquid' y='-57' x='-14'/>
    <tile id='23' type='liquid' y='-23' x='21'/>
    <tile id='47' type='liquid' y='-24' x='20'/>
    <tile id='27' type='liquid' y='-25' x='19'/>
    <tile id='27' type='liquid' y='-26' x='18'/>
    <tile id='27' type='liquid' y='-27' x='17'/>
    <tile id='33' type='liquid' y='-28' x='16'/>
    <tile id='33' type='liquid' y='-29' x='15'/>
    <tile id='43' type='liquid' y='-30' x='14'/>
    <tile id='21' type='liquid' y='-31' x='13'/>
    <tile id='21' type='liquid' y='-32' x='12'/>
    <tile id='47' type='liquid' y='-33' x='11'/>
    <tile id='21' type='liquid' y='-34' x='10'/>
    <tile id='21' type='liquid' y='-35' x='9'/>
    <tile id='21' type='liquid' y='-36' x='8'/>
    <tile id='21' type='liquid' y='-37' x='7'/>
    <tile id='21' type='liquid' y='-38' x='6'/>
    <tile id='21' type='liquid' y='-39' x='5'/>
    <tile id='21' type='liquid' y='-40' x='4'/>
    <tile id='21' type='liquid' y='-41' x='3'/>
    <tile id='21' type='liquid' y='-42' x='2'/>
    <tile id='23' type='liquid' y='-43' x='1'/>
    <tile id='21' type='liquid' y='-44' x='0'/>
    <tile id='21' type='liquid' y='-45' x='-1'/>
    <tile id='21' type='liquid' y='-46' x='-2'/>
    <tile id='21' type='liquid' y='-47' x='-3'/>
    <tile id='21' type='liquid' y='-48' x='-4'/>
    <tile id='24' type='liquid' y='-49' x='-5'/>
    <tile id='21' type='liquid' y='-50' x='-6'/>
    <tile id='21' type='liquid' y='-51' x='-7'/>
    <tile id='21' type='liquid' y='-52' x='-8'/>
    <tile id='21' type='liquid' y='-53' x='-9'/>
    <tile id='21' type='liquid' y='-54' x='-10'/>
    <tile id='21' type='liquid' y='-57' x='-13'/>
    <tile id='21' type='liquid' y='-58' x='-14'/>
    <tile id='33' type='liquid' y='-23' x='22'/>
    <tile id='23' type='liquid' y='-24' x='21'/>
    <tile id='53' type='liquid' y='-25' x='20'/>
    <tile id='39' type='liquid' y='-26' x='19'/>
    <tile id='57' type='liquid' y='-27' x='18'/>
    <tile id='21' type='liquid' y='-28' x='17'/>
    <tile id='22' type='liquid' y='-29' x='16'/>
    <tile id='35' type='liquid' y='-30' x='15'/>
    <tile id='21' type='liquid' y='-31' x='14'/>
    <tile id='46' type='liquid' y='-32' x='13'/>
    <tile id='50' type='liquid' y='-33' x='12'/>
    <tile id='43' type='liquid' y='-34' x='11'/>
    <tile id='22' type='liquid' y='-35' x='10'/>
    <tile id='35' type='liquid' y='-36' x='9'/>
    <tile id='24' type='liquid' y='-37' x='8'/>
    <tile id='47' type='liquid' y='-38' x='7'/>
    <tile id='40' type='liquid' y='-39' x='6'/>
    <tile id='35' type='liquid' y='-40' x='5'/>
    <tile id='22' type='liquid' y='-41' x='4'/>
    <tile id='59' type='liquid' y='-42' x='3'/>
    <tile id='53' type='liquid' y='-43' x='2'/>
    <tile id='37' type='liquid' y='-44' x='1'/>
    <tile id='56' type='liquid' y='-45' x='0'/>
    <tile id='42' type='liquid' y='-46' x='-1'/>
    <tile id='47' type='liquid' y='-47' x='-2'/>
    <tile id='41' type='liquid' y='-48' x='-3'/>
    <tile id='30' type='liquid' y='-49' x='-4'/>
    <tile id='37' type='liquid' y='-50' x='-5'/>
    <tile id='37' type='liquid' y='-51' x='-6'/>
    <tile id='38' type='liquid' y='-52' x='-7'/>
    <tile id='56' type='liquid' y='-53' x='-8'/>
    <tile id='42' type='liquid' y='-54' x='-9'/>
    <tile id='60' type='liquid' y='-55' x='-10'/>
    <tile id='37' type='liquid' y='-57' x='-12'/>
    <tile id='48' type='liquid' y='-58' x='-13'/>
    <tile id='50' type='liquid' y='-24' x='22'/>
    <tile id='59' type='liquid' y='-25' x='21'/>
    <tile id='61' type='liquid' y='-26' x='20'/>
    <tile id='30' type='liquid' y='-27' x='19'/>
    <tile id='53' type='liquid' y='-28' x='18'/>
    <tile id='54' type='liquid' y='-29' x='17'/>
    <tile id='33' type='liquid' y='-30' x='16'/>
    <tile id='38' type='liquid' y='-31' x='15'/>
    <tile id='39' type='liquid' y='-32' x='14'/>
    <tile id='48' type='liquid' y='-33' x='13'/>
    <tile id='22' type='liquid' y='-34' x='12'/>
    <tile id='25' type='liquid' y='-35' x='11'/>
    <tile id='42' type='liquid' y='-36' x='10'/>
    <tile id='40' type='liquid' y='-37' x='9'/>
    <tile id='58' type='liquid' y='-38' x='8'/>
    <tile id='60' type='liquid' y='-39' x='7'/>
    <tile id='56' type='liquid' y='-40' x='6'/>
    <tile id='47' type='liquid' y='-41' x='5'/>
    <tile id='27' type='liquid' y='-42' x='4'/>
    <tile id='39' type='liquid' y='-43' x='3'/>
    <tile id='23' type='liquid' y='-44' x='2'/>
    <tile id='44' type='liquid' y='-45' x='1'/>
    <tile id='48' type='liquid' y='-46' x='0'/>
    <tile id='52' type='liquid' y='-47' x='-1'/>
    <tile id='42' type='liquid' y='-48' x='-2'/>
    <tile id='29' type='liquid' y='-49' x='-3'/>
    <tile id='60' type='liquid' y='-50' x='-4'/>
    <tile id='53' type='liquid' y='-51' x='-5'/>
    <tile id='37' type='liquid' y='-52' x='-6'/>
    <tile id='61' type='liquid' y='-53' x='-7'/>
    <tile id='24' type='liquid' y='-54' x='-8'/>
    <tile id='25' type='liquid' y='-55' x='-9'/>
    <tile id='55' type='liquid' y='-56' x='-10'/>
    <tile id='55' type='liquid' y='-57' x='-11'/>
    <tile id='47' type='liquid' y='-58' x='-12'/>
    <tile id='32' type='liquid' y='-59' x='-13'/>
    <tile id='21' type='liquid' y='0' x='0'/>
    <tile id='21' type='liquid' y='-1' x='1'/>
    <tile id='21' type='liquid' y='-2' x='2'/>
    <tile id='21' type='liquid' y='-3' x='3'/>
    <tile id='21' type='liquid' y='-4' x='4'/>
    <tile id='21' type='liquid' y='-5' x='5'/>
    <tile id='21' type='liquid' y='-6' x='6'/>
    <tile id='21' type='liquid' y='-7' x='7'/>
    <tile id='21' type='liquid' y='-8' x='8'/>
    <tile id='21' type='liquid' y='-9' x='9'/>
    <tile id='21' type='liquid' y='-10' x='10'/>
    <tile id='21' type='liquid' y='-11' x='11'/>
    <tile id='21' type='liquid' y='-12' x='12'/>
    <tile id='21' type='liquid' y='-13' x='13'/>
    <tile id='21' type='liquid' y='-14' x='14'/>
    <tile id='21' type='liquid' y='-15' x='15'/>
    <tile id='21' type='liquid' y='-16' x='16'/>
    <tile id='21' type='liquid' y='-17' x='17'/>
    <tile id='21' type='liquid' y='-18' x='18'/>
    <tile id='21' type='liquid' y='-19' x='19'/>
    <tile id='21' type='liquid' y='-20' x='20'/>
    <tile id='21' type='liquid' y='-21' x='21'/>
    <tile id='21' type='liquid' y='-22' x='22'/>
    <tile id='21' type='liquid' y='-23' x='23'/>
  </surface>
  <buildings/>
</map>

