<?xml version='1.0' encoding='UTF-8'?>
<map version='1.0'>
  <surface width='27' height='39'>
    <tile type='rocky' id='27' x='-1' y='-1'/>
    <tile type='rocky' id='32' x='-2' y='-2'/>
    <tile type='rocky' id='24' x='-3' y='-3'/>
    <tile type='rocky' id='21' x='-4' y='-4'/>
    <tile type='rocky' id='26' x='-5' y='-5'/>
    <tile type='rocky' id='23' x='-6' y='-6'/>
    <tile type='rocky' id='26' x='-7' y='-7'/>
    <tile type='rocky' id='27' x='-8' y='-8'/>
    <tile type='rocky' id='22' x='-9' y='-9'/>
    <tile type='rocky' id='21' x='-10' y='-10'/>
    <tile type='rocky' id='30' x='-11' y='-11'/>
    <tile type='rocky' id='21' x='-12' y='-12'/>
    <tile type='rocky' id='30' x='-13' y='-13'/>
    <tile type='rocky' id='23' x='-14' y='-14'/>
    <tile type='rocky' id='24' x='-15' y='-15'/>
    <tile type='rocky' id='27' x='-16' y='-16'/>
    <tile type='rocky' id='24' x='-17' y='-17'/>
    <tile type='rocky' id='31' x='-18' y='-18'/>
    <tile type='rocky' id='28' x='-19' y='-19'/>
    <tile type='rocky' id='21' x='-20' y='-20'/>
    <tile type='rocky' id='21' x='-21' y='-21'/>
    <tile type='rocky' id='26' x='-22' y='-22'/>
    <tile type='rocky' id='34' x='-23' y='-23'/>
    <tile type='rocky' id='22' x='-24' y='-24'/>
    <tile type='rocky' id='27' x='-25' y='-25'/>
    <tile type='rocky' id='34' x='-26' y='-26'/>
    <tile type='rocky' id='34' x='-27' y='-27'/>
    <tile type='rocky' id='27' x='-28' y='-28'/>
    <tile type='rocky' id='25' x='-29' y='-29'/>
    <tile type='rocky' id='29' x='-30' y='-30'/>
    <tile type='rocky' id='22' x='-31' y='-31'/>
    <tile type='rocky' id='21' x='-32' y='-32'/>
    <tile type='rocky' id='32' x='-33' y='-33'/>
    <tile type='rocky' id='36' x='-34' y='-34'/>
    <tile type='rocky' id='21' x='-35' y='-35'/>
    <tile type='rocky' id='33' x='-36' y='-36'/>
    <tile type='rocky' id='23' x='-37' y='-37'/>
    <tile type='rocky' id='21' x='-38' y='-38'/>
    <tile type='rocky' id='30' x='0' y='-1'/>
    <tile type='rocky' id='21' x='-1' y='-2'/>
    <tile type='rocky' id='31' x='-2' y='-3'/>
    <tile type='rocky' id='25' x='-3' y='-4'/>
    <tile type='rocky' id='34' x='-4' y='-5'/>
    <tile type='rocky' id='21' x='-5' y='-6'/>
    <tile type='rocky' id='31' x='-6' y='-7'/>
    <tile type='rocky' id='50' x='-7' y='-8'/>
    <tile type='rocky' id='34' x='-8' y='-9'/>
    <tile type='rocky' id='30' x='-9' y='-10'/>
    <tile type='rocky' id='30' x='-10' y='-11'/>
    <tile type='rocky' id='34' x='-11' y='-12'/>
    <tile type='rocky' id='25' x='-12' y='-13'/>
    <tile type='rocky' id='34' x='-13' y='-14'/>
    <tile type='rocky' id='32' x='-14' y='-15'/>
    <tile type='rocky' id='30' x='-15' y='-16'/>
    <tile type='rocky' id='34' x='-16' y='-17'/>
    <tile type='rocky' id='29' x='-17' y='-18'/>
    <tile type='rocky' id='27' x='-18' y='-19'/>
    <tile type='rocky' id='34' x='-19' y='-20'/>
    <tile type='rocky' id='30' x='-20' y='-21'/>
    <tile type='rocky' id='32' x='-21' y='-22'/>
    <tile type='rocky' id='30' x='-22' y='-23'/>
    <tile type='rocky' id='30' x='-23' y='-24'/>
    <tile type='rocky' id='34' x='-24' y='-25'/>
    <tile type='rocky' id='26' x='-25' y='-26'/>
    <tile type='rocky' id='31' x='-26' y='-27'/>
    <tile type='rocky' id='35' x='-27' y='-28'/>
    <tile type='rocky' id='23' x='-28' y='-29'/>
    <tile type='rocky' id='29' x='-29' y='-30'/>
    <tile type='rocky' id='22' x='-30' y='-31'/>
    <tile type='rocky' id='36' x='-31' y='-32'/>
    <tile type='rocky' id='31' x='-32' y='-33'/>
    <tile type='rocky' id='31' x='-33' y='-34'/>
    <tile type='rocky' id='35' x='-34' y='-35'/>
    <tile type='rocky' id='21' x='-35' y='-36'/>
    <tile type='rocky' id='24' x='-36' y='-37'/>
    <tile type='rocky' id='30' x='-37' y='-38'/>
    <tile type='rocky' id='28' x='0' y='-2'/>
    <tile type='rocky' id='21' x='-1' y='-3'/>
    <tile type='rocky' id='23' x='-2' y='-4'/>
    <tile type='rocky' id='32' x='-3' y='-5'/>
    <tile type='rocky' id='74' x='-4' y='-6'/>
    <tile type='rocky' id='30' x='-5' y='-7'/>
    <tile type='rocky' id='30' x='-8' y='-10'/>
    <tile type='rocky' id='30' x='-9' y='-11'/>
    <tile type='rocky' id='30' x='-10' y='-12'/>
    <tile type='rocky' id='30' x='-11' y='-13'/>
    <tile type='rocky' id='34' x='-12' y='-14'/>
    <tile type='rocky' id='30' x='-13' y='-15'/>
    <tile type='rocky' id='33' x='-14' y='-16'/>
    <tile type='rocky' id='30' x='-15' y='-17'/>
    <tile type='rocky' id='34' x='-16' y='-18'/>
    <tile type='rocky' id='21' x='-17' y='-19'/>
    <tile type='rocky' id='27' x='-18' y='-20'/>
    <tile type='rocky' id='21' x='-19' y='-21'/>
    <tile type='rocky' id='30' x='-20' y='-22'/>
    <tile type='rocky' id='30' x='-21' y='-23'/>
    <tile type='rocky' id='29' x='-22' y='-24'/>
    <tile type='rocky' id='28' x='-23' y='-25'/>
    <tile type='rocky' id='21' x='-24' y='-26'/>
    <tile type='rocky' id='30' x='-25' y='-27'/>
    <tile type='rocky' id='21' x='-26' y='-28'/>
    <tile type='rocky' id='22' x='-27' y='-29'/>
    <tile type='rocky' id='32' x='-28' y='-30'/>
    <tile type='rocky' id='27' x='-29' y='-31'/>
    <tile type='rocky' id='23' x='-30' y='-32'/>
    <tile type='rocky' id='30' x='-31' y='-33'/>
    <tile type='rocky' id='21' x='-32' y='-34'/>
    <tile type='rocky' id='31' x='-33' y='-35'/>
    <tile type='rocky' id='30' x='-34' y='-36'/>
    <tile type='rocky' id='30' x='-35' y='-37'/>
    <tile type='rocky' id='21' x='-36' y='-38'/>
    <tile type='rocky' id='31' x='-37' y='-39'/>
    <tile type='rocky' id='26' x='1' y='-2'/>
    <tile type='rocky' id='27' x='0' y='-3'/>
    <tile type='rocky' id='35' x='-1' y='-4'/>
    <tile type='rocky' id='30' x='-2' y='-5'/>
    <tile type='rocky' id='29' x='-5' y='-8'/>
    <tile type='rocky' id='46' x='-7' y='-10'/>
    <tile type='rocky' id='30' x='-8' y='-11'/>
    <tile type='rocky' id='30' x='-9' y='-12'/>
    <tile type='rocky' id='30' x='-10' y='-13'/>
    <tile type='rocky' id='30' x='-11' y='-14'/>
    <tile type='rocky' id='30' x='-12' y='-15'/>
    <tile type='rocky' id='30' x='-13' y='-16'/>
    <tile type='rocky' id='30' x='-14' y='-17'/>
    <tile type='rocky' id='30' x='-15' y='-18'/>
    <tile type='rocky' id='30' x='-16' y='-19'/>
    <tile type='rocky' id='30' x='-17' y='-20'/>
    <tile type='rocky' id='28' x='-18' y='-21'/>
    <tile type='rocky' id='30' x='-19' y='-22'/>
    <tile type='rocky' id='30' x='-20' y='-23'/>
    <tile type='rocky' id='30' x='-21' y='-24'/>
    <tile type='rocky' id='30' x='-22' y='-25'/>
    <tile type='rocky' id='34' x='-23' y='-26'/>
    <tile type='rocky' id='30' x='-24' y='-27'/>
    <tile type='rocky' id='31' x='-25' y='-28'/>
    <tile type='rocky' id='34' x='-26' y='-29'/>
    <tile type='rocky' id='34' x='-27' y='-30'/>
    <tile type='rocky' id='27' x='-28' y='-31'/>
    <tile type='rocky' id='21' x='-29' y='-32'/>
    <tile type='rocky' id='29' x='-30' y='-33'/>
    <tile type='rocky' id='30' x='-31' y='-34'/>
    <tile type='rocky' id='30' x='-32' y='-35'/>
    <tile type='rocky' id='29' x='-33' y='-36'/>
    <tile type='rocky' id='25' x='-34' y='-37'/>
    <tile type='rocky' id='30' x='-35' y='-38'/>
    <tile type='rocky' id='30' x='-36' y='-39'/>
    <tile type='rocky' id='32' x='1' y='-3'/>
    <tile type='rocky' id='36' x='0' y='-4'/>
    <tile type='rocky' id='30' x='-1' y='-5'/>
    <tile type='rocky' id='32' x='-5' y='-9'/>
    <tile type='rocky' id='30' x='-8' y='-12'/>
    <tile type='rocky' id='32' x='-9' y='-13'/>
    <tile type='rocky' id='30' x='-10' y='-14'/>
    <tile type='rocky' id='30' x='-11' y='-15'/>
    <tile type='rocky' id='29' x='-12' y='-16'/>
    <tile type='rocky' id='30' x='-13' y='-17'/>
    <tile type='rocky' id='30' x='-14' y='-18'/>
    <tile type='rocky' id='30' x='-15' y='-19'/>
    <tile type='rocky' id='30' x='-16' y='-20'/>
    <tile type='rocky' id='30' x='-17' y='-21'/>
    <tile type='rocky' id='32' x='-18' y='-22'/>
    <tile type='rocky' id='21' x='-19' y='-23'/>
    <tile type='rocky' id='29' x='-20' y='-24'/>
    <tile type='rocky' id='30' x='-21' y='-25'/>
    <tile type='rocky' id='30' x='-22' y='-26'/>
    <tile type='rocky' id='30' x='-23' y='-27'/>
    <tile type='rocky' id='30' x='-24' y='-28'/>
    <tile type='rocky' id='27' x='-25' y='-29'/>
    <tile type='rocky' id='32' x='-26' y='-30'/>
    <tile type='rocky' id='21' x='-27' y='-31'/>
    <tile type='rocky' id='29' x='-28' y='-32'/>
    <tile type='rocky' id='32' x='-29' y='-33'/>
    <tile type='rocky' id='30' x='-30' y='-34'/>
    <tile type='rocky' id='30' x='-31' y='-35'/>
    <tile type='rocky' id='29' x='-32' y='-36'/>
    <tile type='rocky' id='30' x='-33' y='-37'/>
    <tile type='rocky' id='29' x='-34' y='-38'/>
    <tile type='rocky' id='30' x='-35' y='-39'/>
    <tile type='rocky' id='36' x='-36' y='-40'/>
    <tile type='rocky' id='29' x='2' y='-3'/>
    <tile type='rocky' id='30' x='1' y='-4'/>
    <tile type='rocky' id='25' x='0' y='-5'/>
    <tile type='rocky' id='30' x='-5' y='-10'/>
    <tile type='rocky' id='48' x='-7' y='-12'/>
    <tile type='rocky' id='30' x='-8' y='-13'/>
    <tile type='rocky' id='27' x='-9' y='-14'/>
    <tile type='rocky' id='34' x='-10' y='-15'/>
    <tile type='rocky' id='23' x='-11' y='-16'/>
    <tile type='rocky' id='30' x='-12' y='-17'/>
    <tile type='rocky' id='30' x='-13' y='-18'/>
    <tile type='rocky' id='30' x='-14' y='-19'/>
    <tile type='rocky' id='31' x='-15' y='-20'/>
    <tile type='rocky' id='30' x='-16' y='-21'/>
    <tile type='rocky' id='30' x='-17' y='-22'/>
    <tile type='rocky' id='30' x='-18' y='-23'/>
    <tile type='rocky' id='29' x='-19' y='-24'/>
    <tile type='rocky' id='30' x='-20' y='-25'/>
    <tile type='rocky' id='30' x='-21' y='-26'/>
    <tile type='rocky' id='30' x='-22' y='-27'/>
    <tile type='rocky' id='30' x='-23' y='-28'/>
    <tile type='rocky' id='28' x='-24' y='-29'/>
    <tile type='rocky' id='30' x='-25' y='-30'/>
    <tile type='rocky' id='29' x='-26' y='-31'/>
    <tile type='rocky' id='27' x='-27' y='-32'/>
    <tile type='rocky' id='29' x='-28' y='-33'/>
    <tile type='rocky' id='23' x='-29' y='-34'/>
    <tile type='rocky' id='30' x='-30' y='-35'/>
    <tile type='rocky' id='29' x='-31' y='-36'/>
    <tile type='rocky' id='29' x='-32' y='-37'/>
    <tile type='rocky' id='30' x='-33' y='-38'/>
    <tile type='rocky' id='30' x='-34' y='-39'/>
    <tile type='rocky' id='22' x='-35' y='-40'/>
    <tile type='rocky' id='30' x='2' y='-4'/>
    <tile type='rocky' id='27' x='1' y='-5'/>
    <tile type='rocky' id='30' x='-5' y='-11'/>
    <tile type='rocky' id='30' x='-8' y='-14'/>
    <tile type='rocky' id='34' x='-9' y='-15'/>
    <tile type='rocky' id='31' x='-10' y='-16'/>
    <tile type='rocky' id='30' x='-11' y='-17'/>
    <tile type='rocky' id='29' x='-12' y='-18'/>
    <tile type='rocky' id='22' x='-13' y='-19'/>
    <tile type='rocky' id='30' x='-14' y='-20'/>
    <tile type='rocky' id='30' x='-15' y='-21'/>
    <tile type='rocky' id='30' x='-16' y='-22'/>
    <tile type='rocky' id='30' x='-17' y='-23'/>
    <tile type='rocky' id='29' x='-18' y='-24'/>
    <tile type='rocky' id='30' x='-19' y='-25'/>
    <tile type='rocky' id='30' x='-20' y='-26'/>
    <tile type='rocky' id='30' x='-21' y='-27'/>
    <tile type='rocky' id='30' x='-22' y='-28'/>
    <tile type='rocky' id='30' x='-23' y='-29'/>
    <tile type='rocky' id='30' x='-24' y='-30'/>
    <tile type='rocky' id='36' x='-25' y='-31'/>
    <tile type='rocky' id='30' x='-26' y='-32'/>
    <tile type='rocky' id='32' x='-27' y='-33'/>
    <tile type='rocky' id='30' x='-28' y='-34'/>
    <tile type='rocky' id='30' x='-29' y='-35'/>
    <tile type='rocky' id='29' x='-30' y='-36'/>
    <tile type='rocky' id='29' x='-31' y='-37'/>
    <tile type='rocky' id='30' x='-32' y='-38'/>
    <tile type='rocky' id='30' x='-33' y='-39'/>
    <tile type='rocky' id='30' x='-34' y='-40'/>
    <tile type='rocky' id='37' x='-35' y='-41'/>
    <tile type='rocky' id='36' x='3' y='-4'/>
    <tile type='rocky' id='32' x='2' y='-5'/>
    <tile type='rocky' id='22' x='1' y='-6'/>
    <tile type='rocky' id='25' x='-4' y='-11'/>
    <tile type='rocky' id='21' x='-5' y='-12'/>
    <tile type='rocky' id='59' x='-7' y='-14'/>
    <tile type='rocky' id='34' x='-8' y='-15'/>
    <tile type='rocky' id='21' x='-9' y='-16'/>
    <tile type='rocky' id='32' x='-10' y='-17'/>
    <tile type='rocky' id='23' x='-11' y='-18'/>
    <tile type='rocky' id='31' x='-12' y='-19'/>
    <tile type='rocky' id='27' x='-13' y='-20'/>
    <tile type='rocky' id='30' x='-14' y='-21'/>
    <tile type='rocky' id='30' x='-15' y='-22'/>
    <tile type='rocky' id='30' x='-16' y='-23'/>
    <tile type='rocky' id='27' x='-17' y='-24'/>
    <tile type='rocky' id='30' x='-18' y='-25'/>
    <tile type='rocky' id='30' x='-19' y='-26'/>
    <tile type='rocky' id='30' x='-20' y='-27'/>
    <tile type='rocky' id='30' x='-21' y='-28'/>
    <tile type='rocky' id='30' x='-22' y='-29'/>
    <tile type='rocky' id='30' x='-23' y='-30'/>
    <tile type='rocky' id='23' x='-24' y='-31'/>
    <tile type='rocky' id='31' x='-25' y='-32'/>
    <tile type='rocky' id='30' x='-26' y='-33'/>
    <tile type='rocky' id='30' x='-27' y='-34'/>
    <tile type='rocky' id='21' x='-28' y='-35'/>
    <tile type='rocky' id='30' x='-29' y='-36'/>
    <tile type='rocky' id='29' x='-30' y='-37'/>
    <tile type='rocky' id='29' x='-31' y='-38'/>
    <tile type='rocky' id='30' x='-32' y='-39'/>
    <tile type='rocky' id='30' x='-33' y='-40'/>
    <tile type='rocky' id='38' x='-34' y='-41'/>
    <tile type='rocky' id='22' x='3' y='-5'/>
    <tile type='rocky' id='26' x='2' y='-6'/>
    <tile type='rocky' id='30' x='1' y='-7'/>
    <tile type='rocky' id='30' x='-3' y='-11'/>
    <tile type='rocky' id='30' x='-4' y='-12'/>
    <tile type='rocky' id='23' x='-5' y='-13'/>
    <tile type='rocky' id='23' x='-8' y='-16'/>
    <tile type='rocky' id='30' x='-9' y='-17'/>
    <tile type='rocky' id='36' x='-10' y='-18'/>
    <tile type='rocky' id='29' x='-11' y='-19'/>
    <tile type='rocky' id='30' x='-12' y='-20'/>
    <tile type='rocky' id='32' x='-13' y='-21'/>
    <tile type='rocky' id='30' x='-14' y='-22'/>
    <tile type='rocky' id='30' x='-15' y='-23'/>
    <tile type='rocky' id='30' x='-16' y='-24'/>
    <tile type='rocky' id='30' x='-17' y='-25'/>
    <tile type='rocky' id='30' x='-18' y='-26'/>
    <tile type='rocky' id='30' x='-19' y='-27'/>
    <tile type='rocky' id='30' x='-20' y='-28'/>
    <tile type='rocky' id='29' x='-21' y='-29'/>
    <tile type='rocky' id='30' x='-22' y='-30'/>
    <tile type='rocky' id='21' x='-23' y='-31'/>
    <tile type='rocky' id='30' x='-24' y='-32'/>
    <tile type='rocky' id='30' x='-25' y='-33'/>
    <tile type='rocky' id='30' x='-26' y='-34'/>
    <tile type='rocky' id='31' x='-27' y='-35'/>
    <tile type='rocky' id='23' x='-28' y='-36'/>
    <tile type='rocky' id='29' x='-29' y='-37'/>
    <tile type='rocky' id='29' x='-30' y='-38'/>
    <tile type='rocky' id='30' x='-31' y='-39'/>
    <tile type='rocky' id='29' x='-32' y='-40'/>
    <tile type='rocky' id='43' x='-33' y='-41'/>
    <tile type='rocky' id='29' x='-34' y='-42'/>
    <tile type='rocky' id='25' x='4' y='-5'/>
    <tile type='rocky' id='25' x='3' y='-6'/>
    <tile type='rocky' id='30' x='2' y='-7'/>
    <tile type='rocky' id='24' x='1' y='-8'/>
    <tile type='rocky' id='30' x='-2' y='-11'/>
    <tile type='rocky' id='34' x='-3' y='-12'/>
    <tile type='rocky' id='30' x='-4' y='-13'/>
    <tile type='rocky' id='21' x='-7' y='-16'/>
    <tile type='rocky' id='30' x='-8' y='-17'/>
    <tile type='rocky' id='30' x='-9' y='-18'/>
    <tile type='rocky' id='30' x='-10' y='-19'/>
    <tile type='rocky' id='32' x='-11' y='-20'/>
    <tile type='rocky' id='30' x='-12' y='-21'/>
    <tile type='rocky' id='27' x='-13' y='-22'/>
    <tile type='rocky' id='31' x='-14' y='-23'/>
    <tile type='rocky' id='30' x='-15' y='-24'/>
    <tile type='rocky' id='30' x='-16' y='-25'/>
    <tile type='rocky' id='30' x='-17' y='-26'/>
    <tile type='rocky' id='21' x='-18' y='-27'/>
    <tile type='rocky' id='22' x='-19' y='-28'/>
    <tile type='rocky' id='30' x='-20' y='-29'/>
    <tile type='rocky' id='30' x='-21' y='-30'/>
    <tile type='rocky' id='30' x='-22' y='-31'/>
    <tile type='rocky' id='30' x='-23' y='-32'/>
    <tile type='rocky' id='30' x='-24' y='-33'/>
    <tile type='rocky' id='30' x='-25' y='-34'/>
    <tile type='rocky' id='21' x='-26' y='-35'/>
    <tile type='rocky' id='30' x='-27' y='-36'/>
    <tile type='rocky' id='30' x='-28' y='-37'/>
    <tile type='rocky' id='29' x='-29' y='-38'/>
    <tile type='rocky' id='30' x='-30' y='-39'/>
    <tile type='rocky' id='29' x='-31' y='-40'/>
    <tile type='rocky' id='31' x='-33' y='-42'/>
    <tile type='rocky' id='25' x='4' y='-6'/>
    <tile type='rocky' id='26' x='3' y='-7'/>
    <tile type='rocky' id='28' x='2' y='-8'/>
    <tile type='rocky' id='47' x='1' y='-9'/>
    <tile type='rocky' id='30' x='-1' y='-11'/>
    <tile type='rocky' id='24' x='-2' y='-12'/>
    <tile type='rocky' id='30' x='-3' y='-13'/>
    <tile type='rocky' id='30' x='-6' y='-16'/>
    <tile type='rocky' id='30' x='-7' y='-17'/>
    <tile type='rocky' id='30' x='-8' y='-18'/>
    <tile type='rocky' id='30' x='-9' y='-19'/>
    <tile type='rocky' id='30' x='-10' y='-20'/>
    <tile type='rocky' id='30' x='-11' y='-21'/>
    <tile type='rocky' id='30' x='-12' y='-22'/>
    <tile type='rocky' id='30' x='-13' y='-23'/>
    <tile type='rocky' id='30' x='-14' y='-24'/>
    <tile type='rocky' id='30' x='-15' y='-25'/>
    <tile type='rocky' id='32' x='-16' y='-26'/>
    <tile type='rocky' id='30' x='-17' y='-27'/>
    <tile type='rocky' id='30' x='-18' y='-28'/>
    <tile type='rocky' id='30' x='-19' y='-29'/>
    <tile type='rocky' id='30' x='-20' y='-30'/>
    <tile type='rocky' id='30' x='-21' y='-31'/>
    <tile type='rocky' id='30' x='-22' y='-32'/>
    <tile type='rocky' id='32' x='-23' y='-33'/>
    <tile type='rocky' id='27' x='-24' y='-34'/>
    <tile type='rocky' id='29' x='-25' y='-35'/>
    <tile type='rocky' id='29' x='-26' y='-36'/>
    <tile type='rocky' id='30' x='-27' y='-37'/>
    <tile type='rocky' id='22' x='-28' y='-38'/>
    <tile type='rocky' id='30' x='-29' y='-39'/>
    <tile type='rocky' id='30' x='-30' y='-40'/>
    <tile type='rocky' id='34' x='-31' y='-41'/>
    <tile type='rocky' id='27' x='-32' y='-42'/>
    <tile type='rocky' id='29' x='-33' y='-43'/>
    <tile type='rocky' id='24' x='5' y='-6'/>
    <tile type='rocky' id='29' x='4' y='-7'/>
    <tile type='rocky' id='24' x='3' y='-8'/>
    <tile type='rocky' id='30' x='0' y='-11'/>
    <tile type='rocky' id='21' x='-1' y='-12'/>
    <tile type='rocky' id='30' x='-2' y='-13'/>
    <tile type='rocky' id='30' x='-3' y='-14'/>
    <tile type='rocky' id='30' x='-5' y='-16'/>
    <tile type='rocky' id='30' x='-6' y='-17'/>
    <tile type='rocky' id='30' x='-7' y='-18'/>
    <tile type='rocky' id='36' x='-8' y='-19'/>
    <tile type='rocky' id='22' x='-9' y='-20'/>
    <tile type='rocky' id='30' x='-10' y='-21'/>
    <tile type='rocky' id='30' x='-11' y='-22'/>
    <tile type='rocky' id='30' x='-12' y='-23'/>
    <tile type='rocky' id='32' x='-13' y='-24'/>
    <tile type='rocky' id='32' x='-14' y='-25'/>
    <tile type='rocky' id='30' x='-15' y='-26'/>
    <tile type='rocky' id='30' x='-16' y='-27'/>
    <tile type='rocky' id='34' x='-17' y='-28'/>
    <tile type='rocky' id='30' x='-18' y='-29'/>
    <tile type='rocky' id='30' x='-19' y='-30'/>
    <tile type='rocky' id='22' x='-20' y='-31'/>
    <tile type='rocky' id='30' x='-21' y='-32'/>
    <tile type='rocky' id='32' x='-22' y='-33'/>
    <tile type='rocky' id='30' x='-23' y='-34'/>
    <tile type='rocky' id='30' x='-24' y='-35'/>
    <tile type='rocky' id='30' x='-25' y='-36'/>
    <tile type='rocky' id='30' x='-26' y='-37'/>
    <tile type='rocky' id='26' x='-27' y='-38'/>
    <tile type='rocky' id='30' x='-28' y='-39'/>
    <tile type='rocky' id='23' x='-29' y='-40'/>
    <tile type='rocky' id='30' x='-30' y='-41'/>
    <tile type='rocky' id='30' x='-31' y='-42'/>
    <tile type='rocky' id='29' x='-32' y='-43'/>
    <tile type='rocky' id='22' x='5' y='-7'/>
    <tile type='rocky' id='24' x='4' y='-8'/>
    <tile type='rocky' id='61' x='3' y='-9'/>
    <tile type='rocky' id='61' x='1' y='-11'/>
    <tile type='rocky' id='30' x='0' y='-12'/>
    <tile type='rocky' id='61' x='-1' y='-13'/>
    <tile type='rocky' id='22' x='-2' y='-14'/>
    <tile type='rocky' id='30' x='-3' y='-15'/>
    <tile type='rocky' id='34' x='-4' y='-16'/>
    <tile type='rocky' id='30' x='-5' y='-17'/>
    <tile type='rocky' id='30' x='-6' y='-18'/>
    <tile type='rocky' id='21' x='-7' y='-19'/>
    <tile type='rocky' id='31' x='-8' y='-20'/>
    <tile type='rocky' id='34' x='-9' y='-21'/>
    <tile type='rocky' id='30' x='-10' y='-22'/>
    <tile type='rocky' id='34' x='-11' y='-23'/>
    <tile type='rocky' id='30' x='-12' y='-24'/>
    <tile type='rocky' id='31' x='-13' y='-25'/>
    <tile type='rocky' id='30' x='-14' y='-26'/>
    <tile type='rocky' id='32' x='-15' y='-27'/>
    <tile type='rocky' id='30' x='-16' y='-28'/>
    <tile type='rocky' id='30' x='-17' y='-29'/>
    <tile type='rocky' id='30' x='-18' y='-30'/>
    <tile type='rocky' id='30' x='-19' y='-31'/>
    <tile type='rocky' id='30' x='-20' y='-32'/>
    <tile type='rocky' id='30' x='-21' y='-33'/>
    <tile type='rocky' id='27' x='-22' y='-34'/>
    <tile type='rocky' id='30' x='-23' y='-35'/>
    <tile type='rocky' id='30' x='-24' y='-36'/>
    <tile type='rocky' id='29' x='-25' y='-37'/>
    <tile type='rocky' id='30' x='-26' y='-38'/>
    <tile type='rocky' id='30' x='-27' y='-39'/>
    <tile type='rocky' id='32' x='-28' y='-40'/>
    <tile type='rocky' id='30' x='-29' y='-41'/>
    <tile type='rocky' id='30' x='-30' y='-42'/>
    <tile type='rocky' id='30' x='-31' y='-43'/>
    <tile type='rocky' id='29' x='-32' y='-44'/>
    <tile type='rocky' id='36' x='6' y='-7'/>
    <tile type='rocky' id='21' x='5' y='-8'/>
    <tile type='rocky' id='27' x='-2' y='-15'/>
    <tile type='rocky' id='30' x='-3' y='-16'/>
    <tile type='rocky' id='30' x='-4' y='-17'/>
    <tile type='rocky' id='30' x='-5' y='-18'/>
    <tile type='rocky' id='30' x='-6' y='-19'/>
    <tile type='rocky' id='21' x='-7' y='-20'/>
    <tile type='rocky' id='30' x='-8' y='-21'/>
    <tile type='rocky' id='30' x='-9' y='-22'/>
    <tile type='rocky' id='30' x='-10' y='-23'/>
    <tile type='rocky' id='30' x='-11' y='-24'/>
    <tile type='rocky' id='30' x='-12' y='-25'/>
    <tile type='rocky' id='30' x='-13' y='-26'/>
    <tile type='rocky' id='30' x='-14' y='-27'/>
    <tile type='rocky' id='26' x='-15' y='-28'/>
    <tile type='rocky' id='30' x='-16' y='-29'/>
    <tile type='rocky' id='22' x='-17' y='-30'/>
    <tile type='rocky' id='30' x='-18' y='-31'/>
    <tile type='rocky' id='30' x='-19' y='-32'/>
    <tile type='rocky' id='34' x='-20' y='-33'/>
    <tile type='rocky' id='30' x='-21' y='-34'/>
    <tile type='rocky' id='30' x='-22' y='-35'/>
    <tile type='rocky' id='30' x='-23' y='-36'/>
    <tile type='rocky' id='30' x='-24' y='-37'/>
    <tile type='rocky' id='30' x='-25' y='-38'/>
    <tile type='rocky' id='30' x='-26' y='-39'/>
    <tile type='rocky' id='30' x='-27' y='-40'/>
    <tile type='rocky' id='34' x='-28' y='-41'/>
    <tile type='rocky' id='30' x='-29' y='-42'/>
    <tile type='rocky' id='30' x='-30' y='-43'/>
    <tile type='rocky' id='27' x='-31' y='-44'/>
    <tile type='rocky' id='31' x='6' y='-8'/>
    <tile type='rocky' id='25' x='-1' y='-15'/>
    <tile type='rocky' id='30' x='-2' y='-16'/>
    <tile type='rocky' id='30' x='-3' y='-17'/>
    <tile type='rocky' id='23' x='-4' y='-18'/>
    <tile type='rocky' id='30' x='-5' y='-19'/>
    <tile type='rocky' id='30' x='-6' y='-20'/>
    <tile type='rocky' id='30' x='-7' y='-21'/>
    <tile type='rocky' id='30' x='-8' y='-22'/>
    <tile type='rocky' id='30' x='-9' y='-23'/>
    <tile type='rocky' id='30' x='-10' y='-24'/>
    <tile type='rocky' id='30' x='-11' y='-25'/>
    <tile type='rocky' id='30' x='-12' y='-26'/>
    <tile type='rocky' id='23' x='-13' y='-27'/>
    <tile type='rocky' id='30' x='-14' y='-28'/>
    <tile type='rocky' id='30' x='-15' y='-29'/>
    <tile type='rocky' id='30' x='-16' y='-30'/>
    <tile type='rocky' id='30' x='-17' y='-31'/>
    <tile type='rocky' id='30' x='-18' y='-32'/>
    <tile type='rocky' id='30' x='-19' y='-33'/>
    <tile type='rocky' id='30' x='-20' y='-34'/>
    <tile type='rocky' id='30' x='-21' y='-35'/>
    <tile type='rocky' id='30' x='-22' y='-36'/>
    <tile type='rocky' id='30' x='-23' y='-37'/>
    <tile type='rocky' id='23' x='-24' y='-38'/>
    <tile type='rocky' id='30' x='-25' y='-39'/>
    <tile type='rocky' id='30' x='-26' y='-40'/>
    <tile type='rocky' id='32' x='-27' y='-41'/>
    <tile type='rocky' id='30' x='-28' y='-42'/>
    <tile type='rocky' id='30' x='-29' y='-43'/>
    <tile type='rocky' id='30' x='-30' y='-44'/>
    <tile type='rocky' id='30' x='-31' y='-45'/>
    <tile type='rocky' id='34' x='7' y='-8'/>
    <tile type='rocky' id='21' x='0' y='-15'/>
    <tile type='rocky' id='30' x='-1' y='-16'/>
    <tile type='rocky' id='32' x='-2' y='-17'/>
    <tile type='rocky' id='30' x='-3' y='-18'/>
    <tile type='rocky' id='30' x='-4' y='-19'/>
    <tile type='rocky' id='30' x='-5' y='-20'/>
    <tile type='rocky' id='34' x='-6' y='-21'/>
    <tile type='rocky' id='30' x='-7' y='-22'/>
    <tile type='rocky' id='30' x='-8' y='-23'/>
    <tile type='rocky' id='30' x='-9' y='-24'/>
    <tile type='rocky' id='31' x='-10' y='-25'/>
    <tile type='rocky' id='23' x='-11' y='-26'/>
    <tile type='rocky' id='30' x='-12' y='-27'/>
    <tile type='rocky' id='21' x='-13' y='-28'/>
    <tile type='rocky' id='30' x='-14' y='-29'/>
    <tile type='rocky' id='30' x='-15' y='-30'/>
    <tile type='rocky' id='30' x='-16' y='-31'/>
    <tile type='rocky' id='30' x='-17' y='-32'/>
    <tile type='rocky' id='30' x='-18' y='-33'/>
    <tile type='rocky' id='30' x='-19' y='-34'/>
    <tile type='rocky' id='30' x='-20' y='-35'/>
    <tile type='rocky' id='31' x='-21' y='-36'/>
    <tile type='rocky' id='30' x='-22' y='-37'/>
    <tile type='rocky' id='30' x='-23' y='-38'/>
    <tile type='rocky' id='30' x='-24' y='-39'/>
    <tile type='rocky' id='30' x='-25' y='-40'/>
    <tile type='rocky' id='27' x='-26' y='-41'/>
    <tile type='rocky' id='30' x='-27' y='-42'/>
    <tile type='rocky' id='22' x='-28' y='-43'/>
    <tile type='rocky' id='22' x='-29' y='-44'/>
    <tile type='rocky' id='29' x='-30' y='-45'/>
    <tile type='rocky' id='29' x='7' y='-9'/>
    <tile type='rocky' id='26' x='5' y='-11'/>
    <tile type='rocky' id='30' x='3' y='-13'/>
    <tile type='rocky' id='30' x='1' y='-15'/>
    <tile type='rocky' id='27' x='0' y='-16'/>
    <tile type='rocky' id='30' x='-1' y='-17'/>
    <tile type='rocky' id='30' x='-2' y='-18'/>
    <tile type='rocky' id='30' x='-3' y='-19'/>
    <tile type='rocky' id='30' x='-4' y='-20'/>
    <tile type='rocky' id='30' x='-5' y='-21'/>
    <tile type='rocky' id='30' x='-6' y='-22'/>
    <tile type='rocky' id='30' x='-7' y='-23'/>
    <tile type='rocky' id='30' x='-8' y='-24'/>
    <tile type='rocky' id='30' x='-9' y='-25'/>
    <tile type='rocky' id='29' x='-10' y='-26'/>
    <tile type='rocky' id='27' x='-11' y='-27'/>
    <tile type='rocky' id='24' x='-12' y='-28'/>
    <tile type='rocky' id='31' x='-13' y='-29'/>
    <tile type='rocky' id='30' x='-14' y='-30'/>
    <tile type='rocky' id='30' x='-15' y='-31'/>
    <tile type='rocky' id='30' x='-16' y='-32'/>
    <tile type='rocky' id='30' x='-17' y='-33'/>
    <tile type='rocky' id='30' x='-18' y='-34'/>
    <tile type='rocky' id='34' x='-19' y='-35'/>
    <tile type='rocky' id='30' x='-20' y='-36'/>
    <tile type='rocky' id='30' x='-21' y='-37'/>
    <tile type='rocky' id='30' x='-22' y='-38'/>
    <tile type='rocky' id='22' x='-23' y='-39'/>
    <tile type='rocky' id='31' x='-24' y='-40'/>
    <tile type='rocky' id='34' x='-25' y='-41'/>
    <tile type='rocky' id='29' x='-26' y='-42'/>
    <tile type='rocky' id='30' x='-27' y='-43'/>
    <tile type='rocky' id='32' x='-28' y='-44'/>
    <tile type='rocky' id='29' x='-29' y='-45'/>
    <tile type='rocky' id='29' x='-30' y='-46'/>
    <tile type='rocky' id='23' x='8' y='-9'/>
    <tile type='rocky' id='27' x='7' y='-10'/>
    <tile type='rocky' id='29' x='6' y='-11'/>
    <tile type='rocky' id='32' x='5' y='-12'/>
    <tile type='rocky' id='27' x='4' y='-13'/>
    <tile type='rocky' id='29' x='3' y='-14'/>
    <tile type='rocky' id='29' x='2' y='-15'/>
    <tile type='rocky' id='30' x='1' y='-16'/>
    <tile type='rocky' id='30' x='0' y='-17'/>
    <tile type='rocky' id='30' x='-1' y='-18'/>
    <tile type='rocky' id='32' x='-2' y='-19'/>
    <tile type='rocky' id='30' x='-3' y='-20'/>
    <tile type='rocky' id='30' x='-4' y='-21'/>
    <tile type='rocky' id='30' x='-5' y='-22'/>
    <tile type='rocky' id='24' x='-6' y='-23'/>
    <tile type='rocky' id='30' x='-7' y='-24'/>
    <tile type='rocky' id='30' x='-8' y='-25'/>
    <tile type='rocky' id='30' x='-9' y='-26'/>
    <tile type='rocky' id='22' x='-10' y='-27'/>
    <tile type='rocky' id='30' x='-11' y='-28'/>
    <tile type='rocky' id='30' x='-12' y='-29'/>
    <tile type='rocky' id='30' x='-13' y='-30'/>
    <tile type='rocky' id='30' x='-14' y='-31'/>
    <tile type='rocky' id='30' x='-15' y='-32'/>
    <tile type='rocky' id='22' x='-16' y='-33'/>
    <tile type='rocky' id='30' x='-17' y='-34'/>
    <tile type='rocky' id='29' x='-18' y='-35'/>
    <tile type='rocky' id='30' x='-19' y='-36'/>
    <tile type='rocky' id='31' x='-20' y='-37'/>
    <tile type='rocky' id='30' x='-21' y='-38'/>
    <tile type='rocky' id='30' x='-22' y='-39'/>
    <tile type='rocky' id='29' x='-23' y='-40'/>
    <tile type='rocky' id='29' x='-24' y='-41'/>
    <tile type='rocky' id='29' x='-25' y='-42'/>
    <tile type='rocky' id='25' x='-26' y='-43'/>
    <tile type='rocky' id='30' x='-27' y='-44'/>
    <tile type='rocky' id='31' x='-28' y='-45'/>
    <tile type='rocky' id='29' x='-29' y='-46'/>
    <tile type='rocky' id='23' x='8' y='-10'/>
    <tile type='rocky' id='23' x='7' y='-11'/>
    <tile type='rocky' id='22' x='6' y='-12'/>
    <tile type='rocky' id='21' x='5' y='-13'/>
    <tile type='rocky' id='34' x='4' y='-14'/>
    <tile type='rocky' id='30' x='3' y='-15'/>
    <tile type='rocky' id='25' x='2' y='-16'/>
    <tile type='rocky' id='30' x='1' y='-17'/>
    <tile type='rocky' id='22' x='0' y='-18'/>
    <tile type='rocky' id='30' x='-1' y='-19'/>
    <tile type='rocky' id='30' x='-2' y='-20'/>
    <tile type='rocky' id='22' x='-3' y='-21'/>
    <tile type='rocky' id='31' x='-4' y='-22'/>
    <tile type='rocky' id='30' x='-5' y='-23'/>
    <tile type='rocky' id='30' x='-6' y='-24'/>
    <tile type='rocky' id='30' x='-7' y='-25'/>
    <tile type='rocky' id='30' x='-8' y='-26'/>
    <tile type='rocky' id='22' x='-9' y='-27'/>
    <tile type='rocky' id='30' x='-10' y='-28'/>
    <tile type='rocky' id='30' x='-11' y='-29'/>
    <tile type='rocky' id='30' x='-12' y='-30'/>
    <tile type='rocky' id='30' x='-13' y='-31'/>
    <tile type='rocky' id='30' x='-14' y='-32'/>
    <tile type='rocky' id='24' x='-15' y='-33'/>
    <tile type='rocky' id='30' x='-16' y='-34'/>
    <tile type='rocky' id='30' x='-17' y='-35'/>
    <tile type='rocky' id='29' x='-18' y='-36'/>
    <tile type='rocky' id='30' x='-19' y='-37'/>
    <tile type='rocky' id='30' x='-20' y='-38'/>
    <tile type='rocky' id='29' x='-21' y='-39'/>
    <tile type='rocky' id='29' x='-22' y='-40'/>
    <tile type='rocky' id='27' x='-23' y='-41'/>
    <tile type='rocky' id='22' x='-24' y='-42'/>
    <tile type='rocky' id='29' x='-25' y='-43'/>
    <tile type='rocky' id='30' x='-26' y='-44'/>
    <tile type='rocky' id='30' x='-27' y='-45'/>
    <tile type='rocky' id='29' x='-28' y='-46'/>
    <tile type='rocky' id='29' x='-29' y='-47'/>
    <tile type='rocky' id='33' x='9' y='-10'/>
    <tile type='rocky' id='32' x='8' y='-11'/>
    <tile type='rocky' id='22' x='7' y='-12'/>
    <tile type='rocky' id='21' x='6' y='-13'/>
    <tile type='rocky' id='31' x='5' y='-14'/>
    <tile type='rocky' id='30' x='4' y='-15'/>
    <tile type='rocky' id='22' x='3' y='-16'/>
    <tile type='rocky' id='30' x='2' y='-17'/>
    <tile type='rocky' id='30' x='1' y='-18'/>
    <tile type='rocky' id='30' x='0' y='-19'/>
    <tile type='rocky' id='31' x='-1' y='-20'/>
    <tile type='rocky' id='30' x='-2' y='-21'/>
    <tile type='rocky' id='30' x='-3' y='-22'/>
    <tile type='rocky' id='30' x='-4' y='-23'/>
    <tile type='rocky' id='30' x='-5' y='-24'/>
    <tile type='rocky' id='30' x='-6' y='-25'/>
    <tile type='rocky' id='30' x='-7' y='-26'/>
    <tile type='rocky' id='31' x='-8' y='-27'/>
    <tile type='rocky' id='30' x='-9' y='-28'/>
    <tile type='rocky' id='30' x='-10' y='-29'/>
    <tile type='rocky' id='30' x='-11' y='-30'/>
    <tile type='rocky' id='29' x='-12' y='-31'/>
    <tile type='rocky' id='32' x='-13' y='-32'/>
    <tile type='rocky' id='30' x='-14' y='-33'/>
    <tile type='rocky' id='30' x='-15' y='-34'/>
    <tile type='rocky' id='30' x='-16' y='-35'/>
    <tile type='rocky' id='29' x='-17' y='-36'/>
    <tile type='rocky' id='30' x='-18' y='-37'/>
    <tile type='rocky' id='26' x='-19' y='-38'/>
    <tile type='rocky' id='29' x='-20' y='-39'/>
    <tile type='rocky' id='29' x='-21' y='-40'/>
    <tile type='rocky' id='27' x='-22' y='-41'/>
    <tile type='rocky' id='28' x='-23' y='-42'/>
    <tile type='rocky' id='30' x='-24' y='-43'/>
    <tile type='rocky' id='21' x='-25' y='-44'/>
    <tile type='rocky' id='30' x='-26' y='-45'/>
    <tile type='rocky' id='30' x='-27' y='-46'/>
    <tile type='rocky' id='25' x='-28' y='-47'/>
    <tile type='rocky' id='28' x='9' y='-11'/>
    <tile type='rocky' id='32' x='8' y='-12'/>
    <tile type='rocky' id='28' x='7' y='-13'/>
    <tile type='rocky' id='30' x='6' y='-14'/>
    <tile type='rocky' id='30' x='5' y='-15'/>
    <tile type='rocky' id='30' x='4' y='-16'/>
    <tile type='rocky' id='30' x='3' y='-17'/>
    <tile type='rocky' id='30' x='2' y='-18'/>
    <tile type='rocky' id='30' x='1' y='-19'/>
    <tile type='rocky' id='30' x='0' y='-20'/>
    <tile type='rocky' id='30' x='-1' y='-21'/>
    <tile type='rocky' id='22' x='-2' y='-22'/>
    <tile type='rocky' id='31' x='-3' y='-23'/>
    <tile type='rocky' id='30' x='-4' y='-24'/>
    <tile type='rocky' id='30' x='-5' y='-25'/>
    <tile type='rocky' id='30' x='-6' y='-26'/>
    <tile type='rocky' id='30' x='-7' y='-27'/>
    <tile type='rocky' id='30' x='-8' y='-28'/>
    <tile type='rocky' id='30' x='-9' y='-29'/>
    <tile type='rocky' id='26' x='-10' y='-30'/>
    <tile type='rocky' id='30' x='-11' y='-31'/>
    <tile type='rocky' id='22' x='-12' y='-32'/>
    <tile type='rocky' id='30' x='-13' y='-33'/>
    <tile type='rocky' id='30' x='-14' y='-34'/>
    <tile type='rocky' id='30' x='-15' y='-35'/>
    <tile type='rocky' id='30' x='-16' y='-36'/>
    <tile type='rocky' id='29' x='-17' y='-37'/>
    <tile type='rocky' id='21' x='-18' y='-38'/>
    <tile type='rocky' id='30' x='-19' y='-39'/>
    <tile type='rocky' id='29' x='-20' y='-40'/>
    <tile type='rocky' id='30' x='-21' y='-41'/>
    <tile type='rocky' id='27' x='-22' y='-42'/>
    <tile type='rocky' id='34' x='-23' y='-43'/>
    <tile type='rocky' id='29' x='-24' y='-44'/>
    <tile type='rocky' id='30' x='-25' y='-45'/>
    <tile type='rocky' id='30' x='-26' y='-46'/>
    <tile type='rocky' id='22' x='-27' y='-47'/>
    <tile type='rocky' id='27' x='-28' y='-48'/>
    <tile type='rocky' id='29' x='10' y='-11'/>
    <tile type='rocky' id='35' x='9' y='-12'/>
    <tile type='rocky' id='34' x='8' y='-13'/>
    <tile type='rocky' id='23' x='7' y='-14'/>
    <tile type='rocky' id='27' x='6' y='-15'/>
    <tile type='rocky' id='30' x='5' y='-16'/>
    <tile type='rocky' id='30' x='4' y='-17'/>
    <tile type='rocky' id='30' x='3' y='-18'/>
    <tile type='rocky' id='30' x='2' y='-19'/>
    <tile type='rocky' id='30' x='1' y='-20'/>
    <tile type='rocky' id='30' x='0' y='-21'/>
    <tile type='rocky' id='30' x='-1' y='-22'/>
    <tile type='rocky' id='31' x='-2' y='-23'/>
    <tile type='rocky' id='27' x='-3' y='-24'/>
    <tile type='rocky' id='23' x='-4' y='-25'/>
    <tile type='rocky' id='30' x='-5' y='-26'/>
    <tile type='rocky' id='30' x='-6' y='-27'/>
    <tile type='rocky' id='30' x='-7' y='-28'/>
    <tile type='rocky' id='30' x='-8' y='-29'/>
    <tile type='rocky' id='30' x='-9' y='-30'/>
    <tile type='rocky' id='21' x='-10' y='-31'/>
    <tile type='rocky' id='31' x='-11' y='-32'/>
    <tile type='rocky' id='23' x='-12' y='-33'/>
    <tile type='rocky' id='29' x='-13' y='-34'/>
    <tile type='rocky' id='30' x='-14' y='-35'/>
    <tile type='rocky' id='22' x='-15' y='-36'/>
    <tile type='rocky' id='30' x='-16' y='-37'/>
    <tile type='rocky' id='29' x='-17' y='-38'/>
    <tile type='rocky' id='29' x='-18' y='-39'/>
    <tile type='rocky' id='29' x='-19' y='-40'/>
    <tile type='rocky' id='34' x='-20' y='-41'/>
    <tile type='rocky' id='32' x='-21' y='-42'/>
    <tile type='rocky' id='30' x='-22' y='-43'/>
    <tile type='rocky' id='29' x='-23' y='-44'/>
    <tile type='rocky' id='30' x='-24' y='-45'/>
    <tile type='rocky' id='21' x='-25' y='-46'/>
    <tile type='rocky' id='22' x='-26' y='-47'/>
    <tile type='rocky' id='22' x='-27' y='-48'/>
    <tile type='rocky' id='23' x='10' y='-12'/>
    <tile type='rocky' id='21' x='9' y='-13'/>
    <tile type='rocky' id='32' x='8' y='-14'/>
    <tile type='rocky' id='23' x='7' y='-15'/>
    <tile type='rocky' id='22' x='6' y='-16'/>
    <tile type='rocky' id='30' x='5' y='-17'/>
    <tile type='rocky' id='34' x='4' y='-18'/>
    <tile type='rocky' id='30' x='3' y='-19'/>
    <tile type='rocky' id='30' x='2' y='-20'/>
    <tile type='rocky' id='30' x='1' y='-21'/>
    <tile type='rocky' id='30' x='0' y='-22'/>
    <tile type='rocky' id='30' x='-1' y='-23'/>
    <tile type='rocky' id='29' x='-2' y='-24'/>
    <tile type='rocky' id='24' x='-3' y='-25'/>
    <tile type='rocky' id='29' x='-4' y='-26'/>
    <tile type='rocky' id='30' x='-5' y='-27'/>
    <tile type='rocky' id='30' x='-6' y='-28'/>
    <tile type='rocky' id='31' x='-7' y='-29'/>
    <tile type='rocky' id='30' x='-8' y='-30'/>
    <tile type='rocky' id='27' x='-9' y='-31'/>
    <tile type='rocky' id='30' x='-10' y='-32'/>
    <tile type='rocky' id='30' x='-11' y='-33'/>
    <tile type='rocky' id='30' x='-12' y='-34'/>
    <tile type='rocky' id='22' x='-13' y='-35'/>
    <tile type='rocky' id='23' x='-14' y='-36'/>
    <tile type='rocky' id='29' x='-15' y='-37'/>
    <tile type='rocky' id='29' x='-16' y='-38'/>
    <tile type='rocky' id='30' x='-17' y='-39'/>
    <tile type='rocky' id='27' x='-18' y='-40'/>
    <tile type='rocky' id='29' x='-19' y='-41'/>
    <tile type='rocky' id='30' x='-20' y='-42'/>
    <tile type='rocky' id='29' x='-21' y='-43'/>
    <tile type='rocky' id='29' x='-22' y='-44'/>
    <tile type='rocky' id='29' x='-23' y='-45'/>
    <tile type='rocky' id='30' x='-24' y='-46'/>
    <tile type='rocky' id='30' x='-25' y='-47'/>
    <tile type='rocky' id='30' x='-26' y='-48'/>
    <tile type='rocky' id='29' x='-27' y='-49'/>
    <tile type='rocky' id='21' x='11' y='-12'/>
    <tile type='rocky' id='21' x='10' y='-13'/>
    <tile type='rocky' id='31' x='9' y='-14'/>
    <tile type='rocky' id='30' x='8' y='-15'/>
    <tile type='rocky' id='30' x='7' y='-16'/>
    <tile type='rocky' id='30' x='6' y='-17'/>
    <tile type='rocky' id='34' x='5' y='-18'/>
    <tile type='rocky' id='36' x='4' y='-19'/>
    <tile type='rocky' id='27' x='3' y='-20'/>
    <tile type='rocky' id='30' x='2' y='-21'/>
    <tile type='rocky' id='27' x='1' y='-22'/>
    <tile type='rocky' id='30' x='0' y='-23'/>
    <tile type='rocky' id='30' x='-1' y='-24'/>
    <tile type='rocky' id='23' x='-2' y='-25'/>
    <tile type='rocky' id='31' x='-3' y='-26'/>
    <tile type='rocky' id='22' x='-4' y='-27'/>
    <tile type='rocky' id='31' x='-5' y='-28'/>
    <tile type='rocky' id='22' x='-6' y='-29'/>
    <tile type='rocky' id='27' x='-7' y='-30'/>
    <tile type='rocky' id='30' x='-8' y='-31'/>
    <tile type='rocky' id='30' x='-9' y='-32'/>
    <tile type='rocky' id='30' x='-10' y='-33'/>
    <tile type='rocky' id='30' x='-11' y='-34'/>
    <tile type='rocky' id='31' x='-12' y='-35'/>
    <tile type='rocky' id='30' x='-13' y='-36'/>
    <tile type='rocky' id='29' x='-14' y='-37'/>
    <tile type='rocky' id='34' x='-15' y='-38'/>
    <tile type='rocky' id='30' x='-16' y='-39'/>
    <tile type='rocky' id='30' x='-17' y='-40'/>
    <tile type='rocky' id='30' x='-18' y='-41'/>
    <tile type='rocky' id='30' x='-19' y='-42'/>
    <tile type='rocky' id='30' x='-20' y='-43'/>
    <tile type='rocky' id='29' x='-21' y='-44'/>
    <tile type='rocky' id='29' x='-22' y='-45'/>
    <tile type='rocky' id='21' x='-23' y='-46'/>
    <tile type='rocky' id='30' x='-24' y='-47'/>
    <tile type='rocky' id='30' x='-25' y='-48'/>
    <tile type='rocky' id='29' x='-26' y='-49'/>
    <tile type='rocky' id='30' x='11' y='-13'/>
    <tile type='rocky' id='30' x='10' y='-14'/>
    <tile type='rocky' id='29' x='9' y='-15'/>
    <tile type='rocky' id='30' x='8' y='-16'/>
    <tile type='rocky' id='30' x='7' y='-17'/>
    <tile type='rocky' id='30' x='6' y='-18'/>
    <tile type='rocky' id='27' x='5' y='-19'/>
    <tile type='rocky' id='29' x='4' y='-20'/>
    <tile type='rocky' id='30' x='3' y='-21'/>
    <tile type='rocky' id='30' x='2' y='-22'/>
    <tile type='rocky' id='30' x='1' y='-23'/>
    <tile type='rocky' id='30' x='0' y='-24'/>
    <tile type='rocky' id='30' x='-1' y='-25'/>
    <tile type='rocky' id='30' x='-2' y='-26'/>
    <tile type='rocky' id='30' x='-3' y='-27'/>
    <tile type='rocky' id='30' x='-4' y='-28'/>
    <tile type='rocky' id='30' x='-5' y='-29'/>
    <tile type='rocky' id='28' x='-6' y='-30'/>
    <tile type='rocky' id='30' x='-7' y='-31'/>
    <tile type='rocky' id='30' x='-8' y='-32'/>
    <tile type='rocky' id='30' x='-9' y='-33'/>
    <tile type='rocky' id='30' x='-10' y='-34'/>
    <tile type='rocky' id='22' x='-11' y='-35'/>
    <tile type='rocky' id='30' x='-12' y='-36'/>
    <tile type='rocky' id='35' x='-13' y='-37'/>
    <tile type='rocky' id='29' x='-14' y='-38'/>
    <tile type='rocky' id='30' x='-15' y='-39'/>
    <tile type='rocky' id='23' x='-16' y='-40'/>
    <tile type='rocky' id='29' x='-17' y='-41'/>
    <tile type='rocky' id='30' x='-18' y='-42'/>
    <tile type='rocky' id='30' x='-19' y='-43'/>
    <tile type='rocky' id='29' x='-20' y='-44'/>
    <tile type='rocky' id='31' x='-21' y='-45'/>
    <tile type='rocky' id='29' x='-22' y='-46'/>
    <tile type='rocky' id='30' x='-23' y='-47'/>
    <tile type='rocky' id='30' x='-24' y='-48'/>
    <tile type='rocky' id='30' x='-25' y='-49'/>
    <tile type='rocky' id='29' x='-26' y='-50'/>
    <tile type='rocky' id='33' x='12' y='-13'/>
    <tile type='rocky' id='25' x='11' y='-14'/>
    <tile type='rocky' id='22' x='10' y='-15'/>
    <tile type='rocky' id='30' x='9' y='-16'/>
    <tile type='rocky' id='31' x='8' y='-17'/>
    <tile type='rocky' id='30' x='7' y='-18'/>
    <tile type='rocky' id='30' x='6' y='-19'/>
    <tile type='rocky' id='30' x='5' y='-20'/>
    <tile type='rocky' id='32' x='4' y='-21'/>
    <tile type='rocky' id='30' x='3' y='-22'/>
    <tile type='rocky' id='30' x='2' y='-23'/>
    <tile type='rocky' id='30' x='1' y='-24'/>
    <tile type='rocky' id='30' x='0' y='-25'/>
    <tile type='rocky' id='30' x='-1' y='-26'/>
    <tile type='rocky' id='30' x='-2' y='-27'/>
    <tile type='rocky' id='30' x='-3' y='-28'/>
    <tile type='rocky' id='30' x='-4' y='-29'/>
    <tile type='rocky' id='30' x='-5' y='-30'/>
    <tile type='rocky' id='30' x='-6' y='-31'/>
    <tile type='rocky' id='30' x='-7' y='-32'/>
    <tile type='rocky' id='32' x='-8' y='-33'/>
    <tile type='rocky' id='30' x='-9' y='-34'/>
    <tile type='rocky' id='29' x='-10' y='-35'/>
    <tile type='rocky' id='21' x='-11' y='-36'/>
    <tile type='rocky' id='23' x='-12' y='-37'/>
    <tile type='rocky' id='29' x='-13' y='-38'/>
    <tile type='rocky' id='30' x='-14' y='-39'/>
    <tile type='rocky' id='30' x='-15' y='-40'/>
    <tile type='rocky' id='29' x='-16' y='-41'/>
    <tile type='rocky' id='30' x='-17' y='-42'/>
    <tile type='rocky' id='30' x='-18' y='-43'/>
    <tile type='rocky' id='30' x='-19' y='-44'/>
    <tile type='rocky' id='30' x='-20' y='-45'/>
    <tile type='rocky' id='29' x='-21' y='-46'/>
    <tile type='rocky' id='29' x='-22' y='-47'/>
    <tile type='rocky' id='23' x='-23' y='-48'/>
    <tile type='rocky' id='30' x='-24' y='-49'/>
    <tile type='rocky' id='25' x='-25' y='-50'/>
    <tile type='rocky' id='30' x='12' y='-14'/>
    <tile type='rocky' id='31' x='11' y='-15'/>
    <tile type='rocky' id='23' x='10' y='-16'/>
    <tile type='rocky' id='32' x='9' y='-17'/>
    <tile type='rocky' id='22' x='8' y='-18'/>
    <tile type='rocky' id='29' x='7' y='-19'/>
    <tile type='rocky' id='30' x='6' y='-20'/>
    <tile type='rocky' id='30' x='5' y='-21'/>
    <tile type='rocky' id='34' x='4' y='-22'/>
    <tile type='rocky' id='27' x='3' y='-23'/>
    <tile type='rocky' id='30' x='2' y='-24'/>
    <tile type='rocky' id='30' x='1' y='-25'/>
    <tile type='rocky' id='30' x='0' y='-26'/>
    <tile type='rocky' id='30' x='-1' y='-27'/>
    <tile type='rocky' id='29' x='-2' y='-28'/>
    <tile type='rocky' id='32' x='-3' y='-29'/>
    <tile type='rocky' id='30' x='-4' y='-30'/>
    <tile type='rocky' id='30' x='-5' y='-31'/>
    <tile type='rocky' id='30' x='-6' y='-32'/>
    <tile type='rocky' id='30' x='-7' y='-33'/>
    <tile type='rocky' id='30' x='-8' y='-34'/>
    <tile type='rocky' id='31' x='-9' y='-35'/>
    <tile type='rocky' id='32' x='-10' y='-36'/>
    <tile type='rocky' id='30' x='-11' y='-37'/>
    <tile type='rocky' id='30' x='-12' y='-38'/>
    <tile type='rocky' id='30' x='-13' y='-39'/>
    <tile type='rocky' id='30' x='-14' y='-40'/>
    <tile type='rocky' id='30' x='-15' y='-41'/>
    <tile type='rocky' id='36' x='-16' y='-42'/>
    <tile type='rocky' id='30' x='-17' y='-43'/>
    <tile type='rocky' id='30' x='-18' y='-44'/>
    <tile type='rocky' id='30' x='-19' y='-45'/>
    <tile type='rocky' id='23' x='-20' y='-46'/>
    <tile type='rocky' id='30' x='-21' y='-47'/>
    <tile type='rocky' id='21' x='-22' y='-48'/>
    <tile type='rocky' id='22' x='-23' y='-49'/>
    <tile type='rocky' id='21' x='-24' y='-50'/>
    <tile type='rocky' id='30' x='-25' y='-51'/>
    <tile type='rocky' id='29' x='13' y='-14'/>
    <tile type='rocky' id='30' x='12' y='-15'/>
    <tile type='rocky' id='21' x='11' y='-16'/>
    <tile type='rocky' id='29' x='10' y='-17'/>
    <tile type='rocky' id='23' x='9' y='-18'/>
    <tile type='rocky' id='32' x='8' y='-19'/>
    <tile type='rocky' id='30' x='7' y='-20'/>
    <tile type='rocky' id='30' x='6' y='-21'/>
    <tile type='rocky' id='30' x='5' y='-22'/>
    <tile type='rocky' id='22' x='4' y='-23'/>
    <tile type='rocky' id='30' x='3' y='-24'/>
    <tile type='rocky' id='21' x='2' y='-25'/>
    <tile type='rocky' id='30' x='1' y='-26'/>
    <tile type='rocky' id='30' x='0' y='-27'/>
    <tile type='rocky' id='36' x='-1' y='-28'/>
    <tile type='rocky' id='30' x='-2' y='-29'/>
    <tile type='rocky' id='28' x='-3' y='-30'/>
    <tile type='rocky' id='30' x='-4' y='-31'/>
    <tile type='rocky' id='30' x='-5' y='-32'/>
    <tile type='rocky' id='30' x='-6' y='-33'/>
    <tile type='rocky' id='30' x='-7' y='-34'/>
    <tile type='rocky' id='30' x='-8' y='-35'/>
    <tile type='rocky' id='30' x='-9' y='-36'/>
    <tile type='rocky' id='29' x='-10' y='-37'/>
    <tile type='rocky' id='30' x='-11' y='-38'/>
    <tile type='rocky' id='25' x='-12' y='-39'/>
    <tile type='rocky' id='30' x='-13' y='-40'/>
    <tile type='rocky' id='30' x='-14' y='-41'/>
    <tile type='rocky' id='30' x='-15' y='-42'/>
    <tile type='rocky' id='30' x='-16' y='-43'/>
    <tile type='rocky' id='31' x='-17' y='-44'/>
    <tile type='rocky' id='30' x='-18' y='-45'/>
    <tile type='rocky' id='30' x='-19' y='-46'/>
    <tile type='rocky' id='30' x='-20' y='-47'/>
    <tile type='rocky' id='30' x='-21' y='-48'/>
    <tile type='rocky' id='30' x='-22' y='-49'/>
    <tile type='rocky' id='30' x='-23' y='-50'/>
    <tile type='rocky' id='30' x='-24' y='-51'/>
    <tile type='rocky' id='25' x='13' y='-15'/>
    <tile type='rocky' id='30' x='12' y='-16'/>
    <tile type='rocky' id='30' x='11' y='-17'/>
    <tile type='rocky' id='27' x='10' y='-18'/>
    <tile type='rocky' id='30' x='9' y='-19'/>
    <tile type='rocky' id='32' x='8' y='-20'/>
    <tile type='rocky' id='28' x='7' y='-21'/>
    <tile type='rocky' id='25' x='6' y='-22'/>
    <tile type='rocky' id='30' x='5' y='-23'/>
    <tile type='rocky' id='30' x='4' y='-24'/>
    <tile type='rocky' id='30' x='3' y='-25'/>
    <tile type='rocky' id='30' x='2' y='-26'/>
    <tile type='rocky' id='30' x='1' y='-27'/>
    <tile type='rocky' id='29' x='0' y='-28'/>
    <tile type='rocky' id='23' x='-1' y='-29'/>
    <tile type='rocky' id='30' x='-2' y='-30'/>
    <tile type='rocky' id='30' x='-3' y='-31'/>
    <tile type='rocky' id='27' x='-4' y='-32'/>
    <tile type='rocky' id='32' x='-5' y='-33'/>
    <tile type='rocky' id='30' x='-6' y='-34'/>
    <tile type='rocky' id='30' x='-7' y='-35'/>
    <tile type='rocky' id='30' x='-8' y='-36'/>
    <tile type='rocky' id='29' x='-9' y='-37'/>
    <tile type='rocky' id='29' x='-10' y='-38'/>
    <tile type='rocky' id='29' x='-11' y='-39'/>
    <tile type='rocky' id='29' x='-12' y='-40'/>
    <tile type='rocky' id='30' x='-13' y='-41'/>
    <tile type='rocky' id='30' x='-14' y='-42'/>
    <tile type='rocky' id='30' x='-15' y='-43'/>
    <tile type='rocky' id='30' x='-16' y='-44'/>
    <tile type='rocky' id='27' x='-17' y='-45'/>
    <tile type='rocky' id='30' x='-18' y='-46'/>
    <tile type='rocky' id='25' x='-19' y='-47'/>
    <tile type='rocky' id='22' x='-20' y='-48'/>
    <tile type='rocky' id='29' x='-21' y='-49'/>
    <tile type='rocky' id='29' x='-22' y='-50'/>
    <tile type='rocky' id='30' x='-23' y='-51'/>
    <tile type='rocky' id='31' x='-24' y='-52'/>
    <tile type='rocky' id='28' x='14' y='-15'/>
    <tile type='rocky' id='35' x='13' y='-16'/>
    <tile type='rocky' id='30' x='12' y='-17'/>
    <tile type='rocky' id='30' x='11' y='-18'/>
    <tile type='rocky' id='30' x='10' y='-19'/>
    <tile type='rocky' id='30' x='9' y='-20'/>
    <tile type='rocky' id='31' x='8' y='-21'/>
    <tile type='rocky' id='30' x='7' y='-22'/>
    <tile type='rocky' id='30' x='6' y='-23'/>
    <tile type='rocky' id='30' x='5' y='-24'/>
    <tile type='rocky' id='30' x='4' y='-25'/>
    <tile type='rocky' id='30' x='3' y='-26'/>
    <tile type='rocky' id='30' x='2' y='-27'/>
    <tile type='rocky' id='27' x='1' y='-28'/>
    <tile type='rocky' id='30' x='0' y='-29'/>
    <tile type='rocky' id='30' x='-1' y='-30'/>
    <tile type='rocky' id='30' x='-2' y='-31'/>
    <tile type='rocky' id='30' x='-3' y='-32'/>
    <tile type='rocky' id='21' x='-4' y='-33'/>
    <tile type='rocky' id='31' x='-5' y='-34'/>
    <tile type='rocky' id='31' x='-6' y='-35'/>
    <tile type='rocky' id='30' x='-7' y='-36'/>
    <tile type='rocky' id='30' x='-8' y='-37'/>
    <tile type='rocky' id='29' x='-9' y='-38'/>
    <tile type='rocky' id='29' x='-10' y='-39'/>
    <tile type='rocky' id='30' x='-11' y='-40'/>
    <tile type='rocky' id='29' x='-12' y='-41'/>
    <tile type='rocky' id='30' x='-13' y='-42'/>
    <tile type='rocky' id='30' x='-14' y='-43'/>
    <tile type='rocky' id='30' x='-15' y='-44'/>
    <tile type='rocky' id='30' x='-16' y='-45'/>
    <tile type='rocky' id='30' x='-17' y='-46'/>
    <tile type='rocky' id='30' x='-18' y='-47'/>
    <tile type='rocky' id='30' x='-19' y='-48'/>
    <tile type='rocky' id='29' x='-20' y='-49'/>
    <tile type='rocky' id='30' x='-21' y='-50'/>
    <tile type='rocky' id='29' x='-22' y='-51'/>
    <tile type='rocky' id='27' x='-23' y='-52'/>
    <tile type='rocky' id='28' x='14' y='-16'/>
    <tile type='rocky' id='30' x='13' y='-17'/>
    <tile type='rocky' id='30' x='12' y='-18'/>
    <tile type='rocky' id='30' x='11' y='-19'/>
    <tile type='rocky' id='30' x='10' y='-20'/>
    <tile type='rocky' id='30' x='9' y='-21'/>
    <tile type='rocky' id='21' x='8' y='-22'/>
    <tile type='rocky' id='30' x='7' y='-23'/>
    <tile type='rocky' id='27' x='6' y='-24'/>
    <tile type='rocky' id='30' x='5' y='-25'/>
    <tile type='rocky' id='30' x='4' y='-26'/>
    <tile type='rocky' id='30' x='3' y='-27'/>
    <tile type='rocky' id='30' x='2' y='-28'/>
    <tile type='rocky' id='29' x='1' y='-29'/>
    <tile type='rocky' id='32' x='0' y='-30'/>
    <tile type='rocky' id='30' x='-1' y='-31'/>
    <tile type='rocky' id='30' x='-2' y='-32'/>
    <tile type='rocky' id='29' x='-3' y='-33'/>
    <tile type='rocky' id='30' x='-4' y='-34'/>
    <tile type='rocky' id='31' x='-5' y='-35'/>
    <tile type='rocky' id='30' x='-6' y='-36'/>
    <tile type='rocky' id='24' x='-7' y='-37'/>
    <tile type='rocky' id='30' x='-8' y='-38'/>
    <tile type='rocky' id='30' x='-9' y='-39'/>
    <tile type='rocky' id='27' x='-10' y='-40'/>
    <tile type='rocky' id='29' x='-11' y='-41'/>
    <tile type='rocky' id='29' x='-12' y='-42'/>
    <tile type='rocky' id='29' x='-13' y='-43'/>
    <tile type='rocky' id='30' x='-14' y='-44'/>
    <tile type='rocky' id='30' x='-15' y='-45'/>
    <tile type='rocky' id='30' x='-16' y='-46'/>
    <tile type='rocky' id='32' x='-17' y='-47'/>
    <tile type='rocky' id='21' x='-18' y='-48'/>
    <tile type='rocky' id='29' x='-19' y='-49'/>
    <tile type='rocky' id='29' x='-20' y='-50'/>
    <tile type='rocky' id='29' x='-21' y='-51'/>
    <tile type='rocky' id='29' x='-22' y='-52'/>
    <tile type='rocky' id='29' x='-23' y='-53'/>
    <tile type='rocky' id='33' x='15' y='-16'/>
    <tile type='rocky' id='23' x='14' y='-17'/>
    <tile type='rocky' id='30' x='13' y='-18'/>
    <tile type='rocky' id='30' x='12' y='-19'/>
    <tile type='rocky' id='30' x='11' y='-20'/>
    <tile type='rocky' id='30' x='10' y='-21'/>
    <tile type='rocky' id='30' x='9' y='-22'/>
    <tile type='rocky' id='30' x='8' y='-23'/>
    <tile type='rocky' id='30' x='7' y='-24'/>
    <tile type='rocky' id='31' x='6' y='-25'/>
    <tile type='rocky' id='31' x='5' y='-26'/>
    <tile type='rocky' id='30' x='4' y='-27'/>
    <tile type='rocky' id='26' x='3' y='-28'/>
    <tile type='rocky' id='30' x='2' y='-29'/>
    <tile type='rocky' id='31' x='1' y='-30'/>
    <tile type='rocky' id='30' x='0' y='-31'/>
    <tile type='rocky' id='23' x='-1' y='-32'/>
    <tile type='rocky' id='30' x='-2' y='-33'/>
    <tile type='rocky' id='30' x='-3' y='-34'/>
    <tile type='rocky' id='32' x='-4' y='-35'/>
    <tile type='rocky' id='31' x='-5' y='-36'/>
    <tile type='rocky' id='30' x='-6' y='-37'/>
    <tile type='rocky' id='30' x='-7' y='-38'/>
    <tile type='rocky' id='30' x='-8' y='-39'/>
    <tile type='rocky' id='30' x='-9' y='-40'/>
    <tile type='rocky' id='32' x='-10' y='-41'/>
    <tile type='rocky' id='30' x='-11' y='-42'/>
    <tile type='rocky' id='30' x='-12' y='-43'/>
    <tile type='rocky' id='31' x='-13' y='-44'/>
    <tile type='rocky' id='30' x='-14' y='-45'/>
    <tile type='rocky' id='31' x='-15' y='-46'/>
    <tile type='rocky' id='30' x='-16' y='-47'/>
    <tile type='rocky' id='30' x='-17' y='-48'/>
    <tile type='rocky' id='29' x='-18' y='-49'/>
    <tile type='rocky' id='29' x='-19' y='-50'/>
    <tile type='rocky' id='30' x='-20' y='-51'/>
    <tile type='rocky' id='29' x='-21' y='-52'/>
    <tile type='rocky' id='29' x='-22' y='-53'/>
    <tile type='rocky' id='26' x='15' y='-17'/>
    <tile type='rocky' id='25' x='14' y='-18'/>
    <tile type='rocky' id='30' x='13' y='-19'/>
    <tile type='rocky' id='22' x='12' y='-20'/>
    <tile type='rocky' id='30' x='11' y='-21'/>
    <tile type='rocky' id='30' x='10' y='-22'/>
    <tile type='rocky' id='26' x='9' y='-23'/>
    <tile type='rocky' id='27' x='8' y='-24'/>
    <tile type='rocky' id='30' x='7' y='-25'/>
    <tile type='rocky' id='28' x='6' y='-26'/>
    <tile type='rocky' id='30' x='5' y='-27'/>
    <tile type='rocky' id='30' x='4' y='-28'/>
    <tile type='rocky' id='22' x='3' y='-29'/>
    <tile type='rocky' id='21' x='2' y='-30'/>
    <tile type='rocky' id='30' x='1' y='-31'/>
    <tile type='rocky' id='30' x='0' y='-32'/>
    <tile type='rocky' id='34' x='-1' y='-33'/>
    <tile type='rocky' id='30' x='-2' y='-34'/>
    <tile type='rocky' id='30' x='-3' y='-35'/>
    <tile type='rocky' id='30' x='-4' y='-36'/>
    <tile type='rocky' id='30' x='-5' y='-37'/>
    <tile type='rocky' id='30' x='-6' y='-38'/>
    <tile type='rocky' id='30' x='-7' y='-39'/>
    <tile type='rocky' id='30' x='-8' y='-40'/>
    <tile type='rocky' id='30' x='-9' y='-41'/>
    <tile type='rocky' id='30' x='-10' y='-42'/>
    <tile type='rocky' id='30' x='-11' y='-43'/>
    <tile type='rocky' id='30' x='-12' y='-44'/>
    <tile type='rocky' id='25' x='-13' y='-45'/>
    <tile type='rocky' id='27' x='-14' y='-46'/>
    <tile type='rocky' id='30' x='-15' y='-47'/>
    <tile type='rocky' id='30' x='-16' y='-48'/>
    <tile type='rocky' id='30' x='-17' y='-49'/>
    <tile type='rocky' id='22' x='-18' y='-50'/>
    <tile type='rocky' id='30' x='-19' y='-51'/>
    <tile type='rocky' id='30' x='-20' y='-52'/>
    <tile type='rocky' id='29' x='-21' y='-53'/>
    <tile type='rocky' id='29' x='-22' y='-54'/>
    <tile type='rocky' id='29' x='16' y='-17'/>
    <tile type='rocky' id='29' x='15' y='-18'/>
    <tile type='rocky' id='30' x='14' y='-19'/>
    <tile type='rocky' id='30' x='13' y='-20'/>
    <tile type='rocky' id='30' x='12' y='-21'/>
    <tile type='rocky' id='21' x='11' y='-22'/>
    <tile type='rocky' id='30' x='10' y='-23'/>
    <tile type='rocky' id='30' x='9' y='-24'/>
    <tile type='rocky' id='30' x='8' y='-25'/>
    <tile type='rocky' id='30' x='7' y='-26'/>
    <tile type='rocky' id='30' x='6' y='-27'/>
    <tile type='rocky' id='27' x='5' y='-28'/>
    <tile type='rocky' id='35' x='4' y='-29'/>
    <tile type='rocky' id='29' x='3' y='-30'/>
    <tile type='rocky' id='30' x='2' y='-31'/>
    <tile type='rocky' id='30' x='1' y='-32'/>
    <tile type='rocky' id='30' x='0' y='-33'/>
    <tile type='rocky' id='30' x='-1' y='-34'/>
    <tile type='rocky' id='30' x='-2' y='-35'/>
    <tile type='rocky' id='21' x='-3' y='-36'/>
    <tile type='rocky' id='22' x='-4' y='-37'/>
    <tile type='rocky' id='30' x='-5' y='-38'/>
    <tile type='rocky' id='25' x='-6' y='-39'/>
    <tile type='rocky' id='21' x='-7' y='-40'/>
    <tile type='rocky' id='30' x='-8' y='-41'/>
    <tile type='rocky' id='30' x='-9' y='-42'/>
    <tile type='rocky' id='30' x='-10' y='-43'/>
    <tile type='rocky' id='23' x='-11' y='-44'/>
    <tile type='rocky' id='28' x='-12' y='-45'/>
    <tile type='rocky' id='30' x='-13' y='-46'/>
    <tile type='rocky' id='30' x='-14' y='-47'/>
    <tile type='rocky' id='30' x='-15' y='-48'/>
    <tile type='rocky' id='29' x='-16' y='-49'/>
    <tile type='rocky' id='30' x='-17' y='-50'/>
    <tile type='rocky' id='27' x='-18' y='-51'/>
    <tile type='rocky' id='30' x='-19' y='-52'/>
    <tile type='rocky' id='30' x='-20' y='-53'/>
    <tile type='rocky' id='29' x='-21' y='-54'/>
    <tile type='rocky' id='26' x='16' y='-18'/>
    <tile type='rocky' id='30' x='15' y='-19'/>
    <tile type='rocky' id='30' x='14' y='-20'/>
    <tile type='rocky' id='21' x='13' y='-21'/>
    <tile type='rocky' id='34' x='12' y='-22'/>
    <tile type='rocky' id='30' x='11' y='-23'/>
    <tile type='rocky' id='30' x='10' y='-24'/>
    <tile type='rocky' id='27' x='9' y='-25'/>
    <tile type='rocky' id='30' x='8' y='-26'/>
    <tile type='rocky' id='30' x='7' y='-27'/>
    <tile type='rocky' id='34' x='6' y='-28'/>
    <tile type='rocky' id='30' x='5' y='-29'/>
    <tile type='rocky' id='30' x='4' y='-30'/>
    <tile type='rocky' id='22' x='3' y='-31'/>
    <tile type='rocky' id='30' x='2' y='-32'/>
    <tile type='rocky' id='30' x='1' y='-33'/>
    <tile type='rocky' id='30' x='0' y='-34'/>
    <tile type='rocky' id='30' x='-1' y='-35'/>
    <tile type='rocky' id='30' x='-2' y='-36'/>
    <tile type='rocky' id='32' x='-3' y='-37'/>
    <tile type='rocky' id='30' x='-4' y='-38'/>
    <tile type='rocky' id='29' x='-5' y='-39'/>
    <tile type='rocky' id='29' x='-6' y='-40'/>
    <tile type='rocky' id='30' x='-7' y='-41'/>
    <tile type='rocky' id='30' x='-8' y='-42'/>
    <tile type='rocky' id='30' x='-9' y='-43'/>
    <tile type='rocky' id='30' x='-10' y='-44'/>
    <tile type='rocky' id='32' x='-11' y='-45'/>
    <tile type='rocky' id='30' x='-12' y='-46'/>
    <tile type='rocky' id='30' x='-13' y='-47'/>
    <tile type='rocky' id='29' x='-14' y='-48'/>
    <tile type='rocky' id='29' x='-15' y='-49'/>
    <tile type='rocky' id='30' x='-16' y='-50'/>
    <tile type='rocky' id='30' x='-17' y='-51'/>
    <tile type='rocky' id='30' x='-18' y='-52'/>
    <tile type='rocky' id='27' x='-19' y='-53'/>
    <tile type='rocky' id='30' x='-20' y='-54'/>
    <tile type='rocky' id='27' x='-21' y='-55'/>
    <tile type='rocky' id='31' x='17' y='-18'/>
    <tile type='rocky' id='34' x='16' y='-19'/>
    <tile type='rocky' id='30' x='15' y='-20'/>
    <tile type='rocky' id='30' x='14' y='-21'/>
    <tile type='rocky' id='29' x='13' y='-22'/>
    <tile type='rocky' id='28' x='12' y='-23'/>
    <tile type='rocky' id='30' x='11' y='-24'/>
    <tile type='rocky' id='30' x='10' y='-25'/>
    <tile type='rocky' id='30' x='9' y='-26'/>
    <tile type='rocky' id='30' x='8' y='-27'/>
    <tile type='rocky' id='29' x='7' y='-28'/>
    <tile type='rocky' id='29' x='6' y='-29'/>
    <tile type='rocky' id='21' x='5' y='-30'/>
    <tile type='rocky' id='32' x='4' y='-31'/>
    <tile type='rocky' id='30' x='3' y='-32'/>
    <tile type='rocky' id='30' x='2' y='-33'/>
    <tile type='rocky' id='30' x='1' y='-34'/>
    <tile type='rocky' id='30' x='0' y='-35'/>
    <tile type='rocky' id='30' x='-1' y='-36'/>
    <tile type='rocky' id='21' x='-2' y='-37'/>
    <tile type='rocky' id='32' x='-3' y='-38'/>
    <tile type='rocky' id='30' x='-4' y='-39'/>
    <tile type='rocky' id='34' x='-5' y='-40'/>
    <tile type='rocky' id='30' x='-6' y='-41'/>
    <tile type='rocky' id='30' x='-7' y='-42'/>
    <tile type='rocky' id='30' x='-8' y='-43'/>
    <tile type='rocky' id='30' x='-9' y='-44'/>
    <tile type='rocky' id='32' x='-10' y='-45'/>
    <tile type='rocky' id='29' x='-11' y='-46'/>
    <tile type='rocky' id='30' x='-12' y='-47'/>
    <tile type='rocky' id='33' x='-13' y='-48'/>
    <tile type='rocky' id='29' x='-14' y='-49'/>
    <tile type='rocky' id='30' x='-15' y='-50'/>
    <tile type='rocky' id='34' x='-16' y='-51'/>
    <tile type='rocky' id='30' x='-17' y='-52'/>
    <tile type='rocky' id='36' x='-18' y='-53'/>
    <tile type='rocky' id='22' x='-19' y='-54'/>
    <tile type='rocky' id='21' x='-20' y='-55'/>
    <tile type='rocky' id='26' x='17' y='-19'/>
    <tile type='rocky' id='39' x='16' y='-20'/>
    <tile type='rocky' id='30' x='15' y='-21'/>
    <tile type='rocky' id='30' x='14' y='-22'/>
    <tile type='rocky' id='30' x='13' y='-23'/>
    <tile type='rocky' id='30' x='12' y='-24'/>
    <tile type='rocky' id='30' x='11' y='-25'/>
    <tile type='rocky' id='30' x='10' y='-26'/>
    <tile type='rocky' id='30' x='9' y='-27'/>
    <tile type='rocky' id='30' x='8' y='-28'/>
    <tile type='rocky' id='30' x='7' y='-29'/>
    <tile type='rocky' id='27' x='6' y='-30'/>
    <tile type='rocky' id='25' x='5' y='-31'/>
    <tile type='rocky' id='21' x='4' y='-32'/>
    <tile type='rocky' id='30' x='3' y='-33'/>
    <tile type='rocky' id='30' x='2' y='-34'/>
    <tile type='rocky' id='34' x='1' y='-35'/>
    <tile type='rocky' id='32' x='0' y='-36'/>
    <tile type='rocky' id='22' x='-1' y='-37'/>
    <tile type='rocky' id='30' x='-2' y='-38'/>
    <tile type='rocky' id='21' x='-3' y='-39'/>
    <tile type='rocky' id='34' x='-4' y='-40'/>
    <tile type='rocky' id='30' x='-5' y='-41'/>
    <tile type='rocky' id='30' x='-6' y='-42'/>
    <tile type='rocky' id='34' x='-7' y='-43'/>
    <tile type='rocky' id='24' x='-8' y='-44'/>
    <tile type='rocky' id='27' x='-9' y='-45'/>
    <tile type='rocky' id='32' x='-10' y='-46'/>
    <tile type='rocky' id='34' x='-11' y='-47'/>
    <tile type='rocky' id='29' x='-12' y='-48'/>
    <tile type='rocky' id='30' x='-13' y='-49'/>
    <tile type='rocky' id='29' x='-14' y='-50'/>
    <tile type='rocky' id='30' x='-15' y='-51'/>
    <tile type='rocky' id='30' x='-16' y='-52'/>
    <tile type='rocky' id='30' x='-17' y='-53'/>
    <tile type='rocky' id='30' x='-18' y='-54'/>
    <tile type='rocky' id='22' x='-19' y='-55'/>
    <tile type='rocky' id='28' x='-20' y='-56'/>
    <tile type='rocky' id='28' x='18' y='-19'/>
    <tile type='rocky' id='23' x='17' y='-20'/>
    <tile type='rocky' id='30' x='16' y='-21'/>
    <tile type='rocky' id='36' x='15' y='-22'/>
    <tile type='rocky' id='30' x='14' y='-23'/>
    <tile type='rocky' id='30' x='13' y='-24'/>
    <tile type='rocky' id='30' x='12' y='-25'/>
    <tile type='rocky' id='30' x='11' y='-26'/>
    <tile type='rocky' id='30' x='10' y='-27'/>
    <tile type='rocky' id='27' x='9' y='-28'/>
    <tile type='rocky' id='30' x='8' y='-29'/>
    <tile type='rocky' id='30' x='7' y='-30'/>
    <tile type='rocky' id='28' x='6' y='-31'/>
    <tile type='rocky' id='22' x='5' y='-32'/>
    <tile type='rocky' id='27' x='4' y='-33'/>
    <tile type='rocky' id='31' x='3' y='-34'/>
    <tile type='rocky' id='23' x='2' y='-35'/>
    <tile type='rocky' id='25' x='1' y='-36'/>
    <tile type='rocky' id='22' x='0' y='-37'/>
    <tile type='rocky' id='30' x='-1' y='-38'/>
    <tile type='rocky' id='23' x='-2' y='-39'/>
    <tile type='rocky' id='30' x='-3' y='-40'/>
    <tile type='rocky' id='30' x='-4' y='-41'/>
    <tile type='rocky' id='30' x='-5' y='-42'/>
    <tile type='rocky' id='30' x='-6' y='-43'/>
    <tile type='rocky' id='29' x='-7' y='-44'/>
    <tile type='rocky' id='30' x='-8' y='-45'/>
    <tile type='rocky' id='23' x='-9' y='-46'/>
    <tile type='rocky' id='22' x='-10' y='-47'/>
    <tile type='rocky' id='36' x='-11' y='-48'/>
    <tile type='rocky' id='23' x='-12' y='-49'/>
    <tile type='rocky' id='29' x='-13' y='-50'/>
    <tile type='rocky' id='29' x='-14' y='-51'/>
    <tile type='rocky' id='30' x='-15' y='-52'/>
    <tile type='rocky' id='30' x='-16' y='-53'/>
    <tile type='rocky' id='30' x='-17' y='-54'/>
    <tile type='rocky' id='34' x='-18' y='-55'/>
    <tile type='rocky' id='31' x='-19' y='-56'/>
    <tile type='rocky' id='22' x='18' y='-20'/>
    <tile type='rocky' id='30' x='17' y='-21'/>
    <tile type='rocky' id='30' x='16' y='-22'/>
    <tile type='rocky' id='23' x='15' y='-23'/>
    <tile type='rocky' id='30' x='14' y='-24'/>
    <tile type='rocky' id='30' x='13' y='-25'/>
    <tile type='rocky' id='24' x='12' y='-26'/>
    <tile type='rocky' id='21' x='11' y='-27'/>
    <tile type='rocky' id='27' x='10' y='-28'/>
    <tile type='rocky' id='30' x='9' y='-29'/>
    <tile type='rocky' id='30' x='8' y='-30'/>
    <tile type='rocky' id='30' x='7' y='-31'/>
    <tile type='rocky' id='36' x='6' y='-32'/>
    <tile type='rocky' id='30' x='5' y='-33'/>
    <tile type='rocky' id='22' x='4' y='-34'/>
    <tile type='rocky' id='33' x='3' y='-35'/>
    <tile type='rocky' id='30' x='2' y='-36'/>
    <tile type='rocky' id='30' x='1' y='-37'/>
    <tile type='rocky' id='34' x='0' y='-38'/>
    <tile type='rocky' id='30' x='-1' y='-39'/>
    <tile type='rocky' id='29' x='-2' y='-40'/>
    <tile type='rocky' id='30' x='-3' y='-41'/>
    <tile type='rocky' id='30' x='-4' y='-42'/>
    <tile type='rocky' id='30' x='-5' y='-43'/>
    <tile type='rocky' id='25' x='-6' y='-44'/>
    <tile type='rocky' id='27' x='-7' y='-45'/>
    <tile type='rocky' id='31' x='-8' y='-46'/>
    <tile type='rocky' id='27' x='-9' y='-47'/>
    <tile type='rocky' id='30' x='-10' y='-48'/>
    <tile type='rocky' id='30' x='-11' y='-49'/>
    <tile type='rocky' id='30' x='-12' y='-50'/>
    <tile type='rocky' id='30' x='-13' y='-51'/>
    <tile type='rocky' id='29' x='-14' y='-52'/>
    <tile type='rocky' id='30' x='-15' y='-53'/>
    <tile type='rocky' id='23' x='-16' y='-54'/>
    <tile type='rocky' id='30' x='-17' y='-55'/>
    <tile type='rocky' id='29' x='-18' y='-56'/>
    <tile type='rocky' id='29' x='-19' y='-57'/>
    <tile type='rocky' id='22' x='19' y='-20'/>
    <tile type='rocky' id='26' x='18' y='-21'/>
    <tile type='rocky' id='21' x='17' y='-22'/>
    <tile type='rocky' id='41' x='16' y='-23'/>
    <tile type='rocky' id='30' x='15' y='-24'/>
    <tile type='rocky' id='30' x='14' y='-25'/>
    <tile type='rocky' id='30' x='13' y='-26'/>
    <tile type='rocky' id='30' x='12' y='-27'/>
    <tile type='rocky' id='27' x='11' y='-28'/>
    <tile type='rocky' id='22' x='10' y='-29'/>
    <tile type='rocky' id='30' x='9' y='-30'/>
    <tile type='rocky' id='30' x='8' y='-31'/>
    <tile type='rocky' id='30' x='7' y='-32'/>
    <tile type='rocky' id='27' x='6' y='-33'/>
    <tile type='rocky' id='22' x='5' y='-34'/>
    <tile type='rocky' id='30' x='4' y='-35'/>
    <tile type='rocky' id='30' x='3' y='-36'/>
    <tile type='rocky' id='23' x='2' y='-37'/>
    <tile type='rocky' id='30' x='1' y='-38'/>
    <tile type='rocky' id='30' x='0' y='-39'/>
    <tile type='rocky' id='30' x='-1' y='-40'/>
    <tile type='rocky' id='28' x='-2' y='-41'/>
    <tile type='rocky' id='26' x='-3' y='-42'/>
    <tile type='rocky' id='30' x='-4' y='-43'/>
    <tile type='rocky' id='32' x='-5' y='-44'/>
    <tile type='rocky' id='30' x='-6' y='-45'/>
    <tile type='rocky' id='30' x='-7' y='-46'/>
    <tile type='rocky' id='29' x='-8' y='-47'/>
    <tile type='rocky' id='31' x='-9' y='-48'/>
    <tile type='rocky' id='27' x='-10' y='-49'/>
    <tile type='rocky' id='21' x='-11' y='-50'/>
    <tile type='rocky' id='31' x='-12' y='-51'/>
    <tile type='rocky' id='30' x='-13' y='-52'/>
    <tile type='rocky' id='29' x='-14' y='-53'/>
    <tile type='rocky' id='32' x='-15' y='-54'/>
    <tile type='rocky' id='31' x='-16' y='-55'/>
    <tile type='rocky' id='21' x='-17' y='-56'/>
    <tile type='rocky' id='29' x='-18' y='-57'/>
    <tile type='rocky' id='30' x='19' y='-21'/>
    <tile type='rocky' id='33' x='18' y='-22'/>
    <tile type='rocky' id='23' x='17' y='-23'/>
    <tile type='rocky' id='30' x='16' y='-24'/>
    <tile type='rocky' id='30' x='15' y='-25'/>
    <tile type='rocky' id='30' x='14' y='-26'/>
    <tile type='rocky' id='30' x='13' y='-27'/>
    <tile type='rocky' id='23' x='12' y='-28'/>
    <tile type='rocky' id='24' x='11' y='-29'/>
    <tile type='rocky' id='30' x='10' y='-30'/>
    <tile type='rocky' id='30' x='9' y='-31'/>
    <tile type='rocky' id='30' x='8' y='-32'/>
    <tile type='rocky' id='30' x='7' y='-33'/>
    <tile type='rocky' id='30' x='6' y='-34'/>
    <tile type='rocky' id='30' x='5' y='-35'/>
    <tile type='rocky' id='30' x='4' y='-36'/>
    <tile type='rocky' id='23' x='3' y='-37'/>
    <tile type='rocky' id='30' x='2' y='-38'/>
    <tile type='rocky' id='30' x='1' y='-39'/>
    <tile type='rocky' id='30' x='0' y='-40'/>
    <tile type='rocky' id='27' x='-1' y='-41'/>
    <tile type='rocky' id='31' x='-2' y='-42'/>
    <tile type='rocky' id='22' x='-3' y='-43'/>
    <tile type='rocky' id='30' x='-4' y='-44'/>
    <tile type='rocky' id='30' x='-5' y='-45'/>
    <tile type='rocky' id='34' x='-6' y='-46'/>
    <tile type='rocky' id='30' x='-7' y='-47'/>
    <tile type='rocky' id='34' x='-8' y='-48'/>
    <tile type='rocky' id='42' x='-9' y='-49'/>
    <tile type='rocky' id='30' x='-10' y='-50'/>
    <tile type='rocky' id='30' x='-11' y='-51'/>
    <tile type='rocky' id='32' x='-12' y='-52'/>
    <tile type='rocky' id='30' x='-13' y='-53'/>
    <tile type='rocky' id='29' x='-14' y='-54'/>
    <tile type='rocky' id='24' x='-15' y='-55'/>
    <tile type='rocky' id='23' x='-16' y='-56'/>
    <tile type='rocky' id='30' x='-17' y='-57'/>
    <tile type='rocky' id='29' x='-18' y='-58'/>
    <tile type='rocky' id='21' x='20' y='-21'/>
    <tile type='rocky' id='32' x='19' y='-22'/>
    <tile type='rocky' id='31' x='18' y='-23'/>
    <tile type='rocky' id='22' x='17' y='-24'/>
    <tile type='rocky' id='39' x='16' y='-25'/>
    <tile type='rocky' id='30' x='15' y='-26'/>
    <tile type='rocky' id='30' x='14' y='-27'/>
    <tile type='rocky' id='26' x='13' y='-28'/>
    <tile type='rocky' id='22' x='12' y='-29'/>
    <tile type='rocky' id='30' x='11' y='-30'/>
    <tile type='rocky' id='30' x='10' y='-31'/>
    <tile type='rocky' id='30' x='9' y='-32'/>
    <tile type='rocky' id='30' x='8' y='-33'/>
    <tile type='rocky' id='30' x='7' y='-34'/>
    <tile type='rocky' id='30' x='6' y='-35'/>
    <tile type='rocky' id='30' x='5' y='-36'/>
    <tile type='rocky' id='30' x='4' y='-37'/>
    <tile type='rocky' id='27' x='3' y='-38'/>
    <tile type='rocky' id='30' x='2' y='-39'/>
    <tile type='rocky' id='30' x='1' y='-40'/>
    <tile type='rocky' id='34' x='0' y='-41'/>
    <tile type='rocky' id='30' x='-1' y='-42'/>
    <tile type='rocky' id='30' x='-2' y='-43'/>
    <tile type='rocky' id='22' x='-3' y='-44'/>
    <tile type='rocky' id='30' x='-4' y='-45'/>
    <tile type='rocky' id='30' x='-5' y='-46'/>
    <tile type='rocky' id='30' x='-6' y='-47'/>
    <tile type='rocky' id='34' x='-7' y='-48'/>
    <tile type='rocky' id='30' x='-9' y='-50'/>
    <tile type='rocky' id='41' x='-10' y='-51'/>
    <tile type='rocky' id='30' x='-11' y='-52'/>
    <tile type='rocky' id='30' x='-12' y='-53'/>
    <tile type='rocky' id='29' x='-13' y='-54'/>
    <tile type='rocky' id='29' x='-14' y='-55'/>
    <tile type='rocky' id='27' x='-15' y='-56'/>
    <tile type='rocky' id='30' x='-16' y='-57'/>
    <tile type='rocky' id='29' x='-17' y='-58'/>
    <tile type='rocky' id='27' x='20' y='-22'/>
    <tile type='rocky' id='70' x='19' y='-23'/>
    <tile type='rocky' id='23' x='18' y='-24'/>
    <tile type='rocky' id='28' x='17' y='-25'/>
    <tile type='rocky' id='30' x='16' y='-26'/>
    <tile type='rocky' id='30' x='15' y='-27'/>
    <tile type='rocky' id='30' x='14' y='-28'/>
    <tile type='rocky' id='30' x='13' y='-29'/>
    <tile type='rocky' id='30' x='12' y='-30'/>
    <tile type='rocky' id='30' x='11' y='-31'/>
    <tile type='rocky' id='30' x='10' y='-32'/>
    <tile type='rocky' id='41' x='9' y='-33'/>
    <tile type='rocky' id='30' x='8' y='-34'/>
    <tile type='rocky' id='30' x='7' y='-35'/>
    <tile type='rocky' id='23' x='6' y='-36'/>
    <tile type='rocky' id='22' x='5' y='-37'/>
    <tile type='rocky' id='30' x='4' y='-38'/>
    <tile type='rocky' id='30' x='3' y='-39'/>
    <tile type='rocky' id='51' x='2' y='-40'/>
    <tile type='rocky' id='30' x='1' y='-41'/>
    <tile type='rocky' id='40' x='0' y='-42'/>
    <tile type='rocky' id='30' x='-1' y='-43'/>
    <tile type='rocky' id='30' x='-2' y='-44'/>
    <tile type='rocky' id='30' x='-3' y='-45'/>
    <tile type='rocky' id='23' x='-4' y='-46'/>
    <tile type='rocky' id='30' x='-5' y='-47'/>
    <tile type='rocky' id='30' x='-6' y='-48'/>
    <tile type='rocky' id='45' x='-7' y='-49'/>
    <tile type='rocky' id='32' x='-8' y='-50'/>
    <tile type='rocky' id='23' x='-9' y='-51'/>
    <tile type='rocky' id='30' x='-10' y='-52'/>
    <tile type='rocky' id='30' x='-11' y='-53'/>
    <tile type='rocky' id='22' x='-12' y='-54'/>
    <tile type='rocky' id='29' x='-13' y='-55'/>
    <tile type='rocky' id='28' x='-14' y='-56'/>
    <tile type='rocky' id='21' x='-15' y='-57'/>
    <tile type='rocky' id='30' x='-16' y='-58'/>
    <tile type='rocky' id='29' x='-17' y='-59'/>
    <tile type='rocky' id='29' x='21' y='-22'/>
    <tile type='rocky' id='27' x='18' y='-25'/>
    <tile type='rocky' id='27' x='17' y='-26'/>
    <tile type='rocky' id='30' x='16' y='-27'/>
    <tile type='rocky' id='30' x='15' y='-28'/>
    <tile type='rocky' id='36' x='14' y='-29'/>
    <tile type='rocky' id='30' x='13' y='-30'/>
    <tile type='rocky' id='30' x='12' y='-31'/>
    <tile type='rocky' id='30' x='11' y='-32'/>
    <tile type='rocky' id='30' x='10' y='-33'/>
    <tile type='rocky' id='30' x='9' y='-34'/>
    <tile type='rocky' id='30' x='8' y='-35'/>
    <tile type='rocky' id='23' x='7' y='-36'/>
    <tile type='rocky' id='22' x='6' y='-37'/>
    <tile type='rocky' id='30' x='5' y='-38'/>
    <tile type='rocky' id='30' x='4' y='-39'/>
    <tile type='rocky' id='29' x='1' y='-42'/>
    <tile type='rocky' id='30' x='0' y='-43'/>
    <tile type='rocky' id='30' x='-1' y='-44'/>
    <tile type='rocky' id='30' x='-2' y='-45'/>
    <tile type='rocky' id='26' x='-3' y='-46'/>
    <tile type='rocky' id='30' x='-4' y='-47'/>
    <tile type='rocky' id='30' x='-5' y='-48'/>
    <tile type='rocky' id='30' x='-7' y='-50'/>
    <tile type='rocky' id='30' x='-8' y='-51'/>
    <tile type='rocky' id='21' x='-9' y='-52'/>
    <tile type='rocky' id='22' x='-10' y='-53'/>
    <tile type='rocky' id='28' x='-11' y='-54'/>
    <tile type='rocky' id='21' x='-12' y='-55'/>
    <tile type='rocky' id='30' x='-13' y='-56'/>
    <tile type='rocky' id='30' x='-14' y='-57'/>
    <tile type='rocky' id='30' x='-15' y='-58'/>
    <tile type='rocky' id='30' x='-16' y='-59'/>
    <tile type='rocky' id='26' x='18' y='-26'/>
    <tile type='rocky' id='23' x='17' y='-27'/>
    <tile type='rocky' id='30' x='16' y='-28'/>
    <tile type='rocky' id='30' x='15' y='-29'/>
    <tile type='rocky' id='30' x='14' y='-30'/>
    <tile type='rocky' id='30' x='13' y='-31'/>
    <tile type='rocky' id='35' x='12' y='-32'/>
    <tile type='rocky' id='30' x='11' y='-33'/>
    <tile type='rocky' id='30' x='10' y='-34'/>
    <tile type='rocky' id='30' x='9' y='-35'/>
    <tile type='rocky' id='30' x='8' y='-36'/>
    <tile type='rocky' id='26' x='7' y='-37'/>
    <tile type='rocky' id='30' x='6' y='-38'/>
    <tile type='rocky' id='28' x='5' y='-39'/>
    <tile type='rocky' id='30' x='4' y='-40'/>
    <tile type='rocky' id='29' x='2' y='-42'/>
    <tile type='rocky' id='30' x='1' y='-43'/>
    <tile type='rocky' id='30' x='0' y='-44'/>
    <tile type='rocky' id='30' x='-1' y='-45'/>
    <tile type='rocky' id='30' x='-2' y='-46'/>
    <tile type='rocky' id='30' x='-3' y='-47'/>
    <tile type='rocky' id='30' x='-4' y='-48'/>
    <tile type='rocky' id='44' x='-5' y='-49'/>
    <tile type='rocky' id='30' x='-6' y='-50'/>
    <tile type='rocky' id='30' x='-7' y='-51'/>
    <tile type='rocky' id='21' x='-8' y='-52'/>
    <tile type='rocky' id='21' x='-9' y='-53'/>
    <tile type='rocky' id='29' x='-10' y='-54'/>
    <tile type='rocky' id='30' x='-11' y='-55'/>
    <tile type='rocky' id='30' x='-12' y='-56'/>
    <tile type='rocky' id='32' x='-13' y='-57'/>
    <tile type='rocky' id='36' x='-14' y='-58'/>
    <tile type='rocky' id='29' x='-15' y='-59'/>
    <tile type='rocky' id='29' x='-16' y='-60'/>
    <tile type='rocky' id='30' x='22' y='-23'/>
    <tile type='rocky' id='24' x='19' y='-26'/>
    <tile type='rocky' id='30' x='18' y='-27'/>
    <tile type='rocky' id='40' x='17' y='-28'/>
    <tile type='rocky' id='30' x='16' y='-29'/>
    <tile type='rocky' id='30' x='15' y='-30'/>
    <tile type='rocky' id='30' x='14' y='-31'/>
    <tile type='rocky' id='53' x='13' y='-32'/>
    <tile type='rocky' id='30' x='12' y='-33'/>
    <tile type='rocky' id='22' x='11' y='-34'/>
    <tile type='rocky' id='30' x='10' y='-35'/>
    <tile type='rocky' id='31' x='9' y='-36'/>
    <tile type='rocky' id='27' x='8' y='-37'/>
    <tile type='rocky' id='30' x='7' y='-38'/>
    <tile type='rocky' id='30' x='6' y='-39'/>
    <tile type='rocky' id='30' x='5' y='-40'/>
    <tile type='rocky' id='30' x='4' y='-41'/>
    <tile type='rocky' id='29' x='3' y='-42'/>
    <tile type='rocky' id='30' x='2' y='-43'/>
    <tile type='rocky' id='21' x='1' y='-44'/>
    <tile type='rocky' id='36' x='0' y='-45'/>
    <tile type='rocky' id='33' x='-1' y='-46'/>
    <tile type='rocky' id='24' x='-2' y='-47'/>
    <tile type='rocky' id='30' x='-3' y='-48'/>
    <tile type='rocky' id='30' x='-5' y='-50'/>
    <tile type='rocky' id='30' x='-6' y='-51'/>
    <tile type='rocky' id='30' x='-7' y='-52'/>
    <tile type='rocky' id='30' x='-8' y='-53'/>
    <tile type='rocky' id='30' x='-9' y='-54'/>
    <tile type='rocky' id='36' x='-10' y='-55'/>
    <tile type='rocky' id='65' x='-11' y='-56'/>
    <tile type='rocky' id='30' x='-12' y='-57'/>
    <tile type='rocky' id='30' x='-13' y='-58'/>
    <tile type='rocky' id='30' x='-14' y='-59'/>
    <tile type='rocky' id='30' x='-15' y='-60'/>
    <tile type='rocky' id='30' x='22' y='-24'/>
    <tile type='rocky' id='71' x='20' y='-26'/>
    <tile type='rocky' id='30' x='19' y='-27'/>
    <tile type='rocky' id='30' x='18' y='-28'/>
    <tile type='rocky' id='30' x='17' y='-29'/>
    <tile type='rocky' id='30' x='16' y='-30'/>
    <tile type='rocky' id='30' x='15' y='-31'/>
    <tile type='rocky' id='30' x='12' y='-34'/>
    <tile type='rocky' id='29' x='11' y='-35'/>
    <tile type='rocky' id='30' x='10' y='-36'/>
    <tile type='rocky' id='23' x='9' y='-37'/>
    <tile type='rocky' id='21' x='8' y='-38'/>
    <tile type='rocky' id='21' x='7' y='-39'/>
    <tile type='rocky' id='24' x='6' y='-40'/>
    <tile type='rocky' id='29' x='5' y='-41'/>
    <tile type='rocky' id='30' x='4' y='-42'/>
    <tile type='rocky' id='30' x='3' y='-43'/>
    <tile type='rocky' id='29' x='2' y='-44'/>
    <tile type='rocky' id='32' x='1' y='-45'/>
    <tile type='rocky' id='30' x='0' y='-46'/>
    <tile type='rocky' id='30' x='-1' y='-47'/>
    <tile type='rocky' id='30' x='-2' y='-48'/>
    <tile type='rocky' id='43' x='-3' y='-49'/>
    <tile type='rocky' id='27' x='-4' y='-50'/>
    <tile type='rocky' id='30' x='-5' y='-51'/>
    <tile type='rocky' id='30' x='-6' y='-52'/>
    <tile type='rocky' id='30' x='-7' y='-53'/>
    <tile type='rocky' id='30' x='-8' y='-54'/>
    <tile type='rocky' id='30' x='-9' y='-55'/>
    <tile type='rocky' id='30' x='-12' y='-58'/>
    <tile type='rocky' id='28' x='-13' y='-59'/>
    <tile type='rocky' id='29' x='-14' y='-60'/>
    <tile type='rocky' id='21' x='-15' y='-61'/>
    <tile type='rocky' id='27' x='23' y='-24'/>
    <tile type='rocky' id='30' x='22' y='-25'/>
    <tile type='rocky' id='30' x='19' y='-28'/>
    <tile type='rocky' id='66' x='18' y='-29'/>
    <tile type='rocky' id='41' x='17' y='-30'/>
    <tile type='rocky' id='30' x='16' y='-31'/>
    <tile type='rocky' id='30' x='15' y='-32'/>
    <tile type='rocky' id='30' x='13' y='-34'/>
    <tile type='rocky' id='30' x='12' y='-35'/>
    <tile type='rocky' id='40' x='11' y='-36'/>
    <tile type='rocky' id='30' x='10' y='-37'/>
    <tile type='rocky' id='30' x='9' y='-38'/>
    <tile type='rocky' id='29' x='8' y='-39'/>
    <tile type='rocky' id='30' x='7' y='-40'/>
    <tile type='rocky' id='30' x='6' y='-41'/>
    <tile type='rocky' id='30' x='5' y='-42'/>
    <tile type='rocky' id='30' x='4' y='-43'/>
    <tile type='rocky' id='30' x='3' y='-44'/>
    <tile type='rocky' id='30' x='2' y='-45'/>
    <tile type='rocky' id='41' x='1' y='-46'/>
    <tile type='rocky' id='30' x='0' y='-47'/>
    <tile type='rocky' id='30' x='-1' y='-48'/>
    <tile type='rocky' id='22' x='-3' y='-50'/>
    <tile type='rocky' id='21' x='-4' y='-51'/>
    <tile type='rocky' id='30' x='-5' y='-52'/>
    <tile type='rocky' id='30' x='-6' y='-53'/>
    <tile type='rocky' id='30' x='-7' y='-54'/>
    <tile type='rocky' id='30' x='-8' y='-55'/>
    <tile type='rocky' id='29' x='-12' y='-59'/>
    <tile type='rocky' id='21' x='-13' y='-60'/>
    <tile type='rocky' id='23' x='-14' y='-61'/>
    <tile type='rocky' id='28' x='23' y='-25'/>
    <tile type='rocky' id='30' x='17' y='-31'/>
    <tile type='rocky' id='30' x='16' y='-32'/>
    <tile type='rocky' id='30' x='15' y='-33'/>
    <tile type='rocky' id='30' x='14' y='-34'/>
    <tile type='rocky' id='21' x='13' y='-35'/>
    <tile type='rocky' id='30' x='12' y='-36'/>
    <tile type='rocky' id='30' x='11' y='-37'/>
    <tile type='rocky' id='30' x='10' y='-38'/>
    <tile type='rocky' id='29' x='9' y='-39'/>
    <tile type='rocky' id='30' x='8' y='-40'/>
    <tile type='rocky' id='22' x='7' y='-41'/>
    <tile type='rocky' id='23' x='6' y='-42'/>
    <tile type='rocky' id='25' x='5' y='-43'/>
    <tile type='rocky' id='32' x='4' y='-44'/>
    <tile type='rocky' id='30' x='3' y='-45'/>
    <tile type='rocky' id='30' x='2' y='-46'/>
    <tile type='rocky' id='30' x='1' y='-47'/>
    <tile type='rocky' id='30' x='0' y='-48'/>
    <tile type='rocky' id='30' x='-1' y='-49'/>
    <tile type='rocky' id='30' x='-2' y='-50'/>
    <tile type='rocky' id='30' x='-3' y='-51'/>
    <tile type='rocky' id='30' x='-4' y='-52'/>
    <tile type='rocky' id='23' x='-5' y='-53'/>
    <tile type='rocky' id='30' x='-6' y='-54'/>
    <tile type='rocky' id='21' x='-7' y='-55'/>
    <tile type='rocky' id='29' x='-8' y='-56'/>
    <tile type='rocky' id='30' x='-11' y='-59'/>
    <tile type='rocky' id='27' x='-12' y='-60'/>
    <tile type='rocky' id='32' x='-13' y='-61'/>
    <tile type='rocky' id='27' x='-14' y='-62'/>
    <tile type='rocky' id='34' x='24' y='-25'/>
    <tile type='rocky' id='21' x='23' y='-26'/>
    <tile type='rocky' id='30' x='17' y='-32'/>
    <tile type='rocky' id='36' x='16' y='-33'/>
    <tile type='rocky' id='30' x='15' y='-34'/>
    <tile type='rocky' id='30' x='14' y='-35'/>
    <tile type='rocky' id='21' x='13' y='-36'/>
    <tile type='rocky' id='41' x='12' y='-37'/>
    <tile type='rocky' id='30' x='11' y='-38'/>
    <tile type='rocky' id='30' x='10' y='-39'/>
    <tile type='rocky' id='29' x='9' y='-40'/>
    <tile type='rocky' id='30' x='8' y='-41'/>
    <tile type='rocky' id='30' x='7' y='-42'/>
    <tile type='rocky' id='27' x='6' y='-43'/>
    <tile type='rocky' id='31' x='5' y='-44'/>
    <tile type='rocky' id='30' x='4' y='-45'/>
    <tile type='rocky' id='30' x='3' y='-46'/>
    <tile type='rocky' id='30' x='2' y='-47'/>
    <tile type='rocky' id='30' x='1' y='-48'/>
    <tile type='rocky' id='30' x='0' y='-49'/>
    <tile type='rocky' id='30' x='-1' y='-50'/>
    <tile type='rocky' id='30' x='-2' y='-51'/>
    <tile type='rocky' id='30' x='-3' y='-52'/>
    <tile type='rocky' id='30' x='-4' y='-53'/>
    <tile type='rocky' id='30' x='-5' y='-54'/>
    <tile type='rocky' id='41' x='-6' y='-55'/>
    <tile type='rocky' id='29' x='-7' y='-56'/>
    <tile type='rocky' id='30' x='-8' y='-57'/>
    <tile type='rocky' id='30' x='-10' y='-59'/>
    <tile type='rocky' id='30' x='-11' y='-60'/>
    <tile type='rocky' id='23' x='-12' y='-61'/>
    <tile type='rocky' id='21' x='-13' y='-62'/>
    <tile type='rocky' id='21' x='24' y='-26'/>
    <tile type='rocky' id='29' x='23' y='-27'/>
    <tile type='rocky' id='29' x='21' y='-29'/>
    <tile type='rocky' id='30' x='18' y='-32'/>
    <tile type='rocky' id='30' x='17' y='-33'/>
    <tile type='rocky' id='30' x='16' y='-34'/>
    <tile type='rocky' id='30' x='15' y='-35'/>
    <tile type='rocky' id='34' x='14' y='-36'/>
    <tile type='rocky' id='29' x='13' y='-37'/>
    <tile type='rocky' id='30' x='12' y='-38'/>
    <tile type='rocky' id='30' x='11' y='-39'/>
    <tile type='rocky' id='30' x='10' y='-40'/>
    <tile type='rocky' id='30' x='9' y='-41'/>
    <tile type='rocky' id='31' x='8' y='-42'/>
    <tile type='rocky' id='30' x='7' y='-43'/>
    <tile type='rocky' id='30' x='6' y='-44'/>
    <tile type='rocky' id='54' x='5' y='-45'/>
    <tile type='rocky' id='30' x='4' y='-46'/>
    <tile type='rocky' id='29' x='3' y='-47'/>
    <tile type='rocky' id='30' x='2' y='-48'/>
    <tile type='rocky' id='30' x='1' y='-49'/>
    <tile type='rocky' id='32' x='0' y='-50'/>
    <tile type='rocky' id='30' x='-1' y='-51'/>
    <tile type='rocky' id='30' x='-2' y='-52'/>
    <tile type='rocky' id='31' x='-3' y='-53'/>
    <tile type='rocky' id='30' x='-4' y='-54'/>
    <tile type='rocky' id='30' x='-5' y='-55'/>
    <tile type='rocky' id='30' x='-6' y='-56'/>
    <tile type='rocky' id='32' x='-7' y='-57'/>
    <tile type='rocky' id='30' x='-8' y='-58'/>
    <tile type='rocky' id='29' x='-9' y='-59'/>
    <tile type='rocky' id='29' x='-10' y='-60'/>
    <tile type='rocky' id='30' x='-11' y='-61'/>
    <tile type='rocky' id='29' x='-12' y='-62'/>
    <tile type='rocky' id='29' x='-13' y='-63'/>
    <tile type='rocky' id='36' x='25' y='-26'/>
    <tile type='rocky' id='36' x='24' y='-27'/>
    <tile type='rocky' id='30' x='23' y='-28'/>
    <tile type='rocky' id='24' x='22' y='-29'/>
    <tile type='rocky' id='21' x='21' y='-30'/>
    <tile type='rocky' id='23' x='19' y='-32'/>
    <tile type='rocky' id='34' x='18' y='-33'/>
    <tile type='rocky' id='30' x='17' y='-34'/>
    <tile type='rocky' id='23' x='16' y='-35'/>
    <tile type='rocky' id='30' x='15' y='-36'/>
    <tile type='rocky' id='32' x='14' y='-37'/>
    <tile type='rocky' id='30' x='13' y='-38'/>
    <tile type='rocky' id='31' x='12' y='-39'/>
    <tile type='rocky' id='30' x='11' y='-40'/>
    <tile type='rocky' id='25' x='10' y='-41'/>
    <tile type='rocky' id='30' x='9' y='-42'/>
    <tile type='rocky' id='30' x='8' y='-43'/>
    <tile type='rocky' id='30' x='7' y='-44'/>
    <tile type='rocky' id='29' x='4' y='-47'/>
    <tile type='rocky' id='29' x='3' y='-48'/>
    <tile type='rocky' id='27' x='2' y='-49'/>
    <tile type='rocky' id='30' x='1' y='-50'/>
    <tile type='rocky' id='30' x='0' y='-51'/>
    <tile type='rocky' id='30' x='-1' y='-52'/>
    <tile type='rocky' id='30' x='-2' y='-53'/>
    <tile type='rocky' id='23' x='-3' y='-54'/>
    <tile type='rocky' id='34' x='-4' y='-55'/>
    <tile type='rocky' id='30' x='-5' y='-56'/>
    <tile type='rocky' id='30' x='-6' y='-57'/>
    <tile type='rocky' id='23' x='-7' y='-58'/>
    <tile type='rocky' id='30' x='-8' y='-59'/>
    <tile type='rocky' id='30' x='-9' y='-60'/>
    <tile type='rocky' id='30' x='-10' y='-61'/>
    <tile type='rocky' id='30' x='-11' y='-62'/>
    <tile type='rocky' id='29' x='-12' y='-63'/>
    <tile type='rocky' id='29' x='25' y='-27'/>
    <tile type='rocky' id='28' x='24' y='-28'/>
    <tile type='rocky' id='30' x='23' y='-29'/>
    <tile type='rocky' id='30' x='22' y='-30'/>
    <tile type='rocky' id='31' x='21' y='-31'/>
    <tile type='rocky' id='30' x='20' y='-32'/>
    <tile type='rocky' id='30' x='19' y='-33'/>
    <tile type='rocky' id='30' x='18' y='-34'/>
    <tile type='rocky' id='31' x='17' y='-35'/>
    <tile type='rocky' id='30' x='16' y='-36'/>
    <tile type='rocky' id='30' x='15' y='-37'/>
    <tile type='rocky' id='34' x='14' y='-38'/>
    <tile type='rocky' id='30' x='13' y='-39'/>
    <tile type='rocky' id='23' x='12' y='-40'/>
    <tile type='rocky' id='30' x='11' y='-41'/>
    <tile type='rocky' id='22' x='10' y='-42'/>
    <tile type='rocky' id='30' x='9' y='-43'/>
    <tile type='rocky' id='30' x='8' y='-44'/>
    <tile type='rocky' id='29' x='7' y='-45'/>
    <tile type='rocky' id='30' x='5' y='-47'/>
    <tile type='rocky' id='29' x='4' y='-48'/>
    <tile type='rocky' id='22' x='3' y='-49'/>
    <tile type='rocky' id='32' x='2' y='-50'/>
    <tile type='rocky' id='30' x='1' y='-51'/>
    <tile type='rocky' id='26' x='0' y='-52'/>
    <tile type='rocky' id='30' x='-1' y='-53'/>
    <tile type='rocky' id='34' x='-2' y='-54'/>
    <tile type='rocky' id='30' x='-3' y='-55'/>
    <tile type='rocky' id='30' x='-4' y='-56'/>
    <tile type='rocky' id='30' x='-5' y='-57'/>
    <tile type='rocky' id='34' x='-6' y='-58'/>
    <tile type='rocky' id='30' x='-7' y='-59'/>
    <tile type='rocky' id='30' x='-8' y='-60'/>
    <tile type='rocky' id='30' x='-9' y='-61'/>
    <tile type='rocky' id='30' x='-10' y='-62'/>
    <tile type='rocky' id='30' x='-11' y='-63'/>
    <tile type='rocky' id='29' x='-12' y='-64'/>
    <tile type='rocky' id='21' x='0' y='0'/>
    <tile type='rocky' id='21' x='1' y='-1'/>
    <tile type='rocky' id='21' x='2' y='-2'/>
    <tile type='rocky' id='21' x='3' y='-3'/>
    <tile type='rocky' id='21' x='4' y='-4'/>
    <tile type='rocky' id='21' x='5' y='-5'/>
    <tile type='rocky' id='21' x='6' y='-6'/>
    <tile type='rocky' id='21' x='7' y='-7'/>
    <tile type='rocky' id='21' x='8' y='-8'/>
    <tile type='rocky' id='21' x='9' y='-9'/>
    <tile type='rocky' id='21' x='10' y='-10'/>
    <tile type='rocky' id='21' x='11' y='-11'/>
    <tile type='rocky' id='21' x='12' y='-12'/>
    <tile type='rocky' id='21' x='13' y='-13'/>
    <tile type='rocky' id='21' x='14' y='-14'/>
    <tile type='rocky' id='21' x='15' y='-15'/>
    <tile type='rocky' id='21' x='16' y='-16'/>
    <tile type='rocky' id='21' x='17' y='-17'/>
    <tile type='rocky' id='21' x='18' y='-18'/>
    <tile type='rocky' id='21' x='19' y='-19'/>
    <tile type='rocky' id='21' x='20' y='-20'/>
    <tile type='rocky' id='21' x='21' y='-21'/>
    <tile type='rocky' id='21' x='25' y='-25'/>
    <tile type='rocky' id='21' x='26' y='-26'/>
    <tile type='rocky' id='21' x='24' y='-24'/>
    <tile type='rocky' id='21' x='23' y='-23'/>
    <tile type='rocky' id='21' x='22' y='-22'/>
  </surface>
  <buildings>
  </buildings>
</map>