<?xml version='1.0' encoding='UTF-8'?>
<credits>
<h1>Imperium Galactica</h1>
<h2>(C) Digital Reality, 1993-1997</h2>
<img>DigitalRealityLogo</img>
<h2>Desarrollo</h2>
<h3>Programación</h3>
<p>István Árpád 'Spidy' Kiss</p>
<p>Ferenc Szabó</p>

<h3>Modelado 3D</h3>
<p>Csaba Gyarmati</p>
<p>Gábor Fehér</p>
<p>Tamás Fodor</p>
<p>Tamás Kreiner</p>
<p>Károly Rózsa</p>

<h3>Diseño</h3>
<p>Gábor Fehér</p>
<p>István Árpád 'Spidy' Kiss</p>

<h3>Música y sonido</h3>
<p>Tamás Kreiner</p>

<h3>Diseño gráfico</h3>
<p>Károly Rózsa</p>

<h3>Gráficos de colonia</h3>
<p>Tamás Fodor</p>

<img>colony/buildings/human/colony_hub</img>

<h3>Productor</h3>
<p>Jason Schreiber</p>
<p>Nick Bridger</p>

<h3>Productor asociado</h3>
<p>Gary Patino</p>
<p>Cormac Russel</p>

<h3>Aseguramiento de calidad</h3>
<p>Andre Garcia</p>

<h3>Gestión de proyectos</h3>
<p>Gábor Fehér</p>

<h3>Probador principal y diseño adicional</h3>
<p>László Peller</p>

<h3>Probadores del juego</h3>
<p>Zoltán Berényi</p>
<p>Csanád Bösze</p>
<p>Gábor Lam</p>
<p>József Mochary</p>
<p>Ákos Németh</p>
<p>Gábor Németh</p>
<p>Tamás Pánczél</p>
<p>András Peller</p>
<p>Mihály Percsi</p>

<h3>Productor senior</h3>
<p>Steven B. Sargent</p>

<h2>Videos</h2>
<h3>Actores y actrices</h3>

<p>Dave Johnson  - Gábor Gáti</p>
<p>Colonel Douglas - Albert Schneider</p>
<p>Political analyst - Gyula Hámori</p>
<p>Military adviser - Tamás Csák</p>
<p>Geneticist - Keiko Oyama</p>
<p>Wife - Gabriella File</p>
<p>Johny - Ádám Kaló</p>
<p>Commander of Thorin - András Stenczel</p> 
<p>Destroyer 2nd in command - Attila Tóth</p>
<p>Cruiser 2nd in command - Árpád Magyar</p>
<p>Kelly - Péter Albert</p>
<p>Technicians - Aurél Hajtó, József Pintér</p> 
<p>Phsychologist - Edina László</p>
<p>Pilots - Béla Schubert, Győző Bognár</p> 
<p>Professor Reinhart - István Gőz</p>
<p>Doctor - Tivadar Puskás</p>
<p>Assistant - Gyöngyvér Bognár</p>
<p>Intro - Gyöngyvér Bognár</p>
<p>Rádio operator - István Kis</p>
<p>Governors - Nándor Wampetich, Sándor Kőmíves, Sándor Miskolci</p>
<p>Miklós Kovács, János Nagy, Lajos Kerekes</p>
<p>Traders - Károly Rózsa, Tibor Nemes, Lajos Deschán, Miklós Hollósy</p>
<p>István Szarvas, Józsefné Kis, György Murga</p>

<h3>Doblaje</h3>

<h1>Open Imperium Galactica</h1>
<h2>2009-2012</h2>

<img>open-ig-logo</img>

<h2>Ayudantes</h2>
<h3>Identificación de actores/actrices</h3>
<p>Gergely Harrach</p>
<p>Tamás Góz - magyarszinkron.hu</p>
<p>davlev</p>

<h3>Ingeniería inversa de video</h3>
<p>TCH</p>

<h3>Pantalla de presentación</h3>
<p>Gxy</p>

<h3>Potencia de fuego de naves y armas</h3>
<p>gump891202</p>
<p>József "Joe" Torma</p>

<h3>Configuraciones de equipamiento de naves</h3>
<p>Gergely Harrach</p>

<h3>Efectos de sonido</h3>
<p>József "Joe" Torma</p>

<h2>Desarrollo</h2>
<h3>Programación</h3>
<p>Dávid Karnok</p>
<p>Dávid "sigee15" Szigecsán</p>

<h3>Modelado</h3>
<p>Dávid Karnok</p>
<p>Gxy</p>

<h3>Corrección de errores gráficos</h3>
<p>Dávid Karnok</p>
<p>József "Joe" Torma</p>
<p>Norbert "Silver83" Pellny</p>

<h3>Nuevos elementos y jugabilidad</h3>
<p>Dávid Karnok</p>

<h3>Contenido faltante en el juego</h3>
<p>Harrach Gergely</p>
<p>Dávid Karnok</p>

<h3>Probadores</h3>
<p>József "Joe" Torma</p>
<p>Norbert "Silver83" Pellny</p>

<h2>Versión en alemán</h2>

<h3>Efectos de sonido</h3>
<p>Norbert "Silver83" Pellny</p>

<h3>Gráficos</h3>
<p>Norbert "Silver83" Pellny</p>
<p>Mister Hanky</p>

<h3>Traducción</h3>
<p>Norbert "Silver83" Pellny</p>
<p>Silvern Tiger</p>
<p>anonymissimus</p>

<h2>Versión en ruso</h2>

<h3>Traducción</h3>
<p>Kirill Grigoriev</p>
<p>X22</p>

<h3>Gráficos</h3>
<p>X22</p>

<h2>Versión en francés</h2>

<h3>Traducción</h3>
<p>Benjamin Grosjean</p>

<h2>Desarrollo del DLC de IG2</h2>

<h3>Gráficos de espías</h3>
<p>Dániel "Danyetz" Bajor</p>


<p></p>
<p></p>
<p></p>
<p></p>
<p></p>
<p></p>
<p></p>
<p></p>
<p></p>
<p></p>
<p></p>
<p></p>
<p></p>
<p></p>
<h1>¡Gracias por jugar!</h1>

</credits>