<?xml version='1.0' encoding='UTF-8'?>
<tech>
	<item id='Fighter1' name='tech.fighter1.name' long-name='tech.fighter1.longname'
		description='tech.fighter1.description' category='SPACESHIPS_FIGHTERS'
		image='inventions/spaceships/fighters/fighter_1' factory='spaceship'
		research-cost='3000' production-cost='2000' level='0' race='human' ai='1'
		mil='1' index='0' video='technology/spaceships/fighters/fighter_1'>
		<slot-fixed id='Laser' count='1' item='Laser1' />
	</item>
	<item id='Fighter2' name='tech.fighter2.name' long-name='tech.fighter2.longname'
		description='tech.fighter2.description' category='SPACESHIPS_FIGHTERS'
		image='inventions/spaceships/fighters/fighter_2' factory='spaceship'
		research-cost='4000' production-cost='3200' level='2' race='human'
		mech='1' ai='1' mil='1' index='1'
		video='technology/spaceships/fighters/fighter_2'>
		<slot-fixed id='Laser' count='2' item='Laser1' />
	</item>
	<item id='Fighter3' name='tech.fighter3.name' long-name='tech.fighter3.longname'
		description='tech.fighter3.description' category='SPACESHIPS_FIGHTERS'
		image='inventions/spaceships/fighters/fighter_3' factory='spaceship'
		research-cost='12000' production-cost='5000' level='3' race='human'
		mech='1' comp='2' ai='2' mil='2' index='2'
		video='technology/spaceships/fighters/fighter_3'>
		<slot-fixed id='Laser' count='2' item='Laser2' />
	</item>
	<item id='Fighter4' name='tech.fighter4.name' long-name='tech.fighter4.longname'
		description='tech.fighter4.description' category='SPACESHIPS_FIGHTERS'
		image='inventions/spaceships/fighters/fighter_4' factory='spaceship'
		research-cost='18000' production-cost='7500' level='4' race='human'
		requires='Fighter3' mech='3' comp='2' ai='2' mil='4' index='3'
		video='technology/spaceships/fighters/fighter_4'>
		<slot-fixed id='Laser' count='2' item='Laser2' />
	</item>
	<item id='Fighter5' name='tech.fighter5.name' long-name='tech.fighter5.longname'
		description='tech.fighter5.description' category='SPACESHIPS_FIGHTERS'
		image='inventions/spaceships/fighters/fighter_5' factory='spaceship'
		research-cost='22000' production-cost='10000' level='4' race='human'
		civil='1' mech='5' comp='4' ai='4' mil='5' index='4'
		video='technology/spaceships/fighters/fighter_5' requires='Fighter4'>
		<slot-fixed id='Laser' count='2' item='Laser3' />
	</item>
	<item id='Fighter6' name='tech.fighter6.name' long-name='tech.fighter6.longname'
		description='tech.fighter6.description' category='SPACESHIPS_FIGHTERS'
		image='inventions/spaceships/fighters/fighter_6' factory='spaceship'
		research-cost='24000' production-cost='12000' level='5' race='human'
		requires='Rocket2,Fighter5' mech='4' comp='4' ai='5' mil='7' index='5'
		video='technology/spaceships/fighters/fighter_6'>
		<slot-fixed id='Laser' count='2' item='Laser3' />
	</item>
	<item id='Destroyer1' name='tech.destroyer1.name' long-name='tech.destroyer1.longname'
		description='tech.destroyer1.description' category='SPACESHIPS_CRUISERS'
		image='inventions/spaceships/cruisers/destroyer_1' factory='spaceship'
		research-cost='10000' production-cost='12000' level='0' race='human'
		comp='1' ai='1' mil='1' index='0'
		video='technology/spaceships/cruisers/destroyer_1'>
		<slot id='shield' x='109' y='58' width='26' height='12' max='1'
			items='Shield1, Shield2' />
		<slot id='laser' x='163' y='46' width='16' height='15' max='6'
			items='Laser1, Laser2, Laser3' />
		<slot id='hyperdrive' x='203' y='56' width='24' height='11' max='1'
			items='HyperDrive1, HyperDrive2' />
	</item>
	<item id='Destroyer2' name='tech.destroyer2.name' long-name='tech.destroyer2.longname'
		description='tech.destroyer2.description' category='SPACESHIPS_CRUISERS'
		image='inventions/spaceships/cruisers/destroyer_2' factory='spaceship'
		research-cost='32000' production-cost='17500' level='3' race='human'
		requires='Laser2' mech='2' comp='1' ai='1' mil='2' index='1'
		video='technology/spaceships/cruisers/destroyer_2'>
		<slot id='laser1' x='187' y='39' width='24' height='15' max='8'
			items='Laser1, Laser2, Laser3' />
		<slot id='shield' x='149' y='61' width='21' height='12' max='1'
			items='Shield1, Shield2' />
		<slot id='laser2' x='185' y='66' width='24' height='15' max='6'
			items='Laser1, Laser2, Laser3' />
		<slot id='hyperdrive' x='218' y='57' width='28' height='18' max='1'
			items='HyperDrive1, HyperDrive2, HyperDrive3' />
	</item>
	<item id='Destroyer3' name='tech.destroyer3.name' long-name='tech.destroyer3.longname'
		description='tech.destroyer3.description' category='SPACESHIPS_CRUISERS'
		image='inventions/spaceships/cruisers/destroyer_3' factory='spaceship'
		research-cost='44000' production-cost='22000' level='4' race='human'
		requires='Radar2, HyperDrive4, PlasmaCannon' mech='3' comp='4' ai='3'
		mil='4' index='2' video='technology/spaceships/cruisers/destroyer_3'>
		<slot id='radar' x='55' y='38' width='28' height='17' max='1'
			items='Radar1, Radar2' />
		<slot id='shield' x='87' y='47' width='30' height='11' max='1'
			items='Shield1, Shield2' />
		<slot id='laser1' x='181' y='14' width='21' height='10' max='9'
			items='Laser1, Laser2, Laser3' />
		<slot id='hyperdrive' x='207' y='58' width='27' height='22' max='1'
			items='HyperDrive1, HyperDrive2, HyperDrive3, HyperDrive4, HyperDrive5' />
		<slot id='laser2' x='169' y='84' width='22' height='10' max='9'
			items='Laser1, Laser2, Laser3' />
		<slot id='cannon' x='184' y='102' width='16' height='15' max='4'
			items='IonCannon, PlasmaCannon, ParticleCannon' />
	</item>
	<item id='Cruiser1' name='tech.cruiser1.name' long-name='tech.cruiser1.longname'
		description='tech.cruiser1.description' category='SPACESHIPS_CRUISERS'
		image='inventions/spaceships/cruisers/cruiser_1' factory='spaceship'
		research-cost='24000' production-cost='15000' level='3' race='human'
		requires='Shield1' mech='2' comp='1' ai='1' mil='1' index='3'
		video='technology/spaceships/cruisers/cruiser_1'>
		<slot id='shield' x='60' y='62' width='36' height='13' max='1'
			items='Shield1, Shield2, Shield3, Shield4' />
		<slot id='laser' x='128' y='67' width='23' height='14' max='8'
			items='Laser1, Laser2, Laser3, Laser4' />
		<slot id='cannon' x='150' y='42' width='33' height='17' max='2'
			items='IonCannon, PlasmaCannon, ParticleCannon' />
		<slot id='radar' x='192' y='38' width='30' height='17' max='1'
			items='Radar1, Radar2' />
		<slot id='hyperdrive' x='206' y='63' width='30' height='22' max='1'
			items='HyperDrive1, HyperDrive2, HyperDrive3, HyperDrive4' />
	</item>
	<item id='Cruiser2' name='tech.cruiser2.name' long-name='tech.cruiser2.longname'
		description='tech.cruiser2.description' category='SPACESHIPS_CRUISERS'
		image='inventions/spaceships/cruisers/cruiser_2' factory='spaceship'
		research-cost='50000' production-cost='25000' level='4' race='human'
		requires='Shield2, Laser2, Radar2' mech='2' comp='3' ai='3' mil='4'
		index='4' video='technology/spaceships/cruisers/cruiser_2'>
		<slot id='shield' x='57' y='71' width='40' height='19' max='1'
			items='Shield1, Shield2, Shield3, Shield4' />
		<slot id='radar' x='123' y='75' width='28' height='12' max='1'
			items='Radar1, Radar2' />
		<slot id='laser' x='161' y='65' width='26' height='17' max='13'
			items='Laser1, Laser2, Laser3, Laser4' />
		<slot id='cannon1' x='168' y='45' width='40' height='13' max='3'
			items='IonCannon, PlasmaCannon' />
		<slot id='cannon2' x='183' y='85' width='38' height='13' max='5'
			items='IonCannon' />
		<slot id='hyperdrive' x='216' y='59' width='29' height='19' max='1'
			items='HyperDrive1, HyperDrive2, HyperDrive3, HyperDrive4, HyperDrive5' />
	</item>
	<item id='Cruiser3' name='tech.cruiser3.name' long-name='tech.cruiser3.longname'
		description='tech.cruiser3.description' category='SPACESHIPS_CRUISERS'
		image='inventions/spaceships/cruisers/cruiser_3' factory='spaceship'
		research-cost='70000' production-cost='36000' level='5' race='human'
		requires='HyperDrive5,Shield2,Bomb2' civil='1' mech='4' comp='5' ai='4'
		mil='7' index='5' video='technology/spaceships/cruisers/cruiser_3'>
		<slot id='laser' x='38' y='67' width='21' height='10' max='16'
			items='Laser1, Laser2, Laser3, Laser4' />
		<slot id='shield' x='63' y='62' width='24' height='12' max='1'
			items='Shield2, Shield3, Shield4' />
		<slot id='bomb' x='133' y='45' width='22' height='22' max='4'
			items='Bomb1, Bomb2' />
		<slot id='rocket' x='153' y='72' width='25' height='14' max='4'
			items='Rocket1, Rocket2, MultiheadedRocket' />
		<slot id='cannon1' x='180' y='58' width='17' height='14' max='10'
			items='PlasmaCannon, ParticleCannon, MesonCannon' />
		<slot id='ecm' x='199' y='71' width='22' height='11' max='1'
			items='ECM1, ECM2' />
		<slot id='cannon2' x='207' y='56' width='15' height='14' max='10'
			items='PlasmaCannon, ParticleCannon, MesonCannon' />
		<slot id='hyperdrive' x='235' y='55' width='23' height='21' max='1'
			items='HyperDrive1, HyperDrive2, HyperDrive3, HyperDrive4, HyperDrive5' />
	</item>
	<item id='Battleship1' name='tech.battleship1.name' long-name='tech.battleship1.longname'
		description='tech.battleship1.description' category='SPACESHIPS_BATTLESHIPS'
		image='inventions/spaceships/battleships/battleship_1' factory='spaceship'
		research-cost='100000' production-cost='80000' level='3' race='human'
		requires='OrbitalFactory' civil='1' mech='1' comp='1' ai='1' mil='1'
		index='0' video='technology/spaceships/battleships/battleship_1'>
		<slot id='laser' x='45' y='53' width='21' height='10' max='14'
			items='Laser1, Laser2, Laser3, Laser4' />
		<slot id='bomb' x='80' y='64' width='22' height='13' max='8'
			items='Bomb1, Bomb2' />
		<slot id='rocket' x='115' y='65' width='23' height='17' max='6'
			items='Rocket1, Rocket2, MultiheadedRocket' />
		<slot id='radar' x='140' y='17' width='15' height='11' max='1'
			items='Radar1, Radar2, Radar3' />
		<slot id='cannon' x='143' y='57' width='15' height='13' max='8'
			items='IonCannon, PlasmaCannon' />
		<slot id='storage' x='161' y='61' width='21' height='15' max='1'
			items='Storage1, Storage2' />
		<slot id='shield' x='220' y='53' width='26' height='14' max='1'
			items='Shield1, Shield2, Shield3, Shield4' />
		<slot id='hyperdrive' x='253' y='60' width='22' height='12' max='1'
			items='HyperDrive1, HyperDrive2, HyperDrive3, HyperDrive4, HyperDrive5' />
		<property name='vehicles' value='5' />
		<property name='needsOrbitalFactory' value='true' />
	</item>
	<item id='Battleship2' name='tech.battleship2.name' long-name='tech.battleship2.longname'
		description='tech.battleship2.description' category='SPACESHIPS_BATTLESHIPS'
		image='inventions/spaceships/battleships/battleship_2' factory='spaceship'
		research-cost='150000' production-cost='130000' level='4' race='human'
		requires='HyperDrive4, Radar2, Shield3' civil='3' mech='3' comp='4'
		ai='2' mil='5' index='1' video='technology/spaceships/battleships/battleship_2'>
		<slot id='radar' x='33' y='61' width='20' height='9' max='1'
			items='Radar1, Radar2, Radar3' />
		<slot id='cannon' x='65' y='65' width='19' height='13' max='15'
			items='IonCannon, PlasmaCannon, ParticleCannon, MesonCannon' />
		<slot id='storage' x='124' y='67' width='20' height='11' max='1'
			items='Storage1, Storage2' />
		<slot id='ecm' x='156' y='102' width='23' height='15' max='1'
			items='ECM1, ECM2' />
		<slot id='shield' x='179' y='20' width='21' height='13' max='1'
			items='Shield2, Shield3, Shield4' />
		<slot id='rocket1' x='183' y='56' width='23' height='13' max='6'
			items='Rocket1, Rocket2, MultiheadedRocket' />
		<slot id='rocket2' x='208' y='56' width='21' height='13' max='6'
			items='Rocket1, Rocket2, MultiheadedRocket' />
		<slot id='bomb' x='211' y='74' width='20' height='13' max='12'
			items='Bomb1, Bomb2' />
		<slot id='hyperdrive' x='237' y='66' width='25' height='15' max='1'
			items='HyperDrive1, HyperDrive2, HyperDrive3, HyperDrive4, HyperDrive5' />
		<property name='vehicles' value='8' />
		<property name='needsOrbitalFactory' value='true' />
	</item>
	<item id='Battleship3' name='tech.battleship3.name' long-name='tech.battleship3.longname'
		description='tech.battleship3.description' category='SPACESHIPS_BATTLESHIPS'
		image='inventions/spaceships/battleships/battleship_3' factory='spaceship'
		research-cost='180000' production-cost='230000' level='5' race='human'
		requires='Battleship2, MesonCannon, Bomb2' civil='4' mech='5' comp='5'
		ai='5' mil='7' index='2' video='technology/spaceships/battleships/battleship_3'>
		<slot id='cannon1' x='9' y='76' width='27' height='12' max='10'
			items='IonCannon, PlasmaCannon, ParticleCannon, MesonCannon' />
		<slot id='bomb' x='70' y='71' width='22' height='12' max='20'
			items='Bomb1, Bomb2' />
		<slot id='cannon2' x='116' y='49' width='26' height='11' max='10'
			items='IonCannon, PlasmaCannon, ParticleCannon, MesonCannon' />
		<slot id='rocket' x='121' y='19' width='16' height='8' max='14'
			items='Rocket1, Rocket2, MultiheadedRocket' />
		<slot id='storage' x='123' y='75' width='20' height='13' max='1'
			items='Storage1, Storage2' />
		<slot id='radar' x='182' y='58' width='22' height='7' max='1'
			items='Radar1, Radar2, Radar3' />
		<slot id='ecm' x='195' y='108' width='16' height='10' max='1'
			items='ECM1, ECM2' />
		<slot id='shield' x='200' y='69' width='26' height='15' max='1'
			items='Shield1, Shield2, Shield3, Shield4' />
		<slot id='laser' x='246' y='60' width='21' height='10' max='20'
			items='Laser1, Laser2, Laser3, Laser4' />
		<slot id='hyperdrive' x='253' y='73' width='34' height='11' max='1'
			items='HyperDrive1, HyperDrive2, HyperDrive3, HyperDrive4, HyperDrive5' />
		<property name='vehicles' value='10' />
		<property name='needsOrbitalFactory' value='true' />
	</item>
	<item id='ColonyShip' name='tech.colonyship.name' long-name='tech.colonyship.longname'
		description='tech.colonyship.description' category='SPACESHIPS_BATTLESHIPS'
		image='inventions/spaceships/battleships/colonyship' factory='spaceship'
		research-cost='100000' production-cost='80000' level='4'
		race='human,garthog,morgath,ychom,dribs,sullep,dargslan,ecalep'
		requires='Radar1, Shield1' civil='1' mech='1' comp='1' index='3'
		video='technology/spaceships/battleships/colony_ship'>
		<slot id='shield' x='79' y='62' width='32' height='14' max='1'
			items='Shield1, Shield2, Shield3, Shield4' />
		<slot id='radar' x='188' y='63' width='17' height='11' max='1'
			items='Radar1, Radar2, Radar3' />
		<slot id='hyperdrive' x='229' y='59' width='12' height='18' max='1'
			items='HyperDrive1, HyperDrive2, HyperDrive3, HyperDrive4, HyperDrive5' />
		<property name='needsOrbitalFactory' value='true' />
	</item>
	<item id='Flagship' name='tech.flagship.name' long-name='tech.flagship.longname'
		description='tech.flagship.description' category='SPACESHIPS_BATTLESHIPS'
		image='inventions/spaceships/battleships/thorin' factory='spaceship'
		research-cost='1000000' production-cost='1000000' level='5' race='human'
		civil='5' mech='6' comp='6' ai='5' mil='7' index='4'
		video='technology/spaceships/battleships/thorin'>
		<slot id='radar' x='24' y='51' width='21' height='8' max='1'
			items='Radar1, Radar2, Radar3' />
		<slot id='ecm' x='69' y='58' width='22' height='11' max='1'
			items='ECM1, ECM2' />
		<slot id='laser' x='130' y='50' width='16' height='8' max='36'
			items='Laser1, Laser2, Laser3, Laser4' />
		<slot id='rocket' x='145' y='10' width='22' height='7' max='22'
			items='Rocket1, Rocket2, MultiheadedRocket' />
		<slot id='cannon1' x='146' y='27' width='16' height='7' max='16'
			items='IonCannon, PlasmaCannon, ParticleCannon, MesonCannon' />
		<slot id='storage' x='147' y='61' width='22' height='9' max='1'
			items='Storage1, Storage2' />
		<slot id='cannon2' x='145' y='97' width='16' height='7' max='16'
			items='IonCannon, PlasmaCannon, ParticleCannon, MesonCannon' />
		<slot id='bomb' x='144' y='115' width='22' height='8' max='14'
			items='Bomb1, Bomb2, VirusBomb' />
		<slot id='shield' x='194' y='65' width='18' height='9' max='1'
			items='Shield1, Shield2, Shield3, Shield4' />
		<slot id='hyperdrive' x='255' y='65' width='32' height='13' max='1'
			items='HyperDrive1, HyperDrive2, HyperDrive3, HyperDrive4, HyperDrive5' />
		<property name='vehicles' value='15' />
		<property name='needsOrbitalFactory' value='true' />
	</item>
	<item id='Satellite' name='tech.satellite.name' long-name='tech.satellite.longname'
		description='tech.satellite.description' category='SPACESHIPS_SATELLITES'
		image='inventions/spaceships/satellites/satellite' factory='spaceship'
		research-cost='200' production-cost='120' level='0'
		race='human,garthog,morgath,ychom,dribs,sullep,dargslan,ecalep' comp='1'
		ai='1' index='0' video='technology/spaceships/satellites/satellite'>
		<property name='detector' value='1' />
	</item>
	<item id='SpySatellite1' name='tech.spysatellite1.name' long-name='tech.spysatellite1.longname'
		description='tech.spysatellite1.description' category='SPACESHIPS_SATELLITES'
		image='inventions/spaceships/satellites/spy_satellite_1' factory='spaceship'
		research-cost='8000' production-cost='1000' level='3'
		race='human,garthog,morgath,ychom,dribs,sullep,dargslan,ecalep' mech='1'
		comp='1' ai='1' index='1'
		video='technology/spaceships/satellites/spy_satellite_1'>
		<property name='detector' value='2' />
	</item>
	<item id='SpySatellite2' name='tech.spysatellite2.name' long-name='tech.spysatellite2.longname'
		description='tech.spysatellite2.description' category='SPACESHIPS_SATELLITES'
		image='inventions/spaceships/satellites/spy_satellite_2' factory='spaceship'
		research-cost='12000' production-cost='2300' level='4'
		race='human,morgath,ychom,dribs,sullep,dargslan,ecalep'
		requires='SpySatellite1' mech='2' comp='3' ai='3' mil='2' index='2'
		video='technology/spaceships/satellites/spy_satellite_2'>
		<property name='detector' value='3' />
	</item>
	<item id='Hubble2' name='tech.hubble2.name' long-name='tech.hubble2.longname'
		description='tech.hubble2.description' category='SPACESHIPS_SATELLITES'
		image='inventions/spaceships/satellites/hubble' factory='spaceship'
		research-cost='10000' production-cost='2100' level='4' race='human'
		requires='SpySatellite1, Radar2' mech='5' comp='5' ai='6' mil='4'
		index='3' video='technology/spaceships/satellites/hubble'>
		<property name='radar' value='4' />
	</item>
	<item id='SpaceStation1' name='tech.spacestation1.name' long-name='tech.spacestation1.longname'
		description='tech.spacestation1.description' category='SPACESHIPS_STATIONS'
		image='inventions/spaceships/stations/space_station_1' factory='spaceship'
		research-cost='20000' production-cost='65000' level='0'
		race='human,garthog,morgath,ychom,dribs,sullep,dargslan,ecalep' civil='2'
		mech='2' comp='2' ai='1' mil='3' index='0'
		video='technology/spaceships/stations/space_station_1'>
		<slot-fixed id='Laser' item='Laser2' count='11' />
		<slot-fixed id='Cannon' item='IonCannon' count='10' />
		<slot id='rocket' x='145' y='50' width='30' height='20' max='2' items='Rocket1' />
		<slot-fixed id='ECM' item='ECM1' count='1' />
	</item>
	<item id='OrbitalFactory' name='tech.orbitalfactory.name'
		long-name='tech.orbitalfactory.longname' description='tech.orbitalfactory.description'
		category='SPACESHIPS_STATIONS' image='inventions/spaceships/stations/orbital_factory'
		factory='spaceship' research-cost='40000' production-cost='80000'
		level='3' race='human,garthog,morgath,ychom,dribs,sullep,dargslan,ecalep'
		civil='0' mech='1' comp='1' ai='0' mil='1' index='3'
		video='technology/spaceships/stations/orbital_factory'>
	</item>
	<item id='SpaceStation2' name='tech.spacestation2.name' long-name='tech.spacestation2.longname'
		description='tech.spacestation2.description' category='SPACESHIPS_STATIONS'
		image='inventions/spaceships/stations/space_station_2' factory='spaceship'
		research-cost='110000' production-cost='90000' level='4'
		race='human,morgath,ychom,dribs,sullep,dargslan,ecalep'
		requires='Laser2, IonCannon, SpaceStation1' civil='3' mech='3' comp='4'
		ai='3' mil='5' index='1' video='technology/spaceships/stations/space_station_2'>
		<slot-fixed id='Laser' item='Laser2' count='16' />
		<slot-fixed id='Cannon' item='IonCannon' count='17' />
		<slot-fixed id='Shield' item='Shield2' count='1' />
		<slot id='rocket' x='145' y='50' width='30' height='20' max='3' items='Rocket1,Rocket2' />
		<slot-fixed id='ECM' item='ECM1' count='1' />
	</item>
	<item id='SpaceStation3' name='tech.spacestation3.name' long-name='tech.spacestation3.longname'
		description='tech.spacestation3.description' category='SPACESHIPS_STATIONS'
		image='inventions/spaceships/stations/space_station_3' factory='spaceship'
		research-cost='200000' production-cost='125000' level='5'
		race='human,ychom,dribs,sullep,dargslan,ecalep'
		requires='Laser4, IonCannon, Rocket2' civil='6' mech='4' comp='5' ai='3'
		mil='6' index='2' video='technology/spaceships/stations/space_station_3'>
		<slot-fixed id='Laser1' item='Laser3' count='7' />
		<slot-fixed id='Cannon1' item='ParticleCannon' count='7' />
		<slot-fixed id='Cannon2' item='PlasmaCannon' count='9' />
		<slot-fixed id='Shield' item='Shield3' count='1' />
		<slot id='rocket' x='145' y='50' width='30' height='20' max='6' items='Rocket1,Rocket2,MultiheadedRocket' />
		<slot-fixed id='ECM' item='ECM2' count='1' />
	</item>
	<item id='HyperDrive1' name='tech.hyperdrive1.name' long-name='tech.hyperdrive1.longname'
		description='tech.hyperdrive1.description' category='EQUIPMENT_HYPERDRIVES'
		image='inventions/equipments/hyperdrives/hyperdrive_1' factory='equipment'
		research-cost='5000' production-cost='2000' level='0' race='human'
		mech='1' mil='1' index='0'
		video='technology/equipments/hyperdrives/hyperdrive_1'>
		<property name='speed' value='28' />
	</item>
	<item id='HyperDrive2' name='tech.hyperdrive2.name' long-name='tech.hyperdrive2.longname'
		description='tech.hyperdrive2.description' category='EQUIPMENT_HYPERDRIVES'
		image='inventions/equipments/hyperdrives/hyperdrive_2' factory='equipment'
		research-cost='14000' production-cost='3200' level='3' race='human'
		requires='HyperDrive1' mech='2' mil='1' index='1'
		video='technology/equipments/hyperdrives/hyperdrive_2'>
		<property name='speed' value='30' />
	</item>
	<item id='HyperDrive3' name='tech.hyperdrive3.name' long-name='tech.hyperdrive3.longname'
		description='tech.hyperdrive3.description' category='EQUIPMENT_HYPERDRIVES'
		image='inventions/equipments/hyperdrives/hyperdrive_3' factory='equipment'
		research-cost='18000' production-cost='4300' level='4' race='human'
		requires='HyperDrive2' civil='1' mech='3' comp='2' mil='1' index='2'
		video='technology/equipments/hyperdrives/hyperdrive_3'>
		<property name='speed' value='32' />
	</item>
	<item id='HyperDrive4' name='tech.hyperdrive4.name' long-name='tech.hyperdrive4.longname'
		description='tech.hyperdrive4.description' category='EQUIPMENT_HYPERDRIVES'
		image='inventions/equipments/hyperdrives/hyperdrive_4' factory='equipment'
		research-cost='20000' production-cost='6000' level='4' race='human'
		requires='HyperDrive3' civil='3' mech='4' comp='2' mil='2' index='3'
		video='technology/equipments/hyperdrives/hyperdrive_4'>
		<property name='speed' value='34' />
	</item>
	<item id='HyperDrive5' name='tech.hyperdrive5.name' long-name='tech.hyperdrive5.longname'
		description='tech.hyperdrive5.description' category='EQUIPMENT_HYPERDRIVES'
		image='inventions/equipments/hyperdrives/hyperdrive_5' factory='equipment'
		research-cost='24000' production-cost='9000' level='5' race='human'
		requires='HyperDrive4' civil='4' mech='6' comp='1' mil='4' index='4'
		video='technology/equipments/hyperdrives/hyperdrive_5'>
		<property name='speed' value='36' />
	</item>
	<item id='DargslanHyperDrive5' name='tech.hyperdrive5.name' long-name='tech.hyperdrive5.longname'
		description='tech.hyperdrive5.description' category='EQUIPMENT_HYPERDRIVES'
		image='inventions/equipments/hyperdrives/hyperdrive_5' factory='equipment'
		research-cost='24000' production-cost='9000' level='6' race='dargslan'
		civil='4' mech='6' comp='1' mil='4' index='4'
		video='technology/equipments/hyperdrives/hyperdrive_5'>
		<property name='speed' value='35' />
	</item>
	<item id='ECM1' name='tech.ecm1.name' long-name='tech.ecm1.longname'
		description='tech.ecm1.description' category='EQUIPMENT_MODULES'
		image='inventions/equipments/modules/ecm_1' factory='equipment'
		research-cost='11200' production-cost='7000' level='4' race='human'
		civil='1' mech='2' comp='3' ai='3' mil='2' index='0'
		video='technology/equipments/modules/ecm_1'>
		<property name='ecm' value='1' />
	</item>
	<item id='ECM2' name='tech.ecm2.name' long-name='tech.ecm2.longname'
		description='tech.ecm2.description' category='EQUIPMENT_MODULES'
		image='inventions/equipments/modules/ecm_2' factory='equipment'
		research-cost='12600' production-cost='13500' level='4' race='human'
		requires='ECM1, Rocket2' civil='2' mech='3' comp='4' ai='5' mil='3'
		index='1' video='technology/equipments/modules/ecm_2'>
		<property name='ecm' value='2' />
	</item>
	<item id='Storage1' name='tech.storage1.name' long-name='tech.storage1.longname'
		description='tech.storage1.description' category='EQUIPMENT_MODULES'
		image='inventions/equipments/modules/storage_1' factory='equipment'
		research-cost='10000' production-cost='7400' level='3' race='human'
		civil='1' index='3' video='technology/equipments/modules/storage_1'>
		<property name='vehicles' value='3' />
	</item>
	<item id='Storage2' name='tech.storage2.name' long-name='tech.storage2.longname'
		description='tech.storage2.description' category='EQUIPMENT_MODULES'
		image='inventions/equipments/modules/storage_2' factory='equipment'
		research-cost='14000' production-cost='10000' level='4' race='human'
		requires='Storage1' civil='3' mech='4' comp='2' mil='2' index='4'
		video='technology/equipments/modules/storage_2'>
		<property name='vehicles' value='5' />
	</item>
	<item id='Radar1' name='tech.radar1.name' long-name='tech.radar1.longname'
		description='tech.radar1.description' category='EQUIPMENT_RADARS'
		image='inventions/equipments/radars/radar_1' factory='equipment'
		research-cost='8000' production-cost='5000' level='0' race='human'
		mil='1' index='0' video='technology/equipments/radars/radar_1'>
		<property name='radar' value='1' />
	</item>
	<item id='Radar2' name='tech.radar2.name' long-name='tech.radar2.longname'
		description='tech.radar2.description' category='EQUIPMENT_RADARS'
		image='inventions/equipments/radars/radar_2' factory='equipment'
		research-cost='18000' production-cost='9000' level='3' race='human'
		requires='Radar1' mech='2' comp='2' ai='1' mil='2' index='1'
		video='technology/equipments/radars/radar_2'>
		<property name='radar' value='2' />
	</item>
	<item id='Radar3' name='tech.radar3.name' long-name='tech.radar3.longname'
		description='tech.radar3.description' category='EQUIPMENT_RADARS'
		image='inventions/equipments/radars/radar_3' factory='equipment'
		research-cost='22000' production-cost='16000' level='4' race='human'
		requires='Radar2' civil='1' mech='4' comp='4' ai='2' mil='4' index='2'
		video='technology/equipments/radars/radar_3'>
		<property name='radar' value='3' />
	</item>
	<item id='Shield1' name='tech.shield1.name' long-name='tech.shield1.longname'
		description='tech.shield1.description' category='EQUIPMENT_SHIELDS'
		image='inventions/equipments/shields/shield_1' factory='equipment'
		research-cost='10000' production-cost='4000' level='0' race='human'
		civil='1' comp='1' mil='1' index='0'
		video='technology/equipments/shields/shield_1'>
		<property name='shield' value='25' />
	</item>
	<item id='Shield2' name='tech.shield2.name' long-name='tech.shield2.longname'
		description='tech.shield2.description' category='EQUIPMENT_SHIELDS'
		image='inventions/equipments/shields/shield_2' factory='equipment'
		research-cost='20000' production-cost='7500' level='4' race='human'
		requires='Shield1' comp='3' ai='1' mil='4' index='1'
		video='technology/equipments/shields/shield_2'>
		<property name='shield' value='50' />
	</item>
	<item id='Shield3' name='tech.shield3.name' long-name='tech.shield3.longname'
		description='tech.shield3.description' category='EQUIPMENT_SHIELDS'
		image='inventions/equipments/shields/shield_3' factory='equipment'
		research-cost='24000' production-cost='12000' level='4' race='human'
		requires='Shield2, ParticleCannon' mech='1' comp='4' ai='2' mil='6'
		index='2' video='technology/equipments/shields/shield_3'>
		<property name='shield' value='75' />
	</item>
	<item id='Shield4' name='tech.shield4.name' long-name='tech.shield4.longname'
		description='tech.shield4.description' category='EQUIPMENT_SHIELDS'
		image='inventions/equipments/shields/shield_4' factory='equipment'
		research-cost='30000' production-cost='19000' level='5' race='human'
		civil='1' mech='3' comp='6' ai='4' mil='7' index='3' requires='Shield3'
		video='technology/equipments/shields/shield_4'>
		<property name='shield' value='100' />
	</item>
	<item id='Laser1' name='tech.laser1.name' long-name='tech.laser1.longname'
		description='tech.laser1.description' category='WEAPONS_LASERS'
		image='inventions/weapons/lasers/laser_1' factory='weapon'
		research-cost='3000' production-cost='620' level='0' race='human'
		mech='1' comp='1' mil='1' index='0' video='technology/weapons/lasers/laser_1'>
		<property name='projectile' value='Laser1' />
	</item>
	<item id='Laser2' name='tech.laser2.name' long-name='tech.laser2.longname'
		description='tech.laser2.description' category='WEAPONS_LASERS'
		image='inventions/weapons/lasers/laser_2' factory='weapon'
		research-cost='8000' production-cost='900' level='3' race='human'
		requires='Laser1' mech='2' comp='1' mil='2' index='1'
		video='technology/weapons/lasers/laser_2'>
		<property name='projectile' value='Laser2' />
	</item>
	<item id='Laser3' name='tech.laser3.name' long-name='tech.laser3.longname'
		description='tech.laser3.description' category='WEAPONS_LASERS'
		image='inventions/weapons/lasers/laser_3' factory='weapon'
		research-cost='12000' production-cost='1400' level='4' race='human'
		requires='Laser2, SolarPlant' mech='2' comp='3' ai='1' mil='4' index='2'
		video='technology/weapons/lasers/laser_3'>
		<property name='projectile' value='Laser3' />
	</item>
	<item id='Laser4' name='tech.laser4.name' long-name='tech.laser4.longname'
		description='tech.laser4.description' category='WEAPONS_LASERS'
		image='inventions/weapons/lasers/laser_4' factory='weapon'
		research-cost='14000' production-cost='1750' level='4' race='human'
		requires='Laser3' mech='4' comp='4' ai='2' mil='5' index='3'
		video='technology/weapons/lasers/laser_4'>
		<property name='projectile' value='Laser4' />
	</item>
	<item id='IonCannon' name='tech.ioncannon.name' long-name='tech.ioncannon.longname'
		description='tech.ioncannon.description' category='WEAPONS_CANNONS'
		image='inventions/weapons/cannons/ion_cannon' factory='weapon'
		research-cost='8000' production-cost='1200' level='3' race='human'
		mech='1' comp='1' ai='1' mil='1' index='0'
		video='technology/weapons/cannons/ion_cannon'>
		<property name='projectile' value='Ion' />
	</item>
	<item id='PlasmaCannon' name='tech.plasmacannon.name' long-name='tech.plasmacannon.longname'
		description='tech.plasmacannon.description' category='WEAPONS_CANNONS'
		image='inventions/weapons/cannons/plasma_cannon' factory='weapon'
		research-cost='12000' production-cost='2400' level='4' race='human'
		requires='IonCannon' mech='2' comp='4' ai='2' mil='4' index='1'
		video='technology/weapons/cannons/plasma_cannon'>
		<property name='projectile' value='Plasma' />
	</item>
	<item id='ParticleCannon' name='tech.particlecannon.name'
		long-name='tech.particlecannon.longname' description='tech.particlecannon.description'
		category='WEAPONS_CANNONS' image='inventions/weapons/cannons/particle_cannon'
		factory='weapon' research-cost='18000' production-cost='3200' level='4'
		race='human' requires='PlasmaCannon' mech='3' comp='5' ai='3' mil='6'
		index='2' video='technology/weapons/cannons/particle_cannon'>
		<property name='projectile' value='Particle' />
	</item>
	<item id='MesonCannon' name='tech.mesoncannon.name' long-name='tech.mesoncannon.longname'
		description='tech.mesoncannon.description' category='WEAPONS_CANNONS'
		image='inventions/weapons/cannons/meson_cannon' factory='weapon'
		research-cost='28000' production-cost='4000' level='5' race='human'
		requires='ParticleCannon' mech='5' comp='6' ai='4' mil='8' index='3'
		video='technology/weapons/cannons/meson_cannon'>
		<property name='projectile' value='Meson' />
	</item>
	<item id='Bomb1' name='tech.bomb1.name' long-name='tech.bomb1.longname'
		description='tech.bomb1.description' category='WEAPONS_PROJECTILES'
		image='inventions/weapons/projectiles/bomb_1' factory='weapon'
		research-cost='5000' production-cost='1400' level='0' race='human,dribs,ecalep,garthog,morgath,sullep,ychom'
		mech='1' comp='1' mil='1' index='0'
		video='technology/weapons/projectiles/bomb_1'>
		<property name='projectile' value='Bomb1' />
	</item>
	<item id='Bomb2' name='tech.bomb2.name' long-name='tech.bomb2.longname'
		description='tech.bomb2.description' category='WEAPONS_PROJECTILES'
		image='inventions/weapons/projectiles/bomb_2' factory='weapon'
		research-cost='10000' production-cost='1950' level='4' race='human,dargslan'
		requires='Bomb1' civil='1' mech='1' comp='4' ai='3' mil='2' index='1'
		video='technology/weapons/projectiles/bomb_2'>
		<property name='projectile' value='Bomb2' />
		<property name='anti-ecm' value='1' />
	</item>
	<item id='VirusBomb' name='tech.virusbomb.name' long-name='tech.virusbomb.longname'
		description='tech.virusbomb.description' category='WEAPONS_PROJECTILES'
		image='inventions/weapons/projectiles/virus_bomb' factory='weapon'
		research-cost='30000' production-cost='5000' level='4' race='human'
		requires='Bomb2' civil='1' mech='2' comp='2' ai='2' mil='7' index='2'
		video='technology/weapons/projectiles/virus_bomb'>
		<property name='projectile' value='VirusBomb' />
		<property name='anti-ecm' value='2' />
	</item>
	<item id='Rocket1' name='tech.rocket1.name' long-name='tech.rocket1.longname'
		description='tech.rocket1.description' category='WEAPONS_PROJECTILES'
		image='inventions/weapons/projectiles/rocket_1' factory='weapon'
		research-cost='6000' production-cost='900' level='0' race='human,dribs,ecalep,garthog,morgath,sullep,ychom'
		mech='1' comp='1' ai='1' mil='1' index='3'
		video='technology/weapons/projectiles/rocket_1'>
		<property name='projectile' value='Rocket1' />
	</item>
	<item id='Rocket2' name='tech.rocket2.name' long-name='tech.rocket2.longname'
		description='tech.rocket2.description' category='WEAPONS_PROJECTILES'
		image='inventions/weapons/projectiles/rocket_2' factory='weapon'
		research-cost='12000' production-cost='1500' level='4' race='human'
		requires='Rocket1' mech='2' comp='4' ai='4' mil='3' index='4'
		video='technology/weapons/projectiles/rocket_2'>
		<property name='projectile' value='Rocket2' />
		<property name='anti-ecm' value='1' />
	</item>
	<item id='MultiheadedRocket' name='tech.multiheadedrocket.name'
		long-name='tech.multiheadedrocket.longname' description='tech.multiheadedrocket.description'
		category='WEAPONS_PROJECTILES' image='inventions/weapons/projectiles/multi_headed_rocket'
		factory='weapon' research-cost='18000' production-cost='6200' level='4'
		race='human,dargslan,ecalep' requires='Rocket2, Bomb2' mech='3' comp='5' ai='3' mil='6'
		index='5' video='technology/weapons/projectiles/multi_headed_rocket'>
		<property name='projectile' value='MultiheadedRocket' />
		<property name='anti-ecm' value='2' />
	</item>
	<item id='LightTank' name='tech.lighttank.name' long-name='tech.lighttank.longname'
		description='tech.lighttank.description' category='WEAPONS_TANKS'
		image='inventions/weapons/tanks/light_tank' factory='weapon'
		research-cost='10000' production-cost='3000' level='0'
		race='human,garthog,morgath,ychom,dribs,sullep,dargslan,ecalep' comp='1'
		ai='1' mil='1' index='0' video='technology/weapons/tanks/light_tank'>
		<property name='range' value='2' />
		<property name='speed' value='5' />
		<property name='armor' value='3' />
		<property name='damage' value='1' />
	</item>
	<item id='MediumTank' name='tech.mediumtank.name' long-name='tech.mediumtank.longname'
		description='tech.mediumtank.description' category='WEAPONS_TANKS'
		image='inventions/weapons/tanks/medium_tank' factory='weapon'
		research-cost='20000' production-cost='4800' level='3'
		race='human,garthog,morgath,ychom,dribs,sullep,dargslan,ecalep'
		requires='LightTank' civil='1' mech='1' comp='1' ai='1' mil='2' index='1'
		video='technology/weapons/tanks/medium_tank'>
		<property name='range' value='4' />
		<property name='speed' value='4' />
		<property name='armor' value='4' />
		<property name='damage' value='2' />
	</item>
	<item id='HeavyTank' name='tech.heavytank.name' long-name='tech.heavytank.longname'
		description='tech.heavytank.description' category='WEAPONS_TANKS'
		image='inventions/weapons/tanks/heavy_tank' factory='weapon'
		research-cost='24000' production-cost='7000' level='4'
		race='human,morgath,ychom,dribs,sullep,dargslan,ecalep'
		requires='MediumTank' civil='2' mech='3' comp='3' ai='2' mil='5'
		index='2' video='technology/weapons/tanks/heavy_tank'>
		<property name='range' value='4' />
		<property name='speed' value='4' />
		<property name='armor' value='6' />
		<property name='damage' value='3' />
	</item>
	<item id='Behemoth' name='tech.behemoth.name' long-name='tech.behemoth.longname'
		description='tech.behemoth.description' category='WEAPONS_TANKS'
		image='inventions/weapons/tanks/behemoth' factory='weapon'
		research-cost='32000' production-cost='17500' level='5'
		race='human'
		requires='HeavyTank' civil='3' mech='4' comp='5' ai='3' mil='5' index='3'
		video='technology/weapons/tanks/behemoth'>
		<property name='range' value='5' />
		<property name='speed' value='3' />
		<property name='armor' value='7' />
		<property name='damage' value='4' />
	</item>
	<item id='RadarCar' name='tech.radarcar.name' long-name='tech.radarcar.longname'
		description='tech.radarcar.description' category='WEAPONS_VEHICLES'
		image='inventions/weapons/vehicles/radar_car' factory='weapon'
		research-cost='5000' production-cost='10000' level='0'
		race='human,garthog,morgath,ychom,dribs,sullep,dargslan,ecalep' mech='1'
		ai='1' mil='1' index='0' video='technology/weapons/vehicles/radar_car'>
		<property name='armor' value='3' />
		<property name='one-per-fleet' value='true'/>
		<property name='surfaceradar' value='true' />
	</item>
	<item id='RocketLauncher1' name='tech.rocketlauncher1.name'
		long-name='tech.rocketlauncher1.longname' description='tech.rocketlauncher1.description'
		category='WEAPONS_VEHICLES' image='inventions/weapons/vehicles/rocket_launcher_1'
		factory='weapon' research-cost='14000' production-cost='10000' level='3'
		race='human,garthog,morgath,ychom,dribs,sullep,dargslan,ecalep' civil='1'
		mech='2' comp='2' ai='1' mil='2' index='1'
		video='technology/weapons/vehicles/rocket_launcher_1'>
		<property name='range' value='7' />
		<property name='speed' value='6.5' />
		<property name='armor' value='2' />
		<property name='damage' value='3' />
		<property name='area' value='2' />
		<property name='projectile' value='rocket' />
	</item>
	<item id='RocketLauncher2' name='tech.rocketlauncher2.name'
		long-name='tech.rocketlauncher2.longname' description='tech.rocketlauncher2.description'
		category='WEAPONS_VEHICLES' image='inventions/weapons/vehicles/rocket_launcher_2'
		factory='weapon' research-cost='24000' production-cost='24200' level='4'
		race='human,morgath,ychom,dribs,sullep,dargslan,ecalep'
		requires='RocketLauncher1' civil='2' mech='5' comp='4' ai='3' mil='6'
		index='2' video='technology/weapons/vehicles/rocket_launcher_2'>
		<property name='range' value='8' />
		<property name='speed' value='7' />
		<property name='armor' value='1' />
		<property name='damage' value='4' />
		<property name='area' value='3' />
		<property name='projectile' value='rocket' />
	</item>
	<item id='SolarPlant' name='tech.solarplant.name' long-name='tech.solarplant.longname'
		description='tech.solarplant.description' category='BUILDINGS_CIVIL'
		image='inventions/buildings/civil/solar_plant' factory='building'
		research-cost='12000' production-cost='16000' level='3' race='human'
		civil='2' mech='1' comp='1' ai='1' mil='1' index='0'
		video='technology/buildings/civil/solar_plant' />
	<item id='PhoodFactory' name='tech.phoodfactory.name' long-name='tech.phoodfactory.longname'
		description='tech.phoodfactory.description' category='BUILDINGS_CIVIL'
		image='inventions/buildings/civil/phood_factory' factory='building'
		research-cost='10000' production-cost='10000' level='3' race='human,garthog,morgath,ychom,dribs,sullep,dargslan,ecalep'
		civil='2' mech='2' comp='2' index='1'
		video='technology/buildings/civil/phood_factory' />
	<item id='TradeCenter' name='tech.tradecenter.name' long-name='tech.tradecenter.longname'
		description='tech.tradecenter.description' category='BUILDINGS_CIVIL'
		image='inventions/buildings/civil/trade_center' factory='building'
		research-cost='12000' production-cost='17000' level='4' race='human,morgath,ychom,dribs,sullep,dargslan,ecalep'
		civil='2' mech='1' comp='1' ai='1' mil='1' index='2'
		video='technology/buildings/civil/trade_center' />
	<item id='InversionShield' name='tech.inversionshield.name'
		long-name='tech.inversionshield.longname' description='tech.inversionshield.description'
		category='BUILDINGS_MILITARY' image='inventions/buildings/military/inversion_shield'
		factory='building' research-cost='14000' production-cost='15000'
		level='3' race='human,garthog,morgath,ychom,dribs,sullep,dargslan,ecalep' civil='1' mech='2' comp='2' ai='1' mil='2'
		index='0' video='technology/buildings/military/inversion_shield' />
	<item id='HyperShield' name='tech.hypershield.name' long-name='tech.hypershield.longname'
		description='tech.hypershield.description' category='BUILDINGS_MILITARY'
		image='inventions/buildings/military/hypershield' factory='building'
		research-cost='30000' production-cost='35000' level='4' race='human,morgath,ychom,dribs,sullep,dargslan,ecalep'
		requires='InversionShield' civil='3' mech='2' comp='4' ai='2' mil='4'
		index='1' video='technology/buildings/military/hypershield' />
	<item id='Fortress' name='tech.fortress.name' long-name='tech.fortress.longname'
		description='tech.fortress.description' category='BUILDINGS_MILITARY'
		image='inventions/buildings/military/fortress' factory='building'
		research-cost='18000' production-cost='30000' level='4' race='human,garthog,morgath,ychom,dribs,sullep,dargslan,ecalep'
		requires='IonCannon' civil='4' mech='3' comp='2' ai='1' mil='4' index='2'
		video='technology/buildings/military/fortress' />
	<item id='Stronghold' name='tech.stronghold.name' long-name='tech.stronghold.longname'
		description='tech.stronghold.description' category='BUILDINGS_MILITARY'
		image='inventions/buildings/military/stronghold' factory='building'
		research-cost='29600' production-cost='50000' level='4' race='human'
		requires='PlasmaCannon' civil='5' mech='4' comp='4' ai='2' mil='5'
		index='3' video='technology/buildings/military/stronghold' />
	<item id='Bunker' name='tech.bunker.name' long-name='tech.bunker.longname'
		description='tech.bunker.description' category='BUILDINGS_MILITARY'
		image='inventions/buildings/military/bunker' factory='building'
		research-cost='8000' production-cost='18000' level='4' race='human,morgath,ychom,dribs,sullep,dargslan,ecalep'
		civil='3' mech='3' comp='2' mil='3' index='4'
		video='technology/buildings/military/bunker' />
	<item id='RadarTelescope' name='tech.radartelescope.name'
		long-name='tech.radartelescope.longname' description='tech.radartelescope.description'
		category='BUILDINGS_RADARS' image='inventions/buildings/radars/radar_telescope'
		factory='building' research-cost='7000' production-cost='4000' level='0'
		race='human,garthog,morgath,ychom,dribs,sullep,dargslan,ecalep' mech='1' comp='1' ai='1' mil='1' index='0'
		video='technology/buildings/radars/radar_telescope' />
	<item id='FieldTelescope' name='tech.fieldtelescope.name'
		long-name='tech.fieldtelescope.longname' description='tech.fieldtelescope.description'
		category='BUILDINGS_RADARS' image='inventions/buildings/radars/field_telescope'
		factory='building' research-cost='14000' production-cost='10000'
		level='3' race='human,morgath,ychom,dribs,sullep,dargslan,ecalep' civil='1' mech='1' comp='2' ai='2' mil='2'
		index='1' video='technology/buildings/radars/field_telescope' />
	<item id='PhasedTelescope' name='tech.phasedtelescope.name'
		long-name='tech.phasedtelescope.longname' description='tech.phasedtelescope.description'
		category='BUILDINGS_RADARS' image='inventions/buildings/radars/phased_telescope'
		factory='building' research-cost='20000' production-cost='25000'
		level='4' race='human,morgath,ychom,dribs,sullep,dargslan,ecalep' civil='2' mech='2' comp='3' ai='4' mil='2'
		index='2' video='technology/buildings/radars/phased_telescope' />
	<item id='PlasmaProjector' name='tech.plasmaprojector.name'
		long-name='tech.plasmaprojector.longname' description='tech.plasmaprojector.description'
		category='BUILDINGS_GUNS' image='inventions/buildings/guns/plasma_projector'
		factory='building' research-cost='14000' production-cost='17800'
		level='3' race='human,garthog,morgath,ychom,dribs,sullep,dargslan,ecalep' civil='2' mech='1' comp='2' ai='1' mil='2'
		index='0' video='technology/buildings/guns/plasma_projector' />
	<item id='ParticleProjector' name='tech.particleprojector.name'
		long-name='tech.particleprojector.longname' description='tech.particleprojector.description'
		category='BUILDINGS_GUNS' image='inventions/buildings/guns/particle_projector'
		factory='building' research-cost='34000' production-cost='32000'
		level='4' race='human,morgath,ychom,dribs,sullep,dargslan,ecalep' requires='PlasmaProjector' civil='4' mech='3'
		comp='3' ai='2' mil='4' index='1'
		video='technology/buildings/guns/particle_projector' />
	<item id='MesonProjector' name='tech.mesonprojector.name'
		long-name='tech.mesonprojector.longname' description='tech.mesonprojector.description'
		category='BUILDINGS_GUNS' image='inventions/buildings/guns/meson_projector'
		factory='building' research-cost='60000' production-cost='40000'
		level='5' race='human,morgath,ychom,dribs,sullep,dargslan,ecalep' requires='ParticleProjector' civil='5' mech='4'
		comp='4' ai='4' mil='6' index='2'
		video='technology/buildings/guns/meson_projector' />

	<!-- Alien technology -->
	<item id='DargslanSelfRepairTank' name='tech.dargslanselfrepairtank.name'
		long-name='tech.dargslanselfrepairtank.longname' description='tech.dargslanselfrepairtank.description'
		category='WEAPONS_TANKS' factory='weapon' level='0' research-cost='32000'
		production-cost='20000' race='dargslan'
		image='inventions/weapons/vehicles/dargslan_self_repair_tank' index='4'>
		<property name='range' value='5' />
		<property name='speed' value='3' />
		<property name='armor' value='7' />
		<property name='damage' value='4' />
		<property name='selfrepair' value='true' />
	</item>
	<item id='DribsParalizer' name='tech.dribsparalizer.name'
		long-name='tech.dribsparalizer.longname' description='tech.dribsparalizer.description'
		category='WEAPONS_VEHICLES' factory='weapon' level='0' research-cost='32000'
		production-cost='20000' race='dribs'
		image='inventions/weapons/vehicles/dribs_paralizer' index='3'>
		<property name='range' value='8' />
		<property name='speed' value='5' />
		<property name='armor' value='2' />
		<property name='paralizer' value='true' />
	</item>
	<item id='EcalepRocketJammer' name='tech.ecaleprocketjammer.name'
		long-name='tech.ecaleprocketjammer.longname' description='tech.ecaleprocketjammer.description'
		category='WEAPONS_VEHICLES' factory='weapon' level='0' research-cost='32000'
		production-cost='20000' race='ecalep'
		image='inventions/weapons/vehicles/ecalep_rocket_jammer' index='3'>
		<property name='range' value='5' />
		<property name='speed' value='5' />
		<property name='armor' value='2' />
		<property name='rocketjammer' value='true' />
	</item>
	<item id='GarthogRadarJammer' name='tech.garthogradarjammer.name'
		long-name='tech.garthogradarjammer.longname' description='tech.garthogradarjammer.description'
		category='WEAPONS_VEHICLES' factory='weapon' level='0' research-cost='24000'
		production-cost='12000' race='garthog'
		image='inventions/weapons/vehicles/garthog_radar_jammer' index='3'>
		<property name='speed' value='4' />
		<property name='armor' value='3' />
		<property name='radarjammer' value='true' />
	</item>
	<item id='MorgathKamikazeTank' name='tech.morgathkamikazetank.name'
		long-name='tech.morgathkamikazetank.longname' description='tech.morgathkamikazetank.description'
		category='WEAPONS_TANKS' factory='weapon' level='0' research-cost='24000'
		production-cost='12000' race='morgath'
		image='inventions/weapons/vehicles/morgath_kamikaze_tank' index='4'>
		<property name='speed' value='4' />
		<property name='armor' value='8' />
		<property name='damage' value='8' />
		<property name='area' value='3' />
		<property name='kamikaze' value='true' />
	</item>
	<item id='SullepArtillery' name='tech.sullepartillery.name'
		long-name='tech.sullepartillery.longname' description='tech.sullepartillery.description'
		category='WEAPONS_VEHICLES' factory='weapon' level='0' research-cost='24000'
		production-cost='12000' race='sullep'
		image='inventions/weapons/vehicles/sullep_artillery' index='3'>
		<property name='speed' value='4' />
		<property name='armor' value='4' />
		<property name='damage' value='4' />
		<property name='area' value='1' />
		<property name='range' value='10' />
		<property name='range-minimum' value='3' />
		<property name='kamikaze' value='true' />
	</item>
	<item id='YchomMineLayer' name='tech.ychomminelayer.name'
		long-name='tech.ychomminelayer.longname' description='tech.ychomminelayer.description'
		category='WEAPONS_VEHICLES' factory='weapon' level='0' research-cost='24000'
		production-cost='12000' race='ychom'
		image='inventions/weapons/vehicles/ychom_mine_layer' index='3'>
		<property name='speed' value='4' />
		<property name='armor' value='4' />
		<property name='minelayer' value='true' />
	</item>
	<item id='DargslanFighter' name='tech.dargslanfighter.name'
		long-name='tech.dargslanfighter.longname' description='tech.dargslanfighter.description'
		category='SPACESHIPS_FIGHTERS' factory='spaceship' level='0'
		research-cost='24000' production-cost='12000' race='dargslan'
		image='inventions/spaceships/fighters/dargslan_fighter' index='0'>
		<slot-fixed id='Laser' count='1' item='Laser1' />
	</item>
	<item id='DribsFighter' name='tech.dribsfighter.name' long-name='tech.dribsfighter.longname'
		description='tech.dribsfighter.description' category='SPACESHIPS_FIGHTERS'
		factory='spaceship' level='0' research-cost='20000' production-cost='10000'
		race='dribs' image='inventions/spaceships/fighters/dribs_fighter'
		index='0'>
		<property name='projectile' value='Laser3' />
		<slot-fixed id='Laser' count='1' item='Laser1' />
	</item>
	<item id='EcalepFighter' name='tech.ecalepfighter.name' long-name='tech.ecalepfighter.longname'
		description='tech.ecalepfighter.description' category='SPACESHIPS_FIGHTERS'
		factory='spaceship' level='0' research-cost='20000' production-cost='10000'
		race='ecalep' image='inventions/spaceships/fighters/ecalep_fighter'
		index='0'>
		<slot-fixed id='Laser' count='1' item='Laser1' />
	</item>
	<item id='GarthogFighter' name='tech.garthogfighter.name'
		long-name='tech.garthogfighter.longname' description='tech.garthogfighter.description'
		category='SPACESHIPS_FIGHTERS' factory='spaceship' level='0'
		research-cost='15000' production-cost='8000' race='garthog'
		image='inventions/spaceships/fighters/garthog_fighter' index='0'>
		<slot-fixed id='Laser' count='1' item='Laser1' />
	</item>
	<item id='MorgathFighter' name='tech.morgathfighter.name'
		long-name='tech.morgathfighter.longname' description='tech.morgathfighter.description'
		category='SPACESHIPS_FIGHTERS' factory='spaceship' level='0'
		research-cost='20000' production-cost='10000' race='morgath'
		image='inventions/spaceships/fighters/morgath_fighter' index='0'>
		<slot-fixed id='Laser' count='1' item='Laser1' />
	</item>
	<item id='PirateFighter' name='tech.piratefighter.name' long-name='tech.piratefighter.longname'
		description='tech.piratefighter.description' category='SPACESHIPS_FIGHTERS'
		image='inventions/spaceships/fighters/pirate_fighter' factory='spaceship'
		research-cost='3000' production-cost='2000' level='0' race='pirates'
		index='0'>
		<slot-fixed id='Laser' count='1' item='Laser1' />
	</item>
	<item id='SullepFighter1' name='tech.sullepfighter1.name'
		long-name='tech.sullepfighter1.longname' description='tech.sullepfighter1.description'
		category='SPACESHIPS_FIGHTERS' image='inventions/spaceships/fighters/sullep_fighter_1'
		factory='spaceship' research-cost='18000' production-cost='7500'
		level='0' race='sullep' index='0'>
		<slot-fixed id='Laser' count='1' item='Laser1' />
	</item>
	<item id='SullepFighter2' name='tech.sullepfighter2.name'
		long-name='tech.sullepfighter2.longname' description='tech.sullepfighter2.description'
		category='SPACESHIPS_FIGHTERS' image='inventions/spaceships/fighters/sullep_fighter_2'
		factory='spaceship' research-cost='22000' production-cost='10000'
		level='0' race='sullep' index='1'>
		<slot-fixed id='Laser' count='1' item='Laser1' />
	</item>
	<item id='YchomFighter' name='tech.ychomfighter.name' long-name='tech.ychomfighter.longname'
		description='tech.ychomfighter.description' category='SPACESHIPS_FIGHTERS'
		factory='spaceship' level='0' research-cost='20000' production-cost='10000'
		race='ychom' image='inventions/spaceships/fighters/ychom_fighter'
		index='0'>
		<slot-fixed id='Laser' count='1' item='Laser1' />
	</item>
	<item id='DargslanDestroyer' name='tech.dargslandestroyer.name'
		long-name='tech.dargslandestroyer.longname' description='tech.dargslandestroyer.description'
		category='SPACESHIPS_CRUISERS' image='inventions/spaceships/cruisers/dargslan_destroyer'
		factory='spaceship' research-cost='44000' production-cost='22000'
		level='0' race='dargslan' index='0'>
		<slot-fixed id='Radar' count='1' item='Radar2' />
		<slot-fixed id='ECM' count='1' item='ECM1' />
		<slot-fixed id='Shield' count='1' item='Shield3' />
		<slot-fixed id='Hyperdrive' count='1' item='HyperDrive5' />
		<slot-fixed id='Laser' count='11' item='Laser3' />
		<slot-fixed id='Cannon' count='8' item='ParticleCannon' />
	</item>
	<item id='DribsDestroyer' name='tech.dribsdestroyer.name'
		long-name='tech.dribsdestroyer.longname' description='tech.dribsdestroyer.description'
		category='SPACESHIPS_CRUISERS' image='inventions/spaceships/cruisers/dribs_destroyer'
		factory='spaceship' research-cost='40000' production-cost='20000'
		level='0' race='dribs' index='0'>
		<slot-fixed id='Radar' count='1' item='Radar2' />
		<slot-fixed id='Hyperdrive' count='1' item='HyperDrive3' />
		<slot-fixed id='Laser' count='8' item='Laser2' />
		<slot-fixed id='Cannon1' count='4' item='PlasmaCannon' />
		<slot-fixed id='Cannon2' count='6' item='ParticleCannon' />
	</item>
	<item id='EcalepDestroyer' name='tech.ecalepdestroyer.name'
		long-name='tech.ecalepdestroyer.longname' description='tech.ecalepdestroyer.description'
		category='SPACESHIPS_CRUISERS' image='inventions/spaceships/cruisers/ecalep_destroyer'
		factory='spaceship' research-cost='40000' production-cost='20000'
		level='0' race='ecalep' index='0'>
		<slot-fixed id='Radar' count='1' item='Radar2' />
		<slot-fixed id='ECM' count='1' item='ECM1' />
		<slot-fixed id='Hyperdrive' count='1' item='HyperDrive3' />
		<slot-fixed id='Laser' count='7' item='Laser2' />
		<slot-fixed id='Cannon' count='7' item='ParticleCannon' />
	</item>
	<item id='SullepDestroyer' name='tech.sullepdestroyer.name'
		long-name='tech.sullepdestroyer.longname' description='tech.sullepdestroyer.description'
		category='SPACESHIPS_CRUISERS' image='inventions/spaceships/cruisers/sullep_destroyer'
		factory='spaceship' research-cost='40000' production-cost='20000'
		level='0' race='sullep' index='0'>
		<slot-fixed id='Radar' count='1' item='Radar2' />
		<slot-fixed id='Shield' count='1' item='Shield2' />
		<slot-fixed id='ECM' count='1' item='ECM1' />
		<slot-fixed id='Hyperdrive' count='1' item='HyperDrive3' />
		<slot-fixed id='Laser' count='7' item='Laser2' />
		<slot-fixed id='Cannon1' count='5' item='PlasmaCannon' />
		<slot-fixed id='Cannon2' count='4' item='ParticleCannon' />
	</item>
	<item id='GarthogDestroyer' name='tech.garthogdestroyer.name'
		long-name='tech.garthogdestroyer.longname' description='tech.garthogdestroyer.description'
		category='SPACESHIPS_CRUISERS' image='inventions/spaceships/cruisers/garthog_destroyer'
		factory='spaceship' research-cost='32000' production-cost='17500'
		level='0' race='garthog' index='0'>
		<slot-fixed id='Laser' count='3' item='Laser2' />
		<slot-fixed id='Hyperdrive' count='1' item='HyperDrive3' />
	</item>
	<item id='MorgathDestroyer' name='tech.morgathdestroyer.name'
		long-name='tech.morgathdestroyer.longname' description='tech.morgathdestroyer.description'
		category='SPACESHIPS_CRUISERS' image='inventions/spaceships/cruisers/morgath_destroyer'
		factory='spaceship' research-cost='40000' production-cost='20000'
		level='0' race='morgath' index='0'>
		<slot-fixed id='Radar' count='1' item='Radar2' />
		<slot-fixed id='Hyperdrive' count='1' item='HyperDrive4' />
		<slot-fixed id='Laser' count='5' item='Laser2' />
		<slot-fixed id='Cannon1' count='5' item='PlasmaCannon' />
		<slot-fixed id='Cannon2' count='2' item='ParticleCannon' />
	</item>
	<item id='PirateDestroyer' name='tech.piratedestroyer.name'
		long-name='tech.piratedestroyer.longname' description='tech.piratedestroyer.description'
		category='SPACESHIPS_CRUISERS' image='inventions/spaceships/cruisers/pirate_destroyer'
		factory='spaceship' research-cost='10000' production-cost='12000'
		level='0' race='pirates' index='0'>
		<slot-fixed id='Hyperdrive' count='1' item='HyperDrive1' />
		<slot-fixed id='Laser' count='5' item='Laser1' />
	</item>
	<!-- Sullep destroyer not conclusive and lacks rotation image. I guess there 
		was not any in the original game. -->
	<item id='YchomDestroyer' name='tech.ychomdestroyer.name'
		long-name='tech.ychomdestroyer.longname' description='tech.ychomdestroyer.description'
		category='SPACESHIPS_CRUISERS' image='inventions/spaceships/cruisers/ychom_destroyer'
		factory='spaceship' research-cost='40000' production-cost='20000'
		level='0' race='ychom' index='0'>
		<slot-fixed id='Radar' count='1' item='Radar2' />
		<slot-fixed id='Hyperdrive' count='1' item='HyperDrive2' />
		<slot-fixed id='Laser' count='4' item='Laser2' />
		<slot-fixed id='Cannon' count='3' item='IonCannon' />
	</item>
	<item id='DargslanBattleship' name='tech.dargslanbattleship.name'
		long-name='tech.dargslanbattleship.longname' description='tech.dargslanbattleship.description'
		category='SPACESHIPS_BATTLESHIPS' image='inventions/spaceships/battleships/dargslan_battleship'
		factory='spaceship' research-cost='180000' production-cost='230000'
		level='0' race='dargslan' index='0'>
		<slot-fixed id='Bomb' count='6' item='Bomb2' />
		<slot-fixed id='Rocket' count='6' item='MultiHeadedRocket' />
		<slot-fixed id='Storage' count='1' item='Storage2' />
		<slot-fixed id='Radar' count='1' item='Radar3' />
		<slot-fixed id='ECM' count='1' item='ECM2' />
		<slot-fixed id='Shield' count='1' item='Shield3' />
		<slot-fixed id='Hyperdrive' count='1' item='DargslanHyperDrive5' />
		<slot-fixed id='Laser' count='14' item='Laser4' />
		<slot-fixed id='Cannon1' count='12' item='ParticleCannon' />
		<slot-fixed id='Cannon2' count='9' item='MesonCannon' />
		<property name='vehicles' value='10' />
		<property name='needsOrbitalFactory' value='true' />
	</item>
	<item id='DribsBattleship' name='tech.dribsbattleship.name'
		long-name='tech.dribsbattleship.longname' description='tech.dribsbattleship.description'
		category='SPACESHIPS_BATTLESHIPS' image='inventions/spaceships/battleships/dribs_battleship'
		factory='spaceship' research-cost='150000' production-cost='190000'
		level='0' race='dribs' index='0'>
		<slot-fixed id='Bomb' count='4' item='Bomb1' />
		<slot-fixed id='Rocket' count='4' item='Rocket1' />
		<slot-fixed id='Storage' count='1' item='Storage1' />
		<slot-fixed id='Radar' count='1' item='Radar3' />
		<slot-fixed id='Shield' count='1' item='Shield2' />
		<slot-fixed id='Hyperdrive' count='1' item='HyperDrive3' />
		<slot-fixed id='Laser' count='8' item='Laser3' />
		<slot-fixed id='Cannon1' count='6' item='PlasmaCannon' />
		<slot-fixed id='Cannon2' count='8' item='ParticleCannon' />
		<property name='vehicles' value='10' />
		<property name='needsOrbitalFactory' value='true' />
	</item>
	<item id='EcalepBattleship' name='tech.ecalepbattleship.name'
		long-name='tech.ecalepbattleship.longname' description='tech.ecalepbattleship.description'
		category='SPACESHIPS_BATTLESHIPS' image='inventions/spaceships/battleships/ecalep_battleship'
		factory='spaceship' research-cost='150000' production-cost='190000'
		level='0' race='ecalep' index='0'>
		<slot-fixed id='Bomb' count='4' item='Bomb1' />
		<slot-fixed id='Rocket' count='6' item='MultiHeadedRocket' />
		<slot-fixed id='Storage' count='1' item='Storage1' />
		<slot-fixed id='Radar' count='1' item='Radar3' />
		<slot-fixed id='ECM' count='1' item='ECM1' />
		<slot-fixed id='Shield' count='1' item='Shield4' />
		<slot-fixed id='Hyperdrive' count='1' item='HyperDrive4' />
		<slot-fixed id='Laser' count='9' item='Laser3' />
		<slot-fixed id='Cannon1' count='8' item='PlasmaCannon' />
		<slot-fixed id='Cannon2' count='11' item='ParticleCannon' />
		<property name='vehicles' value='10' />
		<property name='needsOrbitalFactory' value='true' />
	</item>
	<item id='GarthogBattleship' name='tech.garthogbattleship.name'
		long-name='tech.garthogbattleship.longname' description='tech.garthogbattleship.description'
		category='SPACESHIPS_BATTLESHIPS' image='inventions/spaceships/battleships/garthog_battleship'
		factory='spaceship' research-cost='100000' production-cost='80000'
		level='0' race='garthog' index='0'>
		<slot-fixed id='Bomb' count='1' item='Bomb1' />
		<slot-fixed id='Rocket' count='1' item='Rocket1' />
		<slot-fixed id='Radar' count='1' item='Radar1' />
		<slot-fixed id='Hyperdrive' count='1' item='HyperDrive3' />
		<slot-fixed id='Laser' count='7' item='Laser2' />
		<slot-fixed id='Cannon' count='3' item='IonCannon' />
		<property name='vehicles' value='5' />
		<property name='needsOrbitalFactory' value='true' />
	</item>
	<item id='MorgathBattleship' name='tech.morgathbattleship.name'
		long-name='tech.morgathbattleship.longname' description='tech.morgathbattleship.description'
		category='SPACESHIPS_BATTLESHIPS' image='inventions/spaceships/battleships/morgath_battleship'
		factory='spaceship' research-cost='150000' production-cost='190000'
		level='0' race='morgath' index='0'>
		<slot-fixed id='Bomb' count='3' item='Bomb1' />
		<slot-fixed id='Rocket' count='3' item='Rocket1' />
		<slot-fixed id='Storage' count='1' item='Storage1' />
		<slot-fixed id='Radar' count='1' item='Radar3' />
		<slot-fixed id='Hyperdrive' count='1' item='HyperDrive4' />
		<slot-fixed id='Laser' count='5' item='Laser3' />
		<slot-fixed id='Cannon2' count='6' item='PlasmaCannon' />
		<slot-fixed id='Cannon1' count='5' item='ParticleCannon' />
		<property name='vehicles' value='10' />
		<property name='needsOrbitalFactory' value='true' />
	</item>
	<item id='SullepBattleship' name='tech.sullepbattleship.name'
		long-name='tech.sullepbattleship.longname' description='tech.sullepbattleship.description'
		category='SPACESHIPS_BATTLESHIPS' image='inventions/spaceships/battleships/sullep_battleship'
		factory='spaceship' research-cost='150000' production-cost='190000'
		level='0' race='sullep' index='0'>
		<slot-fixed id='Bomb' count='4' item='Bomb1' />
		<slot-fixed id='Rocket' count='4' item='Rocket1' />
		<slot-fixed id='Storage' count='1' item='Storage1' />
		<slot-fixed id='Radar' count='1' item='Radar3' />
		<slot-fixed id='ECM' count='1' item='ECM1' />
		<slot-fixed id='Shield' count='1' item='Shield3' />
		<slot-fixed id='Laser' count='8' item='Laser3' />
		<slot-fixed id='Cannon1' count='8' item='PlasmaCannon' />
		<slot-fixed id='Cannon2' count='9' item='ParticleCannon' />
		<slot-fixed id='Hyperdrive' count='1' item='HyperDrive4' />
		<property name='vehicles' value='10' />
		<property name='needsOrbitalFactory' value='true' />
	</item>
	<item id='YchomBattleship' name='tech.ychombattleship.name'
		long-name='tech.ychombattleship.longname' description='tech.ychombattleship.description'
		category='SPACESHIPS_BATTLESHIPS' image='inventions/spaceships/battleships/ychom_battleship'
		factory='spaceship' research-cost='150000' production-cost='190000'
		level='0' race='ychom' index='0'>
		<slot-fixed id='Bomb' count='2' item='Bomb1' />
		<slot-fixed id='Rocket' count='2' item='Rocket1' />
		<slot-fixed id='Storage' count='1' item='Storage1' />
		<slot-fixed id='Radar' count='1' item='Radar3' />
		<slot-fixed id='Laser' count='7' item='Laser2' />
		<slot-fixed id='Cannon1' count='6' item='IonCannon' />
		<slot-fixed id='Cannon2' count='4' item='PlasmaCannon' />
		<slot-fixed id='Hyperdrive' count='1' item='HyperDrive3' />
		<property name='vehicles' value='10' />
		<property name='needsOrbitalFactory' value='true' />
	</item>

	<item id='HyperDriveTrader1' name='tech.hyperdrive1.name' long-name='tech.hyperdrive1.longname'
		description='tech.hyperdrive1.description' category='EQUIPMENT_HYPERDRIVES'
		image='inventions/equipments/hyperdrives/hyperdrive_1' factory='equipment'
		research-cost='5000' production-cost='2000' level='0' race='traders'
		mech='1' mil='1' index='0'
		video='technology/equipments/hyperdrives/hyperdrive_1'>
		<property name='speed' value='8' />
	</item>
	<item id='HyperDriveTrader2' name='tech.hyperdrive1.name' long-name='tech.hyperdrive1.longname'
		description='tech.hyperdrive1.description' category='EQUIPMENT_HYPERDRIVES'
		image='inventions/equipments/hyperdrives/hyperdrive_1' factory='equipment'
		research-cost='5000' production-cost='2000' level='0' race='traders'
		mech='1' mil='1' index='1'
		video='technology/equipments/hyperdrives/hyperdrive_1'>
		<property name='speed' value='10' />
	</item>
	<item id='HyperDriveTrader3' name='tech.hyperdrive1.name' long-name='tech.hyperdrive1.longname'
		description='tech.hyperdrive1.description' category='EQUIPMENT_HYPERDRIVES'
		image='inventions/equipments/hyperdrives/hyperdrive_1' factory='equipment'
		research-cost='5000' production-cost='2000' level='0' race='traders'
		mech='1' mil='1' index='2'
		video='technology/equipments/hyperdrives/hyperdrive_1'>
		<property name='speed' value='12' />
	</item>

	<item id='TradersFreight1' name='tech.tradersfreight1.name'
		long-name='tech.tradersfreight1.longname' description='tech.tradersfreight1.description'
		category='SPACESHIPS_CRUISERS' image='inventions/spaceships/cruisers/traders_freight_1'
		factory='spaceship' research-cost='10000' production-cost='5000'
		level='0' race='traders' index='0'>
		<slot-fixed id='Hyperdrive' count='1' item='HyperDriveTrader1' />
	</item>
	<item id='TradersFreight2' name='tech.tradersfreight2.name'
		long-name='tech.tradersfreight2.longname' description='tech.tradersfreight2.description'
		category='SPACESHIPS_CRUISERS' image='inventions/spaceships/cruisers/traders_freight_2'
		factory='spaceship' research-cost='10000' production-cost='5000'
		level='0' race='traders' index='1'>
		<slot-fixed id='Hyperdrive' count='1' item='HyperDriveTrader2' />
	</item>
	<item id='TradersFreight3' name='tech.tradersfreight2.name'
		long-name='tech.tradersfreight2.longname' description='tech.tradersfreight2.description'
		category='SPACESHIPS_CRUISERS' image='inventions/spaceships/cruisers/traders_freight_2'
		factory='spaceship' research-cost='10000' production-cost='5000'
		level='0' race='traders' index='1'>
		<slot-fixed id='Hyperdrive' count='1' item='HyperDriveTrader3' />
	</item>


	<item id='PirateFighter2' name='tech.piratefighter.name' long-name='tech.piratefighter.longname'
		description='tech.piratefighter.description' category='SPACESHIPS_FIGHTERS'
		image='inventions/spaceships/fighters/pirate_fighter' factory='spaceship'
		research-cost='3000' production-cost='2000' level='0' race='pirates'
		index='0'>
		<slot-fixed id='Laser' count='1' item='Laser1' />
	</item>
	<item id='GarthogVirusBomb' name='tech.garthogvirusbomb.name'
		long-name='tech.garthogvirusbomb.longname' 
		description='tech.garthogvirusbomb.description'
		category='SPACESHIPS_FIGHTERS' factory='spaceship' level='6'
		research-cost='15000' production-cost='8000' race='garthog'
		image='inventions/spaceships/fighters/garthog_virus_bomb' index='0'>
	</item>

</tech>

