<?xml version="1.0" encoding="UTF-8"?>
<chats xmlns:xsi="http://www.w3.org/2001/XMLSchema-instance" xsi:noNamespaceSchemaLocation="../../schemas/chat.xsd">
	<!-- messages when attack merchant and not related to any mission. -->
	<chat id="chat.merchant1">
		<node owner="enemy" message="chat.global.dont_shoot" id="-1" action="retreat"/>
		<node id="0" owner="player" message="chat.global.identify_yourself">
			<transition to="1"/>
		</node>
		<node id="1" owner="enemy" message="chat.merchant1.n1">
			<transition to="2"/>
			<transition to="3"/>
		</node>
		<node id="2" owner="player" message="chat.global.proceed_your_destination">
			<transition to="4"/>
		</node>
		<node id="3" owner="player" option="chat.merchant1.n3.o" message="chat.merchant1.n3">
			<transition to="5"/>
		</node>
		<node id="4" owner="enemy" message="chat.global.thank_you"/>
		<node id="5" owner="enemy" message="chat.merchant1.n5">
			<transition to="6"/>
			<transition to="7"/>
		</node>
		<node id="6" owner="player" option="chat.merchant1.n6.o" message="chat.merchant1.n6">
			<transition to="8"/>
		</node>
		<node id="7" owner="player" option="chat.merchant1.n7.o" message="chat.global.proceed_your_destination">
			<transition to="4"/>
		</node>
		<node id="8" owner="enemy" message="chat.merchant1.n8" action="retreat"/>
	</chat>
	<chat id="chat.merchant2">
		<node owner="enemy" message="chat.global.dont_shoot" id="-1" action="retreat"/>
		<node id="0" owner="player" message="chat.global.identify_yourself">
			<transition to="1"/>
		</node>
		<node id="1" owner="enemy" message="chat.merchant2.n1"> <!-- This is ship MX43 on a trading route. -->
			<transition to="2"/>
			<transition to="3"/>
		</node>
		<node id="2" owner="player" message="chat.merchant2.n2"> <!-- Please carry on! -->
			<transition to="4"/>
		</node>
		<node id="3" owner="player" message="chat.merchant2.n3"> <!-- Yeah? Whose leg are you trying to pull? -->
			<transition to="5"/>
		</node>
		<node id="4" owner="enemy" message="chat.global.thank_you"/>
		<node id="5" owner="enemy" message="chat.merchant2.n5"> <!-- What?! We are just harmless traders! -->
			<transition to="6"/>
			<transition to="7"/>
		</node>
		<node id="6" owner="player" message="chat.merchant2.n6"> <!-- Unfortunately, I don't believe you. Die! -->
			<transition to="8"/>
		</node>
		<node id="7" owner="player" message="chat.merchant2.n7"> <!-- OK. I'll let you pass. -->
			<transition to="4"/>
		</node>
		<node id="8" owner="enemy" message="chat.merchant2.n8" action="retreat"/> <!-- Hey! Don't fire! We're going, you trigger happy maniac! -->
	</chat>
	<chat id="chat.merchant3">
		<node owner="enemy" message="chat.global.dont_shoot" id="-1" action="retreat"/>
		<node id="0" owner="player" message="chat.merchant3.n0"> <!-- Ship, please state name and destination! -->
			<transition to="1"/>
		</node>
		<node id="1" owner="enemy" message="chat.merchant3.n1"> <!-- This is ECHO, following a trading course. -->
			<transition to="2"/>
			<transition to="3"/>
		</node>
		<node id="2" owner="player" message="chat.merchant3.n2"> <!-- Thank's, ECHO. Continue on present course. -->
			<transition to="4"/>
		</node>
		<node id="3" owner="player" option="chat.merchant3.n3.o" message="chat.merchant3.n3"> 
		<!-- Hey! I could use a bit of target practice! Are you interested in explosions? -->
			<transition to="5"/>
		</node>
		<node id="4" owner="enemy" message="chat.merchant3.n4"/> <!-- Thank you very much! -->
		<node id="5" owner="enemy" message="chat.merchant3.n5"> <!-- You must be crazy! -->
			<transition to="6"/>
			<transition to="7"/>
		</node>
		<node id="6" owner="player" message="chat.merchant3.n6"> <!-- Not intersted? That's a real shame... -->
			<transition to="8"/>
		</node>
		<node id="7" owner="player" message="chat.merchant3.n7"> <!-- Go on, you've caught me on a good day. -->
			<transition to="4"/>
		</node>
		<node id="8" owner="enemy" message="chat.merchant3.n8" action="retreat"/> <!-- I've got a bad feeling about this... I'm outta here! -->
	</chat>
	<chat id="chat.merchant4">
		<node owner="enemy" message="chat.global.dont_shoot" id="-1" action="retreat"/>
		<node id="0" owner="player" message="chat.global.identify_yourself">
			<transition to="1"/>
		</node>
		<node id="1" owner="enemy" message="chat.merchant4.n1"> <!-- This is the trading ship Bravox. -->
			<transition to="2"/>
			<transition to="3"/>
		</node>
		<node id="2" owner="player" message="chat.merchant4.n2"> <!-- Bravox, proceed to your destination! -->
			<transition to="4"/>
		</node>
		<node id="3" owner="player" option="chat.merchant4.n3.o" message="chat.merchant4.n3">
		<!-- How much will you pay? How much will you pay, for not being turned into space debris? -->
			<transition to="5"/>
		</node>
		<node id="4" owner="enemy" message="chat.global.thank_you"/>
		<node id="5" owner="enemy" message="chat.merchant4.n5"> <!-- Hey! I'm sure your commander will be unhappy to hear of this behaviour! -->
			<transition to="6"/>
			<transition to="7"/>
		</node>
		<node id="6" owner="player" message="chat.merchant4.n6"> <!-- No cash? Prepare to be destroyed! -->
			<transition to="8"/>
		</node>
		<node id="7" owner="player" option="chat.merchant4.n7.o" message="chat.merchant4.n7">
		<!-- Only joking, Bravox, you may proceed! Bravox, proceed to your destination! -->
			<transition to="4"/>
		</node>
		<node id="8" owner="enemy" message="chat.merchant4.n8" action="retreat"/> <!-- This is outrageous! I think we had better leave... -->
	</chat>
	<chat id="chat.merchant5">
		<node owner="enemy" message="chat.global.dont_shoot" id="-1" action="retreat"/>
		<node id="0" owner="player" message="chat.merchant5.n0"> <!-- Ship, please identify. -->
			<transition to="1"/>
		</node>
		<node id="1" owner="enemy" message="chat.merchant5.n1"> <!-- This is the trade ship Max4. -->
			<transition to="2"/>
			<transition to="3"/>
		</node>
		<node id="2" owner="player" message="chat.merchant5.n2"> <!-- Continue on present course, Max4! -->
			<transition to="4"/>
		</node>
		<node id="3" owner="player" option="chat.merchant5.n3.o" message="chat.merchant5.n3">
		<!-- Trade ship? You look like Bandits to me! Trade ship? You look like Bandits to me! If you pay me, I might let you go... -->
			<transition to="5"/>
		</node>
		<node id="4" owner="enemy" message="chat.merchant5.n4"/> <!-- Good! I was just about to call my Lawyer. -->
		<node id="5" owner="enemy" message="chat.merchant5.n5"> <!-- I spent all my money on this ship! But if you let me go I will pay you later. -->
			<transition to="6"/>
			<transition to="7"/>
		</node>
		<node id="6" owner="player" message="chat.merchant5.n6"> <!-- I don't believe you, pay or pray! -->
			<transition to="8"/>
		</node>
		<node id="7" owner="player" message="chat.merchant5.n7"> <!-- Get lost, before I change my mind! -->
			<transition to="4"/>
		</node>
		<node id="8" owner="enemy" message="chat.merchant5.n8"> <!-- Please don't shoot me! I didn't do anything! Your lawyer will hear about this! -->
			<transition to="9"/>
			<transition to="10"/>
		</node>
		<node id="9" owner="player" message="chat.merchant5.n9"> <!-- You leave me no choice! You must die! -->
			<transition to="11"/>
		</node>
		<node id="10" owner="player" message="chat.merchant5.nA"> <!-- Miserable wretch! Get out of my sight! -->
			<transition to="12"/>
		</node>
		<node id="11" owner="enemy" message="chat.merchant5.nB" action="retreat"/> <!-- I'm going! I can see that you are an unreasonable man... -->
		<node id="12" owner="enemy" message="chat.merchant5.nC" action="retreat"/> <!-- Ok, but don't expect me to forget this! -->
	</chat>
	<chat id="chat.merchant6">
		<node owner="enemy" message="chat.global.dont_shoot" id="-1" action="retreat"/>
		<node id="0" owner="player" message="chat.global.identify_yourself">
			<transition to="1"/>
		</node>
		<node id="1" owner="enemy" message="chat.merchant6.n1"> <!-- This is spaceship Horse on a trading route. -->
			<transition to="2"/>
			<transition to="3"/>
		</node>
		<node id="2" owner="player" message="chat.merchant6.n2"> <!-- Continue to your destination! -->
			<transition to="4"/>
		</node>
		<node id="3" owner="player" option="chat.merchant6.n3.o" message="chat.merchant6.n3">
			<!-- Why are you flying around? Why are you flying around? It makes me mad! -->
			<transition to="5"/>
		</node>
		<node id="4" owner="enemy" message="chat.merchant6.n4"/> <!-- Cheers, buddy! -->
		<node id="5" owner="enemy" message="chat.merchant6.n5"> <!-- Sorry bud. Just a bit nervous... -->
			<transition to="6"/>
			<transition to="7"/>
		</node>
		<node id="6" owner="player" message="chat.merchant6.n6"> <!-- Die! -->
			<transition to="8"/>
		</node>
		<node id="7" owner="player" option="chat.merchant6.n7.o" message="chat.merchant6.n7">
			<!-- All right. I'll let you go. Continue to your destination! -->
			<transition to="4"/>
		</node>
		<node id="8" owner="enemy" message="chat.merchant6.n8" action="retreat"/> <!-- Don't shoot! Don't shoot! I'll leave! -->
	</chat>
	<chat id="chat.merchant7">
		<node owner="enemy" message="chat.global.dont_shoot" id="-1" action="retreat"/>
		<node id="0" owner="player" message="chat.global.identify_yourself">
			<transition to="1"/>
		</node>
		<node id="1" owner="enemy" message="chat.merchant7.n1"> <!-- This is ship MX1O9 on a trading route. -->
			<transition to="2"/>
			<transition to="3"/>
		</node>
		<node id="2" owner="player" message="chat.global.proceed_your_destination">
			<transition to="4"/>
		</node>
		<node id="3" owner="player" message="chat.merchant7.n3"> <!-- So who is a better target, me or you? -->
			<transition to="5"/>
		</node>
		<node id="4" owner="enemy" message="chat.global.thank_you"/>
		<node id="5" owner="enemy" message="chat.merchant7.n5"> <!-- This is an unarmed merchant ship. Let us pass, or we'll report this incident! -->
			<transition to="6"/>
			<transition to="7"/>
		</node>
		<node id="6" owner="player" option="chat.merchant7.n6.o" message="chat.merchant7.n6">
		<!-- So you want to get away? So you want to get away without fighting? What are you, chicken or McFly? -->
			<transition to="8"/>
		</node>
		<node id="7" owner="player" option="chat.merchant7.n7.o" message="chat.global.proceed_your_destination">
		<!-- All right. I'll let you go. -->
			<transition to="4"/>
		</node>
		<node id="8" owner="enemy" message="chat.merchant7.n8"> <!-- As I said, this is a merchant ship. You have 5 seconds to let us on our way, or I will complain to your headquarters. -->
			<transition to="9"/>
			<transition to="10"/>
		</node>
		<node id="9" owner="player" message="chat.merchant7.n9"> <!-- So, chicken, die! -->
			<transition to="11"/>
		</node>
		<node id="10" owner="player" option="chat.merchant7.nA" message="chat.global.proceed_your_destination">
			<!-- All right, I'll let you go. -->
			<transition to="4"/>
		</node>
		<node id="11" owner="enemy" message="chat.merchant7.nB" action="retreat"/> <!-- Don't shoot! Don't shoot! I'll leave! -->
	</chat>
	<chat id="chat.merchant8">
		<node owner="enemy" message="chat.global.dont_shoot" id="-1" action="retreat"/>
		<node id="0" owner="player" message="chat.global.identify_yourself">
			<transition to="1"/>
		</node>
		<node id="1" owner="enemy" message="chat.merchant8.n1"> <!-- This is ship Krondox on a trading route. -->
			<transition to="2"/>
			<transition to="3"/>
		</node>
		<node id="2" owner="player" message="chat.global.proceed_your_destination">
			<transition to="4"/>
		</node>
		<node id="3" owner="player" message="chat.merchant8.n3"> <!-- So who is a better target, me or you? -->
			<transition to="5"/>
		</node>
		<node id="4" owner="enemy" message="chat.global.thank_you"/>
		<node id="5" owner="enemy" message="chat.merchant8.n5"> <!-- This is an unarmed merchant ship. Let us pass, or we'll report this incident! -->
			<transition to="6"/>
			<transition to="7"/>
		</node>
		<node id="6" owner="player" option="chat.merchant8.n6.o" message="chat.merchant8.n6">
			<!-- So you want to get away? So you want to get away without fighting? What are you, chicken or McFly? -->
			<transition to="8"/>
		</node>
		<node id="7" owner="player" option="chat.merchant8.n7.o" message="chat.global.proceed_your_destination"> <!-- All right. I'll let you go. -->
			<transition to="4"/>
		</node>
		<node id="8" owner="enemy" message="chat.merchant8.n8"> <!-- As I said, this is a merchant ship. You have 5 seconds to let us on our way, or I will report you to headquarters. -->
			<transition to="9"/>
			<transition to="10"/>
		</node>
		<node id="9" owner="player" message="chat.merchant8.n9"> <!-- So, chicken, die! -->
			<transition to="11"/>
		</node>
		<node id="10" owner="player" option="chat.merchant8.nA.o" message="chat.global.proceed_your_destination">
			<transition to="4"/>
		</node>
		<node id="11" owner="enemy" message="chat.merchant8.nB" action="retreat"/>
	</chat>
	<!-- Main mission chats. -->
	<chat id="chat.mission-2.defend.merchant1">
		<node id="0" owner="player" option="chat.m2.merchant1.n0.o" message="chat.m2.merchant1.n0">
		<!-- This is the Empire Armed Forces. This is the Empire Armed Forces. Cease fire! -->
			<transition to="1"/>
		</node>
		<node id="1" owner="enemy" message="chat.m2.merchant1.n1"/> <!-- Really? I think we've got something for you... -->
	</chat>
	<chat id="chat.mission-2.defend.merchant2">
		<node id="0" owner="player" option="chat.m2.merchant2.n0.o" message="chat.m2.merchant2.n0">
		<!-- This is the Empire Armed Forces. This is the Empire Armed Forces. Cease fire! -->
			<transition to="1"/>
		</node>
		<node id="1" owner="enemy" message="chat.m2.merchant2.n1"> <!-- Leave while you can! -->
			<transition to="2"/>
		</node>
		<node id="2" owner="player" message="chat.m2.merchant2.n2"> <!-- Stop fighting at once! -->
			<transition to="3"/>
		</node>
		<node id="3" owner="enemy" message="chat.m2.merchant2.n3"/> <!-- O.K. You asked for it. -->
	</chat>
	<chat id="chat.mission-2.defend.merchant3">
		<node id="0" owner="player" option="chat.m2.merchant3.n0.o" message="chat.m2.merchant3.n0">
		<!-- Leave the merchant ship alone! Cease fire! Leave the merchant ship alone! -->
			<transition to="1"/>
		</node>
		<node id="1" owner="enemy" message="chat.m2.merchant3.n1"/> <!-- Hey, a big fish! Let's get 'em boys. -->
		
	</chat>
	<chat id="chat.mission-2.defend.merchant4">
		<node id="0" owner="player" option="chat.m2.merchant4.n0.o" message="chat.m2.merchant4.n0">
		<!-- Halt! This is the Empire Armed Forces. Halt! This is the Empire Armed Forces. Cease fire! -->
			<transition to="1"/>
		</node>
		<node id="1" owner="enemy" message="chat.m2.merchant4.n1" action="retreat"/>
		<!-- I think it's time to leave, boys. -->
	</chat>
	<chat id="chat.mission-2.defend.merchant5">
		<node id="0" owner="player" option="chat.m2.merchant5.n0.o" message="chat.m2.merchant5.n0">
		<!-- Halt! This is the Empire Armed Forces. Halt! This is the Empire Armed Forces. Cease fire! -->
			<transition to="1"/>
		</node>
		<node id="1" owner="enemy" message="chat.m2.merchant5.n1"/> <!-- Really? I think we've got something for you... -->
	</chat>
	<chat id="chat.mission-2.defend.merchant6">
		<node id="0" owner="player" option="chat.m2.merchant6.n0.o" message="chat.m2.merchant6.n0">
		<!-- This is the Empire Armed Forces. This is the Empire Armed Forces. Cease fire! -->
			<transition to="1"/>
		</node>
		<node id="1" owner="enemy" message="chat.m2.merchant6.n1"> <!-- Leave while you can! -->
			<transition to="2"/>
		</node>
		<node id="2" owner="player" message="chat.m2.merchant6.n2"> <!-- Stop fighting at once! -->
			<transition to="3"/>
		</node>
		<node id="3" owner="enemy" message="chat.m2.merchant6.n3"/> <!-- O.K. You asked for it. -->
	</chat>
	<chat id="chat.mission-7.defend.merchant1">
		<node id="0" owner="player" option="chat.m7.merchant1.n0.o" message="chat.m7.merchant1.n0">
		<!-- Leave the merchant ship alone. Leave the merchant ship alone. Cease fire! -->
			<transition to="1"/>
		</node>
		<node id="1" owner="enemy" message="chat.m7.merchant1.n1"/>
		<!-- Hey, another human! Let's skin him! -->
	</chat>
	<chat id="chat.mission-7.defend.merchant2">
		<node id="0" owner="player" option="chat.m7.merchant2.n0.o" message="chat.m7.merchant2.n0">
		<!-- Halt! This is the Empire Armed Forces. Cease fire! Halt! This is the Empire Armed Forces. Cease fire! Leave that ship in peace! -->
			<transition to="1"/>
		</node>
		<node id="1" owner="enemy" message="chat.m7.merchant2.n1"/>
	</chat>
	<chat id="chat.mission-5.garthog.without.allied.pirates">
		<node id="0" owner="player" option="chat.m5.n0.o" message="chat.m5.n0">
		<!-- O.K. Garthogs, retreat while you can! O.K. Garthogs, retreat while you still can! -->
			<transition to="1"/>
		</node>
		<node id="1" owner="enemy" message="chat.m5.n1"> <!-- Let us pass, Earthling, and you may live. -->
			<transition to="2"/>
		</node>
		<node id="2" owner="player" message="chat.m5.n2"> <!-- Yeah? Big shots, huh? -->
			<transition to="3"/>
		</node>
		<node id="3" owner="enemy" message="chat.m5.n3"/> <!-- Prepare to die! -->
	</chat>
	<chat id="chat.mission-5.garthog.with.allied.pirates">
		<node id="0" owner="enemy" message="chat.m5.p0"> <!-- Pirate1: Remember me, Lieutenant? You saved my life. Now, I've brought my friends along to have some fun. -->
			<transition to="1"/>
		</node>
		<node id="1" owner="player" option="chat.m5.n0.o" message="chat.m5.n0">
		<!-- O.K. Garthogs, retreat while you can! O.K. Garthogs, retreat while you still can! -->
			<transition to="2"/>
		</node>
		<node id="2" owner="enemy" message="chat.m5.n1"> <!-- Let us pass, Earthling, and you may live. -->
			<transition to="3"/>
		</node>
		<node id="3" owner="player" message="chat.m5.n4"> <!-- I'd rather teach you to dance! -->
			<transition to="4"/>
		</node>
		<node id="4" owner="enemy" message="chat.m5.n3"/>  <!-- Prepare to die! -->
	</chat>
	<!-- I think not used because not completed in the source <chat id="chat.unknown10" 
		start="0"> <node id="0" owner="player" message="O.K. Garthogok, 
		vonuljatok vissza, amíg lehet!"> <transition to="1"/> </node> <node 
		id="1" owner="Garthog" message="Engedj minket tovább, Földi, és 
		meghagyjuk szánalmas életedet."/> <transition to="2"/> <node id="2" 
		owner="player" option="Inkább megtanítalak titeket kesztyûbe dudálni!" message="O.K. 
		Garthogok, vonuljatok vissza, amíg lehet!"/> <action id="attack.Empire"/> 
		</chat> -->
	<chat id="chat.mission-3.escort.cargo">
		<node id="0" owner="player" message="chat.m3.n0"> <!-- O.K. pirates, retreat while you still can! -->
			<transition to="1"/>
		</node>
		<node id="1" owner="enemy" message="chat.m3.n1"> <!-- We will show no mercy. You may survive. But we just want the cargo. -->
			<transition to="2"/>
		</node>
		<node id="2" owner="player" message="chat.m3.n2"> <!-- You'll die! -->
			<transition to="3"/>
		</node>
		<node id="3" owner="enemy" message="chat.m3.n3"/> <!-- We shall see... -->
	</chat>
	<chat id="chat.mission-4.piratesfight.at.Naxos">
		<node id="0" owner="player" option="chat.m4.n0.o" message="chat.m4.n0">
		<!-- Ships, identify yourselves! Ships, identify yourselves! Cease fire! -wingman1- Hey, Captain there are two pirate groups battling it out. Let's leave them! It makes our lives easier. Let them kill each other!-->
			<transition to="1"/>
		</node>
		<node id="1" owner="enemy" message="chat.m4.n1"> <!-- -pirate1- I can't hold them off much longer! Please help! I'll be killed! -->
			<transition to="2"/>
			<transition to="3"/>
		</node>
		<node id="2" owner="player" message="chat.m4.n2"> <!-- Stop in the name of the Empire! -->
			<transition to="4"/>
		</node>
		<node id="3" owner="player" message="chat.m4.n3"/> <!-- All right, we'll leave them alone. -->
		<node id="4" owner="enemy" message="chat.m4.n4"/> <!-- All right, we'll look for another target. We'll meet this traitor again. -->
	</chat>
	<chat id="chat.mission-6.defend.Achilles">
		<node id="0" owner="player" message="chat.m6.n0"> <!-- O.K. Garthogs, retreat while you still can! -->
			<transition to="1"/>
		</node>
		<node id="1" owner="enemy" message="chat.m6.n1"> <!-- Let us pass, earthling, and you may live. -->
			<transition to="2"/>
		</node>
		<node id="2" owner="player" message="chat.m6.n2"> <!-- I'd rather teach you to dance! -->
			<transition to="3"/>
		</node>
		<node id="3" owner="enemy" message="chat.m6.n3"/> <!-- Prepare to die! -->
	</chat>
	<chat id="chat.mission-10.escort.governor.Centronom">
		<node id="0" owner="player" message="chat.m10.n0"> <!-- O.K. Garthogs, retreat while you still can! -->
			<transition to="1"/>
		</node>
		<node id="1" owner="enemy" message="chat.m10.n1"> <!-- Let us pass, earthling, and you may live. -->
			<transition to="2"/>
		</node>
		<node id="2" owner="player" message="chat.m10.n2"> <!-- I'd rather teach you to dance! -->
			<transition to="3"/>
		</node>
		<node id="3" owner="enemy" message="chat.m10.n3"/> <!-- Prepare to die! -->
	</chat>
	<chat id="chat.mission-13.escort.Benson">
		<node id="0" owner="player" message="chat.m13.n0"> <!-- O.K. Garthogs, retreat while you still can! -->
			<transition to="1"/>
		</node>
		<node id="1" owner="enemy" message="chat.m13.n1"> <!-- Let us pass, earthling, and you may live. -->
			<transition to="2"/>
		</node>
		<node id="2" owner="player" message="chat.m13.n2"> <!-- I'd rather teach you to dance! -->
			<transition to="3"/>
		</node>
		<node id="3" owner="enemy" message="chat.m13.n3"/> <!-- Prepare to die! -->
	</chat>
	<chat id="chat.mission-9.smuggler">
		<node id="0" owner="player" message="chat.m9.n0"> <!-- Turn around at once! -->
			<transition to="1"/>
		</node>
		<node id="1" owner="enemy" message="chat.m9.n1"> <!-- Khhz Hrrrz. .he .ad.o is n.t wo.ki... -->
			<transition to="2"/>
		</node>
		<node id="2" owner="player" option="chat.m9.n2.o" message="chat.m9.n2">
		<!-- This planet is under blockade! This planet is under blockade! You must return at once! -->
			<transition to="3"/>
		</node>
		<node id="3" owner="enemy" message="chat.m9.n3"/> <!-- kkkhhhz. Krr.rrrr -->
		<node id="-1" owner="enemy" message="chat.m9.n4" action='retreat'/> <!-- Don't shoot! Don't shoot! We'll leave! -->
	</chat>
	<chat id='chat.virus.m12.1'>
		<node id='0' owner='player' message='chat.m12.n0'> <!-- Ship, identify yourself! -->
			<transition to='1'/>
		</node>
		<node id='1' owner='enemy' message='chat.m12.n1'> <!-- We are fugitives leaving the planet. -->
			<transition to='2'/>
		</node>
		<node id='2' owner='player' option='chat.m12.n2.o' message='chat.m12.n2'> <!-- The planet you have just left has been infected by a virus! You must return at once! -->
			<transition to='3'/>
		</node>
		<node id='3' owner='enemy' message='chat.m12.n3'> <!-- But we have not been infected. -->
			<transition to='4'/>
			<transition to='6'/>
		</node>
		<node id='4' owner='player' message='chat.m12.n4'> <!-- All right, you may pass! -->
			<transition to='5'/>
		</node>
		<node id='5' owner='enemy' message="chat.m12.n5"/> <!-- Thank you, Sir. -->
		<node id='6' owner='player' option="chat.m12.n6.o" message="chat.m12.n6"> 
		<!-- You don't understand. You MUST turn back! You don't understand. You MUST turn back! You have just left a planet, and might carry viruses aboard. You must return and wait at the planet under quarantine until the infection is over! -->
			<transition to='7'/>
		</node>
		<node id='7' owner='enemy' message="chat.m12.n7"/> <!-- I am NOT going back to that planet. I am NOT going to be infected by the command of the Empire. No way! -->
		<node id='-1' owner='enemy' message="chat.m12.r0" action='retreat'/> <!-- Don't shoot! Don't shoot! I will return, but may perish! -->
	</chat>
	<chat id='chat.virus.m12.2'>
		<node id='0' owner='player' message='chat.m12.n0'> <!-- Ship, identify yourself! -->
			<transition to='1'/>
		</node>
		<node id='1' owner='enemy' message='chat.m12.n1'> <!-- We are fugitives leaving the planet. -->
			<transition to='2'/>
		</node>
		<node id='2' owner='player' option='chat.m12.n2.q' message='chat.m12.n2'>
		<!-- The planet you left has been infected. The planet you have just left has been infected by a virus! You must return at once! -->
			<transition to='3'/>
		</node>
		<node id='3' owner='enemy' message='chat.m12.n3'>
		<!-- But we have not been infected. -->
			<transition to='4'/>
			<transition to='6'/>
		</node>
		<node id='4' owner='player' message='chat.m12.n4'> <!-- All right, you may pass! --> 
			<transition to='5'/>
		</node>
		<node id='5' owner='enemy' message="chat.m12.n5"/> <!-- Thank you, Sir. --> 
		<node id='6' owner='player' option="chat.m12.n6.o" message="chat.m12.n6">
		<!-- You don't understand. You MUST turn back! You don't understand. You MUST turn back! You have just left a planet, and might carry viruses aboard. You must return and wait at the planet under quarantine until the infection is over! -->
			<transition to='7'/>
		</node>
		<node id='7' owner='enemy' message="chat.m12.n7"/> <!-- I am NOT going back to that planet. I am NOT going to be infected by the command of the Empire. No way! -->
		<node id='-1' owner='enemy' message="chat.m12.r1" action='retreat'/> <!-- Don't shoot! Don't shoot! I'll turn around! -->
	</chat>
	<chat id="chat.mission-16.escort.money.carrier">
		<node id="0" owner="player" message="chat.m16.n0"> <!-- O.K. Garthogs, retreat while you still can! -->
			<transition to="1"/>
		</node>
		<node id="1" owner="enemy" message="chat.m16.n1"> <!-- Let us pass, earthling, and you may live. -->
			<transition to="2"/>
		</node>
		<node id="2" owner="player" message="chat.m16.n2"> <!-- I'd rather teach you to dance! -->
			<transition to="3"/>
		</node>
		<node id="3" owner="enemy" message="chat.m16.n3"/> <!-- Prepare to die! -->
	</chat>
	<chat id="chat.mission-17.stolen.destroyer2.prototype">
		<node id="0" owner="player" message="chat.m17.n0"> <!-- O.K. Garthogs, retreat while you still can! -->
			<transition to="1"/>
		</node>
		<node id="1" owner="enemy" message="chat.m17.n1"> <!-- Let us pass, earthling, and you may live. -->
			<transition to="2"/>
		</node>
		<node id="2" owner="player" message="chat.m17.n2"> <!-- I'd rather teach you to dance! -->
			<transition to="3"/>
		</node>
		<node id="3" owner="enemy" message="chat.m17.n3"/> <!-- Prepare to die! -->
	</chat>
	<!-- SCR22 skipped -->
	<chat id="chat.mission-14.destroy.viruscarrier">
		<node id="0" owner="player" message="chat.m14.n0"> <!-- Virus carriers prepare to die! -->
			<transition to="1"/>
		</node>
		<node id="1" owner="enemy" message="chat.m14.n1"/> <!-- Beep... beep... beep-beep... -->
	</chat>
	<!-- SCR30 skipped -->
	<chat id="chat.mission-19.rebel.Zeuson.governor">
		<node id="0" owner="player" option="chat.m19.n0.o" message="chat.m19.n0">
		<!-- Turn around at once! This is the Interplanetary Police calling. Turn around at once! I repeat, turn around! This planet is under blockade. -->
			<transition to="1"/>
		</node>
		<node id="1" owner="enemy" message="chat.m19.n1"> <!-- This is the Governor of Planet Zeuson. I have been falsely accused for crimes committed against the Empire. I know, the admiralty wishes to see me in prison, but I wish to face their charges myself. Let me pass to attend the court, so I can defend my honor. -->
			<transition to="2"/>
			<transition to="3"/>
		</node>
		<node id="2" owner="player" message="chat.m19.n2"> <!-- I understand. You may pass. -->
			<transition to="4"/>
		</node>
		<node id="3" owner="player" message="chat.m19.n3"> <!-- You must return! -->
			<transition to="5"/>
		</node>
		<node id="4" owner="enemy" message="chat.m19.n4"/> <!-- I see you are a man of integrity. We are of the same type, you know. Thank you, Commander. -->
		<node id="5" owner="enemy" message="chat.m19.n5"> <!-- I warn you, Commander, that if you resist, I must command my ships to open fire. And that could lead to the loss of innocent lives. ...Think about it... I'm sure you do not wish to send your crew to their deaths. Let me pass! -->
			<transition to="6"/>
			<transition to="7"/>
		</node>
		<node id="6" owner="player" option="chat.m19.n6.o" message="chat.m19.n6">
		<!-- Give me your word you will go direct to court... You MUST go and attend the hearing. -->
			<transition to="8"/>
		</node>
		<node id="7" owner="player" message="chat.m19.n7"> <!-- Do not threaten me. You must return! -->
			<transition to="9"/>
		</node>
		<node id="8" owner="enemy" message="chat.m19.n8"/> <!-- Don't worry, my young captain. I will. -->
		<node id="9" owner="enemy" message="chat.m19.n9"/> <!-- All right. You asked for it. -->
		<node id='-1' owner='enemy' message="chat.m19.r0" action='retreat'/> <!-- Don't shoot! Don't shoot! I will return. -->
	</chat>
	<chat id="chat.mission-21.escort.Prototype">
		<node id="0" owner="player" message="chat.m21.n0"> <!-- O.K. Garthogs, retreat while you still can! -->
			<transition to="1"/>
		</node>
		<node id="1" owner="enemy" message="chat.m21.n1"> <!-- Let us pass, earthling, and you may live. -->
			<transition to="2"/>
		</node>
		<node id="2" owner="player" message="chat.m21.n2"> <!-- I'd rather teach you to dance! -->
			<transition to="3"/>
		</node>
		<node id="3" owner="enemy" message="chat.m21.n3"/> <!-- Prepare to die! -->
	</chat>
	<chat id="chat.virus.incoming.1">
		<node owner="enemy" message="chat.global.dont_shoot" id="-1" action="retreat"/>
		<node id="0" owner="player" message="chat.global.identify_yourself"> <!-- Ship, identify yourself! -->
			<transition to="1"/>
		</node>
		<node id="1" owner="enemy" message="chat.vi.1.n1"> <!-- This is MH4 trading ship -->
			<transition to="2"/>
		</node>
		<node id="2" owner="player" option="chat.vi.1.n2.o" message="chat.vi.1.n2"> <!-- Planet is infected. -->
			<transition to="3"/>
		</node>
		<node id="3" owner="enemy" message="chat.vi.1.n3" action="retreat"/>
	</chat>
	<chat id="chat.virus.incoming.2">
		<node owner="enemy" message="chat.global.dont_shoot" id="-1" action="retreat"/>
		<node id="0" owner="player" message="chat.global.identify_yourself"> <!-- Ship, identify yourself! -->
			<transition to="1"/>
		</node>
		<node id="1" owner="enemy" message="chat.vi.2.n1"> <!-- This is GH13S trading ship -->
			<transition to="2"/>
		</node>
		<node id="2" owner="player" option="chat.vi.1.n2.o" message="chat.vi.1.n2"> <!-- Planet is infected. -->
			<transition to="3"/>
		</node>
		<node id="3" owner="enemy" message="chat.vi.1.n3" action="retreat"/> <!-- Okay -->
	</chat>
	<chat id="chat.virus.incoming.3">
		<node owner="enemy" message="chat.global.dont_shoot" id="-1" action="retreat"/>
		<node id="0" owner="player" message="chat.global.identify_yourself"> <!-- Ship, identify yourself! -->
			<transition to="1"/>
		</node>
		<node id="1" owner="enemy" message="chat.vi.3.n1"> <!-- This is Eyola4 -->
			<transition to="2"/>
		</node>
		<node id="2" owner="player" option="chat.vi.1.n2.o" message="chat.vi.3.n2"> <!-- Planet is infected. -->
			<transition to="3"/>
		</node>
		<node id="3" owner="enemy" message="chat.vi.3.n3"> <!-- We have permit -->
			<transition to="4"/>
			<transition to="5"/>
		</node>
		<node id="4" owner="player" option="chat.vi.3.n4.o" message="chat.vi.3.n4"> <!-- You may land. -->
			<transition to="6"/>
		</node>
		<node id="5" owner="player" option="chat.vi.3.n5.o" message="chat.vi.3.n5"> <!-- I don't care. -->
			<transition to="7"/>
		</node>
		<node id="6" owner="enemy" message="chat.vi.1.n3"/> <!-- Thank you, sir. -->
		<node id="7" owner="enemy" message="chat.vi.3.n7"> <!-- Admiral won't be happy. -->
			<transition to="4"/>
			<transition to="8"/>
		</node>
		<node id="8" owner="player" option="chat.vi.3.n8.o" message="chat.vi.3.n8"> <!-- Received no orders -->
			<transition to="9"/>
		</node>
		<node id="9" owner="enemy" message="chat.vi.3.n9" action="retreat"/> <!-- Don't shoot. -->
	</chat>
	<chat id="chat.virus.incoming.4">
		<node owner="enemy" message="chat.global.dont_shoot" id="-1" action="retreat"/>
		<node id="0" owner="player" option="chat.vi.4.n0.o" message="chat.vi.4.n0"> <!-- Ship, identify yourself! -->
			<transition to="1"/>
		</node>
		<node id="1" owner="enemy" message="chat.vi.4.n1"> <!-- This is BH13 -->
			<transition to="2"/>
			<transition to="3"/>
		</node>
		<node id="2" owner="player" option="chat.vi.4.n2.o" message="chat.vi.4.n2"> <!-- Turn back -->
			<transition to="5"/>
		</node>
		<node id="3" owner="player" option="chat.vi.4.n3.o" message="chat.vi.4.n3"> <!-- Continue. -->
			<transition to="4"/>
		</node>
		<node id="4" owner="enemy" message="chat.vi.1.n3"/> <!-- Thank you -->
		<node id="5" owner="enemy" message="chat.vi.4.n4"> <!-- But it's important -->
			<transition to="6"/>
			<transition to="7"/>
		</node>
		<node id="6" owner="player" option="chat.vi.4.n6.o" message="chat.vi.4.n6"> <!-- I don't care. -->
			<transition to="8"/>
		</node>
		<node id="7" owner="player" option="chat.vi.4.n3" message="chat.vi.4.n3"> <!-- Continue. -->
			<transition to="4"/>
		</node>
		<node id="8" owner="enemy" message="chat.vi.4.n8" action="retreat"/> <!-- I turn back. -->
	</chat>
	<chat id="chat.virus.incoming.5">
		<node owner="enemy" message="chat.global.dont_shoot" id="-1" action="retreat"/>
		<node id="0" owner="player" message="chat.vi.5.n0"> <!--Identify yourself! -->
			<transition to="1"/>
		</node>
		<node id="1" owner="enemy" message="chat.vi.5.n1"> <!-- Max4 -->
			<transition to="2"/>
		</node>
		<node id="2" owner="player" option="chat.vi.5.n2.o" message="chat.vi.5.n2"> <!-- Planet infected. -->
			<transition to="3"/>
		</node>
		<node id="3" owner="enemy" message="chat.vi.5.n3"> <!-- I need to pass -->
			<transition to="4"/>
			<transition to="5"/>
		</node>
		<node id="4" owner="player" option="chat.vi.5.n4.o" message="chat.vi.5.n4"> <!-- Turn back -->
			<transition to="6"/>
		</node>
		<node id="5" owner="player" option="chat.vi.5.n5.o" message="chat.vi.5.n5"> <!-- You may pass -->
			<transition to="7"/>
		</node>
		<node id="6" owner="enemy" message="chat.vi.5.n6" action="retreat"/> <!-- Okay. -->
		<node id="7" owner="enemy" message="chat.vi.1.n3"/> <!-- Thank you sir -->
	</chat>
	<chat id="chat.virus.incoming.6">
		<node owner="enemy" message="chat.global.dont_shoot" id="-1" action="retreat"/>
		<node id="0" owner="player" message="chat.global.identify_yourself"> <!-- Ship, identify yourself! -->
			<transition to="1"/>
		</node>
		<node id="1" owner="enemy" message="chat.vi.6.n1"> <!-- This is BRAD6 trading ship -->
			<transition to="2"/>
		</node>
		<node id="2" owner="player" option="chat.vi.1.n2.o" message="chat.vi.1.n2"> <!-- Planet is infected. -->
			<transition to="3"/>
		</node>
		<node id="3" owner="enemy" message="chat.vi.1.n3" action="retreat"/> <!-- Okay -->
	</chat>
	<chat id="chat.virus.incoming.7">
		<node owner="enemy" message="chat.global.dont_shoot" id="-1" action="retreat"/>
		<node id="0" owner="player" message="chat.global.identify_yourself"> <!-- Ship, identify yourself! -->
			<transition to="1"/>
		</node>
		<node id="1" owner="enemy" message="chat.vi.7.n1"> <!-- This is Lisa2 trading ship -->
			<transition to="2"/>
		</node>
		<node id="2" owner="player" option="chat.vi.1.n2.o" message="chat.vi.1.n2"> <!-- Planet is infected. -->
			<transition to="3"/>
		</node>
		<node id="3" owner="enemy" message="chat.vi.1.n3" action="retreat"/> <!-- Okay -->
	</chat>
	<chat id="chat.virus.incoming.8">
		<node owner="enemy" message="chat.global.dont_shoot" id="-1" action="retreat"/>
		<node id="0" owner="player" message="chat.global.identify_yourself"> <!-- Ship, identify yourself! -->
			<transition to="1"/>
		</node>
		<node id="1" owner="enemy" message="chat.vi.8.n1"> <!-- This is Leila trading ship -->
			<transition to="2"/>
		</node>
		<node id="2" owner="player" option="chat.vi.1.n2.o" message="chat.vi.1.n2"> <!-- Planet is infected. -->
			<transition to="3"/>
		</node>
		<node id="3" owner="enemy" message="chat.vi.1.n3" action="retreat"/> <!-- Okay -->
	</chat>
	<chat id="chat.virus.outgoing.1">
		<node owner="enemy" message="chat.global.dont_shoot" id="-1" action="retreat"/>
		<node id="0" owner="player" message="chat.vo.1.n0"> <!--Identify yourself! -->
			<transition to="1"/>
		</node>
		<node id="1" owner="enemy" message="chat.vo.1.n1"> <!-- This is MH4 trading ship -->
			<transition to="2"/>
		</node>
		<node id="2" owner="player" option="chat.vo.1.n2.o" message="chat.vo.1.n2"> <!-- Planet is infected. -->
			<transition to="3"/>
		</node>
		<node id="3" owner="enemy" message="chat.vo.1.n3" action="retreat"/> <!-- Okay -->
	</chat>
	<chat id="chat.virus.outgoing.2">
		<node owner="enemy" message="chat.global.dont_shoot" id="-1" action="retreat"/>
		<node id="0" owner="player" message="chat.vo.1.n0"> <!--Identify yourself! -->
			<transition to="1"/>
		</node>
		<node id="1" owner="enemy" message="chat.vo.2.n1"> <!-- This is GH13S -->
			<transition to="2"/>
		</node>
		<node id="2" owner="player" option="chat.vo.2.n2.o" message="chat.vo.2.n2"> <!-- Turn back now. -->
			<transition to="3"/>
		</node>
		<node id="3" owner="enemy" message="chat.vo.2.n3"> <!-- We are not infected -->
			<transition to="4"/>
			<transition to="5"/>
		</node>
		<node id="4" owner="player" option="chat.vo.2.n4.o" message="chat.vo.2.n4"> <!-- You may pass. -->
			<transition to="6"/>
		</node>
		<node id="5" owner="player" option="chat.vo.2.n5.o" message="chat.vo.2.n5"> <!-- Turn back -->
			<transition to="7"/>
		</node>
		<node id="6" owner="enemy" message="chat.vo.2.n6"/> <!-- Thank you -->
		<node id="7" owner="enemy" message="chat.vo.2.n7"/> <!-- We won't turn back -->
	</chat>
	<chat id="chat.virus.outgoing.3">
		<node owner="enemy" message="chat.global.dont_shoot" id="-1" action="retreat"/>
		<node id="0" owner="player" message="chat.vo.1.n0"> <!--Identify yourself! -->
			<transition to="1"/>
		</node>
		<node id="1" owner="enemy" message="chat.vo.3.n1"> <!-- This is Eyola4 -->
			<transition to="2"/>
		</node>
		<node id="2" owner="player" option="chat.vo.3.n2.o" message="chat.vo.3.n2"> <!-- You left an infected planet. -->
			<transition to="3"/>
		</node>
		<node id="3" owner="enemy" message="chat.vo.3.n3"> <!-- I have permission -->
			<transition to="4"/> <!-- Pass -->
			<transition to="5"/> <!-- Turn back -->
		</node>
		<node id="4" owner="player" option="chat.vo.3.n4.o" message="chat.vo.3.n4"> <!-- You may pass. -->
			<transition to="6"/>
		</node>
		<node id="5" owner="player" option="chat.vo.3.n5.o" message="chat.vo.3.n5"> <!-- Turn back -->
			<transition to="7"/>
		</node>
		<node id="6" owner="enemy" message="chat.vo.3.n6"/> <!-- Thank you sir -->
		<node id="7" owner="enemy" message="chat.vo.3.n7"> <!-- I have an important message to deliver -->
			<transition to="4"/>
			<transition to="8"/>
		</node>
		<node id="8" owner="player" option="chat.vo.3.n8.o" message="chat.vo.3.n8"> <!-- No instruction received. -->
			<transition to="9"/>
		</node>
		<node id="9" owner="enemy" message="chat.vo.3.n9" action="retreat"/> <!-- Don't shoot. -->
	</chat>
	<chat id="chat.virus.outgoing.4">
		<node owner="enemy" message="chat.global.dont_shoot" id="-1" action="retreat"/>
		<node id="0" owner="player" option="chat.vo.4.n0.o" message="chat.vo.4.n0"> <!--Identify yourself! -->
			<transition to="1"/>
		</node>
		<node id="1" owner="enemy" message="chat.vo.4.n1"> <!-- This is BH13 -->
			<transition to="2"/>
			<transition to="3"/>
		</node>
		<node id="2" owner="player" option="chat.vo.4.n2.o" message="chat.vo.4.n2"> <!-- Turn back -->
			<transition to="4"/>
		</node>
		<node id="3" owner="player" option="chat.vo.4.n3.o" message="chat.vo.4.n3"> <!-- Continue. -->
			<transition to="5"/>
		</node>
		<node id="4" owner="enemy" message="chat.vo.4.n4">
			<transition to="6"/>
			<transition to="7"/>
		</node>
		<node id="5" owner="enemy" message="chat.vo.4.n5"/> <!-- Thank you sir -->
		<node id="6" owner="player" option="chat.vo.4.n6.o" message="chat.vo.4.n6"> <!-- Continue -->
			<transition to="5"/>
		</node>
		<node id="7" owner="player" option="chat.vo.4.n7.o" message="chat.vo.4.n7"> <!-- Turn back -->
			<transition to="8"/>
		</node>
		<node id="8" owner="enemy" message="chat.vo.4.n8" action="retreat"/> <!-- I retreat. -->
	</chat>
	<chat id="chat.virus.outgoing.5">
		<node owner="enemy" message="chat.vo.5.n-1" id="-1" action="retreat"/>
		<node id="0" owner="player" option="chat.vo.5.n0.o" message="chat.vo.5.n0"> <!-- Ship, identify yourself! -->
			<transition to="1"/>
		</node>
		<node id="1" owner="enemy" message="chat.vo.5.n1"> <!-- This is Max4 -->
			<transition to="2"/>
		</node>
		<node id="2" owner="player" option="chat.vo.5.n2.o" message="chat.vo.5.n2"> <!-- Turn back -->
			<transition to="3"/>
		</node>
		<node id="3" owner="enemy" message="chat.vo.5.n3"> <!-- We have to leave -->
			<transition to="4"/>
			<transition to="5"/>
		</node>
		<node id="4" owner="player" option="chat.vo.5.n4.o" message="chat.vo.5.n4"> <!-- Turn back -->
			<transition to="6"/>
		</node>
		<node id="5" owner="player" option="chat.vo.5.n5.o" message="chat.vo.5.n5">
			<transition to="7"/>
		</node>
		<node id="6" owner="enemy" message="chat.vo.5.n6" action="retreat"/> <!-- I'll turn back -->
		<node id="7" owner="enemy" message="chat.vo.5.n7"/> <!-- Thank you -->
	</chat>
	<chat id="chat.virus.outgoing.6">
		<node owner="enemy" message="chat.global.dont_shoot" id="-1" action="retreat"/>
		<node id="0" owner="player" message="chat.vo.1.n0"> <!--Identify yourself! -->
			<transition to="1"/>
		</node>
		<node id="1" owner="enemy" message="chat.vo.6.n1"> <!-- This is BRAD6 trading ship -->
			<transition to="2"/>
		</node>
		<node id="2" owner="player" option="chat.vo.1.n2.o" message="chat.vo.1.n2"> <!-- Planet is infected. -->
			<transition to="3"/>
		</node>
		<node id="3" owner="enemy" message="chat.vo.1.n3" action="retreat"/> <!-- Okay -->
	</chat>
	<chat id="chat.virus.outgoing.7">
		<node owner="enemy" message="chat.global.dont_shoot" id="-1" action="retreat"/>
		<node id="0" owner="player" message="chat.vo.1.n0"> <!--Identify yourself! -->
			<transition to="1"/>
		</node>
		<node id="1" owner="enemy" message="chat.vo.7.n1"> <!-- This is Lisa2 trading ship -->
			<transition to="2"/>
		</node>
		<node id="2" owner="player" option="chat.vo.1.n2.o" message="chat.vo.1.n2"> <!-- Planet is infected. -->
			<transition to="3"/>
		</node>
		<node id="3" owner="enemy" message="chat.vo.1.n3" action="retreat"/> <!-- Okay -->
	</chat>
	<chat id="chat.virus.outgoing.8">
		<node owner="enemy" message="chat.global.dont_shoot" id="-1" action="retreat"/>
		<node id="0" owner="player" message="chat.vo.1.n0"> <!--Identify yourself! -->
			<transition to="1"/>
		</node>
		<node id="1" owner="enemy" message="chat.vo.8.n1"> <!-- This is Leila trading ship -->
			<transition to="2"/>
		</node>
		<node id="2" owner="player" option="chat.vo.1.n2.o" message="chat.vo.1.n2"> <!-- Planet is infected. -->
			<transition to="3"/>
		</node>
		<node id="3" owner="enemy" message="chat.vo.1.n3" action="retreat"/> <!-- Okay -->
	</chat>

	<chat id='chat.blockade.incoming.1'>
		<node id='0' owner='player' option='chat.bi.1.n0.o' message='chat.bi.1.n0'> <!-- Turn around at once! -->
			<transition to='1'/>
		</node>
		<node id='1' owner='enemy' message='chat.bi.1.n1' action='retreat'/> <!-- All right. Ship BX12 is leaving the planet. -->
		<node id="-1" owner="enemy" message="chat.global.dont_shoot" action='retreat'/> <!-- Don't shoot! Don't shoot! We'll leave! -->
	</chat>
	
	<chat id='chat.blockade.incoming.2'>
		<node id='0' owner='player' option='chat.bi.2.n0.o' message='chat.bi.2.n0'> <!-- Turn around at once! -->
			<transition to='1'/>
		</node>
		<node id='1' owner='enemy' message='chat.bi.2.n1'> <!-- But Sir, I MUST deliver my cargo. My cargo will spoil if it is not put into refrigiration soon! -->
			<transition to='2'/>
			<transition to='4'/>
		</node>
		<node id='2' owner='player' option='chat.bi.2.n2.o' message='chat.bi.2.n2'> <!-- I'm sorry, but no-one may land. -->
			<transition to='3'/>
		</node>
		<node id='3' owner='enemy' message='chat.bi.2.n3' action='retreat'/> <!-- All right, I'll turn around. -->
		<node id='4' owner='player' option='chat.bi.2.n4.o' message='chat.bi.2.n4'> <!-- What are you carrying? -->
			<transition to='5'/>
		</node>
		<node id='5' owner='enemy' message='chat.bi.2.n5'> <!-- I am carrying milk to the Mydon chain of stores. Please let me pass, or my cargo will be wasted. I have no insurance and will lose a lot of money! -->
			<transition to='8'/>
			<transition to='6'/>
		</node>
		<node id='6' owner='player' option='chat.bi.2.n6.o' message='chat.bi.2.n6'> <!-- message0 "You cannot pass. There is a blockade. -->
			<transition to='7'/>
		</node>
		<node id='7' owner='enemy' message='chat.bi.2.n7'> <!-- But Sir! You can check my cargo. I am not carrying anything illegal. -->
			<transition to='8'/>
			<transition to='10'/>
		</node>
		<node id='8' owner='player' option='chat.bi.2.n8.o' message='chat.bi.2.n8'> <!-- We'll check your cargo. -->
			<transition to='9'/>
		</node>
		<node id='9' owner='enemy' message='chat.bi.2.n9'/> <!-- Thank you, Captain. -->
		<node id='10' owner='player' option='chat.bi.2.n10.o' message='chat.bi.2.n10'> <!-- Turn around at once! -->
			<transition to='11'/>
		</node>
		<node id='11' owner='enemy' message='chat.bi.2.n11' action='retreat'/> <!-- Damn! I understand. I'm leaving. -->
		<node id="-1" owner="enemy" message="chat.global.dont_shoot" action='retreat'/> <!-- Don't shoot! Don't shoot! We'll leave! -->
	</chat>
	
	<chat id='chat.blockade.incoming.3'>
		<node id='0' owner='player' option='chat.bi.3.n0.o' message='chat.bi.3.n0'> <!-- Ship, identify yourself! -->
			<transition to='1'/>
		</node>
		<node id='1' owner='enemy' message='chat.bi.3.n1'> <!-- This is ship Eyola4 on a trading route. -->
			<transition to='2'/>
		</node>
		<node id='2' owner='player' option='chat.bi.3.n2.o' message='chat.bi.3.n2'> <!-- This planet is under blockade! -->
			<transition to='3'/>
		</node>
		<node id='3' owner='enemy' message='chat.bi.3.n3' action='retreat'/> <!-- Thank you, Sir. -->
		<node id="-1" owner="enemy" message="chat.global.dont_shoot" action='retreat'/> <!-- Don't shoot! Don't shoot! We'll leave! -->
	</chat>
	
	<chat id='chat.blockade.incoming.4'>
		<node id='0' owner='player' option='chat.bi.4.n0.o' message='chat.bi.4.n0'> <!-- Forduljon vissza azonnal! -->
			<transition to='1'/>
		</node>
		<node id='1' owner='enemy' message='chat.bi.4.n1'> <!-- Az üzemanyag tartályom porzik. Le KELL szállnom. Kérem, engedjen át. -->
			<transition to='2'/>
			<transition to='4'/>
		</node>
		<node id='2' owner='player' option='chat.bi.4.n2.o' message='chat.bi.4.n2'> <!-- Meg kell állnia azonnal! -->
			<transition to='3'/>
		</node>
		<node id='3' owner='enemy' message='chat.bi.4.n3'> <!-- Nem tarthatom be a parancsát. -->
			<transition to='2'/>
			<transition to='4'/>
		</node>
		<node id='4' owner='player' option='chat.bi.4.n4.o' message='chat.bi.4.n4'> <!-- Rendben, leszállhat. -->
			<transition to='5'/>
		</node>
		<node id='5' owner='enemy' message='chat.bi.4.n5'/> <!-- Köszönöm, Kapitány! -->
		<node id="-1" owner="enemy" message="chat.global.dont_shoot" action='retreat'/> <!-- Don't shoot! Don't shoot! We'll leave! -->
	</chat>
	
	<chat id='chat.blockade.incoming.5'>
		<node id='0' owner='player' option='chat.bi.5.n0.o' message='chat.bi.5.n0'> <!-- Forduljon vissza azonnal! -->
			<transition to='1'/>
		</node>
		<node id='1' owner='enemy' message='chat.bi.5.n1'> <!-- Az üzemanyag tartályom porzik. Le KELL szállnom. Kérem, engedjen át. -->
			<transition to='2'/>
			<transition to='4'/>
		</node>
		<node id='2' owner='player' option='chat.bi.5.n2.o' message='chat.bi.5.n2'> <!-- Meg kell állnia azonnal! -->
			<transition to='3'/>
		</node>
		<node id='3' owner='enemy' message='chat.bi.5.n3'> <!-- Nem tarthatom be a parancsát. -->
			<transition to='2'/>
			<transition to='4'/>
		</node>
		<node id='4' owner='player' option='chat.bi.5.n4.o' message='chat.bi.5.n4'> <!-- Rendben, leszállhat. -->
			<transition to='5'/>
		</node>
		<node id='5' owner='enemy' message='chat.bi.5.n5'/> <!-- Köszönöm, kapitány! -->
		<node id="-1" owner="enemy" message="chat.global.dont_shoot" action='retreat'/> <!-- Don't shoot! Don't shoot! We'll leave! -->
	</chat>
	
	<chat id='chat.blockade.incoming.6'>
		<node id='0' owner='player' option='chat.bi.6.n0.o' message='chat.bi.6.n0'> <!-- Turn around at once! -->
			<transition to='1'/>
		</node>
		<node id='1' owner='enemy' message='chat.bi.6.n1'> <!-- Khhz Hrrrz. .he .ad.o is not worki... -->
			<transition to='2'/>
		</node>
		<node id='2' owner='player' option='chat.bi.6.n2.o' message='chat.bi.6.n2'> <!-- This planet is under blockade! -->
			<transition to='3'/>
		</node>
		<node id='3' owner='enemy' message='chat.bi.6.n3'/> <!-- kkkhhhz. Krr.rrrr -->
		<node id="-1" owner="enemy" message="chat.global.dont_shoot" action='retreat'/> <!-- Don't shoot! Don't shoot! We'll leave! -->
	</chat>
	
	<chat id='chat.blockade.incoming.7'>
		<node id='0' owner='player' option='chat.bi.7.n0.o' message='chat.bi.7.n0'> <!-- Ship, identify yourself! -->
			<transition to='1'/>
		</node>
		<node id='1' owner='enemy' message='chat.bi.7.n1'> <!-- This is ship Eyola4 on a trading route. -->
			<transition to='2'/>
		</node>
		<node id='2' owner='player' option='chat.bi.7.n2.o' message='chat.bi.7.n2'> <!-- This planet is under blockade! -->
			<transition to='3'/>
		</node>
		<node id='3' owner='enemy' message='chat.bi.7.n3' action='retreat'/> <!-- Thank you, Sir. -->
		<node id="-1" owner="enemy" message="chat.global.dont_shoot" action='retreat'/> <!-- Don't shoot! Don't shoot! We'll leave! -->
	</chat>
	
	<chat id='chat.blockade.incoming.8'>
		<node id='0' owner='player' option='chat.bi.8.n0.o' message='chat.bi.8.n0'> <!-- Ship identify yourself! -->
			<transition to='1'/>
		</node>
		<node id='1' owner='enemy' message='chat.bi.8.n1'> <!-- This is ship Eyola4 on a trading route. -->
			<transition to='2'/>
		</node>
		<node id='2' owner='player' option='chat.bi.8.n2.o' message='chat.bi.8.n2'> <!-- This planet is under blockade! -->
			<transition to='3'/>
		</node>
		<node id='3' owner='enemy' message='chat.bi.8.n3' action='retreat'/> <!-- Thank you, Sir. -->
		<node id="-1" owner="enemy" message="chat.global.dont_shoot" action='retreat'/> <!-- Don't shoot! Don't shoot! We'll leave! -->
	</chat>

	<chat id='chat.blockade.outgoing.1'>
		<node id='0' owner='player' option='chat.bo.1.n0.o' message='chat.bo.1.n0'> <!-- Turn around at once! -->
			<transition to='1'/>
		</node>
		<node id='1' owner='enemy' message='chat.bo.1.n1' action='retreat'/> <!-- All right. Ship BX12 is leaving the planet. -->
		<node id="-1" owner="enemy" message="chat.global.dont_shoot" action='retreat'/> <!-- Don't shoot! Don't shoot! We'll leave! -->
	</chat>
	
	<chat id='chat.blockade.outgoing.2'>
		<node id='0' owner='player' option='chat.bo.2.n0.o' message='chat.bo.2.n0'> <!-- Turn around at once! -->
			<transition to='1'/>
		</node>
		<node id='1' owner='enemy' message='chat.bo.2.n1' action='retreat'/> <!-- All right. Ship GH38 is leaving the planet. -->
		<node id="-1" owner="enemy" message="chat.global.dont_shoot" action='retreat'/> <!-- Don't shoot! Don't shoot! We'll leave! -->
	</chat>
	
	<chat id='chat.blockade.outgoing.3'>
		<node id='0' owner='player' option='chat.bo.3.n0.o' message='chat.bo.3.n0'> <!-- Turn around at once! -->
			<transition to='1'/>
		</node>
		<node id='1' owner='enemy' message='chat.bo.3.n1' action='retreat'/> <!-- All right. Ship ECHO is leaving the planet. -->
		<node id="-1" owner="enemy" message="chat.global.dont_shoot" action='retreat'/> <!-- Don't shoot! Don't shoot! We'll leave! -->
	</chat>
	
	<chat id='chat.blockade.outgoing.4'>
		<node id='0' owner='player' option='chat.bo.4.n0.o' message='chat.bo.4.n0'> <!-- Turn around at once! -->
			<transition to='1'/>
		</node>
		<node id='1' owner='enemy' message='chat.bo.4.n1' action='retreat'/> <!-- All right. Ship BX12 is leaving the planet. -->
		<node id="-1" owner="enemy" message="chat.global.dont_shoot" action='retreat'/> <!-- Don't shoot! Don't shoot! We'll leave! -->
	</chat>
	
	<chat id='chat.blockade.outgoing.5'>
		<node id='0' owner='player' option='chat.bo.5.n0.o' message='chat.bo.5.n0'> <!-- Turn around at once! -->
			<transition to='1'/>
		</node>
		<node id='1' owner='enemy' message='chat.bo.5.n1' action='retreat'/> <!-- All right. Ship Max4 is leaving the planet. -->
		<node id="-1" owner="enemy" message="chat.global.dont_shoot" action='retreat'/> <!-- Don't shoot! Don't shoot! We'll leave! -->
	</chat>
	
	<chat id='chat.blockade.outgoing.6'>
		<node id='0' owner='player' option='chat.bo.6.n0.o' message='chat.bo.6.n0'> <!-- Turn around at once! -->
			<transition to='1'/>
		</node>
		<node id='1' owner='enemy' message='chat.bo.6.n1' action='retreat'/> <!-- All right. Ship Fox is leaving the planet. -->
		<node id="-1" owner="enemy" message="chat.global.dont_shoot" action='retreat'/> <!-- Don't shoot! Don't shoot! We'll leave! -->
	</chat>
	
	<chat id='chat.blockade.outgoing.7'>
		<node id='0' owner='player' option='chat.bo.7.n0.o' message='chat.bo.7.n0'> <!-- Turn around at once! -->
			<transition to='1'/>
		</node>
		<node id='1' owner='enemy' message='chat.bo.7.n1' action='retreat'/> <!-- All right. Ship MX109 is leaving the planet. -->
		<node id="-1" owner="enemy" message="chat.global.dont_shoot" action='retreat'/> <!-- Don't shoot! Don't shoot! We'll leave! -->
	</chat>
	
	<chat id='chat.blockade.outgoing.8'>
		<node id='0' owner='player' option='chat.bo.8.n0.o' message='chat.bo.8.n0'> <!-- Turn around at once! -->
			<transition to='1'/>
		</node>
		<node id='1' owner='enemy' message='chat.bo.8.n1' action='retreat'/> <!-- All right. Ship Eyola4 is leaving the planet. -->
		<node id="-1" owner="enemy" message="chat.global.dont_shoot" action='retreat'/> <!-- Don't shoot! Don't shoot! We'll leave! -->
	</chat>
	
</chats>
