<?xml version='1.0' encoding='UTF-8'?>
<credits>
<h1>Imperium Galactica</h1>
<h2>(C) Digital Reality, 1993-1997</h2>
<img>DigitalRealityLogo</img>
<h2>Development</h2>
<h3>Programming</h3>
<p>István Árpád 'Spidy' Kiss</p>
<p>Ferenc Szabó</p>

<h3>3D modelling</h3>
<p>Csaba Gyarmati</p>
<p>Gábor Fehér</p>
<p>Tamás Fodor</p>
<p>Tamás Kreiner</p>
<p>Károly Rózsa</p>

<h3>Design</h3>
<p>Gábor Fehér</p>
<p>István Árpád 'Spidy' Kiss</p>

<h3>Music and sound</h3>
<p>Tamás Kreiner</p>

<h3>Graphics design</h3>
<p>Károly Rózsa</p>

<h3>Colony graphics</h3>
<p>Tamás Fodor</p>

<img>colony/buildings/human/colony_hub</img>

<h3>Producer</h3>
<p>Jason Schreiber</p>
<p>Nick Bridger</p>

<h3>Associate Producer</h3>
<p>Gary Patino</p>
<p>Cormac Russel</p>

<h3>Quality assurance</h3>
<p>Andre Garcia</p>

<h3>Project management</h3>
<p>Gábor Fehér</p>

<h3>Lead tester and further design</h3>
<p>László Peller</p>

<h3>Game testers</h3>
<p>Zoltán Berényi</p>
<p>Csanád Bösze</p>
<p>Gábor Lam</p>
<p>József Mochary</p>
<p>Ákos Németh</p>
<p>Gábor Németh</p>
<p>Tamás Pánczél</p>
<p>András Peller</p>
<p>Mihály Percsi</p>

<h3>Senior producer</h3>
<p>Steven B. Sargent</p>

<h2>Videos</h2>
<h3>Actors and Actresses</h3>

<p>Dave Johnson  - Gábor Gáti</p>
<p>Colonel Douglas - Albert Schneider</p>
<p>Political analyst - Gyula Hámori</p>
<p>Military adviser - Tamás Csák</p>
<p>Geneticist - Keiko Oyama</p>
<p>Wife - Gabriella File</p>
<p>Johny - Ádám Kaló</p>
<p>Commander of Thorin - András Stenczel</p> 
<p>Destroyer 2nd in command - Attila Tóth</p>
<p>Cruiser 2nd in command - Árpád Magyar</p>
<p>Kelly - Péter Albert</p>
<p>Technicians - Aurél Hajtó, József Pintér</p> 
<p>Phsychologist - Edina László</p>
<p>Pilots - Béla Schubert, Győző Bognár</p> 
<p>Professor Reinhart - István Gőz</p>
<p>Doctor - Tivadar Puskás</p>
<p>Assistant - Gyöngyvér Bognár</p>
<p>Intro - Gyöngyvér Bognár</p>
<p>Rádio operator - István Kis</p>
<p>Governors - Nándor Wampetich, Sándor Kőmíves, Sándor Miskolci</p>
<p>Miklós Kovács, János Nagy, Lajos Kerekes</p>
<p>Traders - Károly Rózsa, Tibor Nemes, Lajos Deschán, Miklós Hollósy</p>
<p>István Szarvas, Józsefné Kis, György Murga</p>

<h3>Voiceover</h3>

<h1>Open Imperium Galactica</h1>
<h2>2009-2012</h2>

<img>open-ig-logo</img>

<h2>Helpers</h2>
<h3>Actor/Actress identifications</h3>
<p>Gergely Harrach</p>
<p>Tamás Góz - magyarszinkron.hu</p>
<p>davlev</p>

<h3>Video reverse engineering</h3>
<p>TCH</p>

<h3>Splash screen</h3>
<p>Gxy</p>

<h3>Ship and weapon firepowers</h3>
<p>gump891202</p>
<p>József "Joe" Torma</p>

<h3>Ship equipment configurations</h3>
<p>Gergely Harrach</p>

<h3>Sound effects</h3>
<p>József "Joe" Torma</p>

<h2>Development</h2>
<h3>Programming</h3>
<p>Dávid Karnok</p>
<p>Dávid "sigee15" Szigecsán</p>

<h3>Modelling</h3>
<p>Dávid Karnok</p>
<p>Gxy</p>

<h3>Graphical bugfixes</h3>
<p>Dávid Karnok</p>
<p>József "Joe" Torma</p>
<p>Norbert "Silver83" Pellny</p>

<h3>New elements and gameplay</h3>
<p>Dávid Karnok</p>

<h3>Missing IG content</h3>
<p>Harrach Gergely</p>
<p>Dávid Karnok</p>

<h3>Testers</h3>
<p>József "Joe" Torma</p>
<p>Norbert "Silver83" Pellny</p>

<h2>German version</h2>

<h3>Sound effects</h3>
<p>Norbert "Silver83" Pellny</p>

<h3>Graphics</h3>
<p>Norbert "Silver83" Pellny</p>
<p>Mister Hanky</p>

<h3>Translation</h3>
<p>Norbert "Silver83" Pellny</p>
<p>Silvern Tiger</p>
<p>anonymissimus</p>

<h2>Russian version</h2>

<h3>Translation</h3>
<p>Kirill Grigoriev</p>
<p>X22</p>

<h3>Graphics</h3>
<p>X22</p>

<h2>French version</h2>

<h3>Translation</h3>
<p>Benjamin Grosjean</p>

<h2>IG2 DLC developments</h2>

<h3>Spy Graphics</h3>
<p>Dániel "Danyetz" Bajor</p>

<p></p>
<p></p>
<p></p>
<p></p>
<p></p>
<p></p>
<p></p>
<p></p>
<p></p>
<p></p>
<p></p>
<p></p>
<p></p>
<p></p>
<h1>Thank you for playing!</h1>

</credits>