<?xml version='1.0' encoding='UTF-8'?>
<planets xmlns:xsi="http://www.w3.org/2001/XMLSchema-instance" xsi:noNamespaceSchemaLocation="../../schemas/planets.xsd">
  <planet id='Achilles' name='Achilles' x='308' y='408' size='30' rotate='LR' population='0' allocation='DEFAULT' autobuild='OFF' morale='50' tax='MODERATE' tax-income='0' trade-income='0'>
    <surface type='desert' id='2'/>
    <inventory/>
    <buildings/>
  </planet>
  <planet id='Andromeda 1' name='Andromeda 1' x='868' y='628' size='18' rotate='LR' population='0' allocation='DEFAULT' autobuild='OFF' morale='50' tax='MODERATE' tax-income='0' trade-income='0'>
    <surface type='neptoplasm' id='1'/>
    <inventory/>
    <buildings/>
  </planet>
  <planet id='Andromeda 2' name='Andromeda 2' x='912' y='614' size='30' rotate='LR' population='0' allocation='DEFAULT' autobuild='OFF' morale='50' tax='MODERATE' tax-income='0' trade-income='0'>
    <surface type='neptoplasm' id='2'/>
    <inventory/>
    <buildings/>
  </planet>
  <planet id='Andromeda 3' name='Andromeda 3' x='882' y='590' size='24' rotate='LR' population='0' allocation='DEFAULT' autobuild='OFF' morale='50' tax='MODERATE' tax-income='0' trade-income='0'>
    <surface type='neptoplasm' id='3'/>
    <inventory/>
    <buildings/>
  </planet>
  <planet id='Andromeda 4' name='Andromeda 4' x='920' y='574' size='18' rotate='LR' population='0' allocation='DEFAULT' autobuild='OFF' morale='50' tax='MODERATE' tax-income='0' trade-income='0'>
    <surface type='neptoplasm' id='1'/>
    <inventory/>
    <buildings/>
  </planet>
  <planet id='Andromeda 5' name='Andromeda 5' x='970' y='494' size='30' rotate='RL' population='0' allocation='DEFAULT' autobuild='OFF' morale='50' tax='MODERATE' tax-income='0' trade-income='0'>
    <surface type='neptoplasm' id='4'/>
    <inventory/>
    <buildings/>
  </planet>
  <planet id='Andromeda 6' name='Andromeda 6' x='846' y='542' size='24' rotate='LR' population='0' allocation='DEFAULT' autobuild='OFF' morale='50' tax='MODERATE' tax-income='0' trade-income='0'>
    <surface type='earth' id='3'/>
    <inventory/>
    <buildings/>
  </planet>
  <planet id='Andromeda 7' name='Andromeda 7' x='974' y='588' size='18' rotate='RL' population='0' allocation='DEFAULT' autobuild='OFF' morale='50' tax='MODERATE' tax-income='0' trade-income='0'>
    <surface type='neptoplasm' id='3'/>
    <inventory/>
    <buildings/>
  </planet>
  <planet id='Center 1' name='Center 1' x='312' y='330' size='18' rotate='LR' population='0' allocation='DEFAULT' autobuild='OFF' morale='50' tax='MODERATE' tax-income='0' trade-income='0'>
    <surface type='rocky' id='1'/>
    <inventory/>
    <buildings/>
  </planet>
  <planet id='Center 2' name='Center 2' x='350' y='316' size='30' rotate='RL' population='0' allocation='DEFAULT' autobuild='OFF' morale='50' tax='MODERATE' tax-income='0' trade-income='0'>
    <surface type='cratered' id='8'/>
    <inventory/>
    <buildings/>
  </planet>
  <planet id='Center 3' name='Center 3' x='316' y='290' size='18' rotate='RL' population='0' allocation='DEFAULT' autobuild='OFF' morale='50' tax='MODERATE' tax-income='0' trade-income='0'>
    <surface type='rocky' id='1'/>
    <inventory/>
    <buildings/>
  </planet>
  <planet id='Center 4' name='Center 4' x='278' y='302' size='24' rotate='RL' population='0' allocation='DEFAULT' autobuild='OFF' morale='50' tax='MODERATE' tax-income='0' trade-income='0'>
    <surface type='frozen' id='3'/>
    <inventory/>
    <buildings/>
  </planet>
  <planet id='Center 5' name='Center 5' x='352' y='276' size='18' rotate='LR' population='0' allocation='DEFAULT' autobuild='OFF' morale='50' tax='MODERATE' tax-income='0' trade-income='0'>
    <surface type='cratered' id='7'/>
    <inventory/>
    <buildings/>
  </planet>
  <planet id='Center 6' name='Center 6' x='298' y='250' size='24' rotate='LR' population='0' allocation='DEFAULT' autobuild='OFF' morale='50' tax='MODERATE' tax-income='0' trade-income='0'>
    <surface type='frozen' id='5'/>
    <inventory/>
    <buildings/>
  </planet>
  <planet id='Center 7' name='Center 7' x='506' y='308' size='24' rotate='LR' population='0' allocation='DEFAULT' autobuild='OFF' morale='50' tax='MODERATE' tax-income='0' trade-income='0'>
    <surface type='earth' id='7'/>
    <inventory/>
    <buildings/>
  </planet>
  <planet id='Center 8' name='Center 8' x='502' y='350' size='30' rotate='LR' population='0' allocation='DEFAULT' autobuild='OFF' morale='50' tax='MODERATE' tax-income='0' trade-income='0'>
    <surface type='desert' id='6'/>
    <inventory/>
    <buildings/>
  </planet>
  <planet id='Center 9' name='Center 9' x='540' y='332' size='30' rotate='LR' population='0' allocation='DEFAULT' autobuild='OFF' morale='50' tax='MODERATE' tax-income='0' trade-income='0'>
    <surface type='desert' id='8'/>
    <inventory/>
    <buildings/>
  </planet>
  <planet id='Center 10' name='Center 10' x='458' y='438' size='24' rotate='LR' population='0' allocation='DEFAULT' autobuild='OFF' morale='50' tax='MODERATE' tax-income='0' trade-income='0'>
    <surface type='cratered' id='5'/>
    <inventory/>
    <buildings/>
  </planet>
  <planet id='Center 11' name='Center 11' x='454' y='344' size='24' rotate='RL' population='0' allocation='DEFAULT' autobuild='OFF' morale='50' tax='MODERATE' tax-income='0' trade-income='0'>
    <surface type='desert' id='7'/>
    <inventory/>
    <buildings/>
  </planet>
  <planet id='Center 12' name='Center 12' x='196' y='318' size='24' rotate='LR' population='0' allocation='DEFAULT' autobuild='OFF' morale='50' tax='MODERATE' tax-income='0' trade-income='0'>
    <surface type='desert' id='3'/>
    <inventory/>
    <buildings/>
  </planet>
  <planet id='Center 13' name='Center 13' x='242' y='276' size='30' rotate='LR' population='0' allocation='DEFAULT' autobuild='OFF' morale='50' tax='MODERATE' tax-income='0' trade-income='0'>
    <surface type='frozen' id='5'/>
    <inventory/>
    <buildings/>
  </planet>
  <planet id='Center 14' name='Center 14' x='208' y='288' size='30' rotate='LR' population='0' allocation='DEFAULT' autobuild='OFF' morale='50' tax='MODERATE' tax-income='0' trade-income='0'>
    <surface type='earth' id='4'/>
    <inventory/>
    <buildings/>
  </planet>
  <planet id='Center 15' name='Center 15' x='112' y='358' size='24' rotate='LR' population='0' allocation='DEFAULT' autobuild='OFF' morale='50' tax='MODERATE' tax-income='0' trade-income='0'>
    <surface type='rocky' id='5'/>
    <inventory/>
    <buildings/>
  </planet>
  <planet id='Center 16' name='Center 16' x='294' y='374' size='18' rotate='LR' population='0' allocation='DEFAULT' autobuild='OFF' morale='50' tax='MODERATE' tax-income='0' trade-income='0'>
    <surface type='frozen' id='4'/>
    <inventory/>
    <buildings/>
  </planet>
  <planet id='Centronom' name='Centronom' x='252' y='382' size='30' rotate='LR' population='0' allocation='DEFAULT' autobuild='OFF' morale='50' tax='MODERATE' tax-income='0' trade-income='0'>
    <surface type='desert' id='3'/>
    <inventory/>
    <buildings/>
  </planet>
  <planet id='Earth' name='Earth' label='planets.earth' x='110' y='230' size='18' rotate='RL' population='0' allocation='DEFAULT' autobuild='OFF' morale='50' tax='MODERATE' tax-income='0' trade-income='0'>
    <surface type='earth' id='8'/>
    <inventory/>
    <buildings/>
  </planet>
  <planet id='Edgepolis' name='Edgepolis' x='108' y='306' size='30' rotate='LR' population='0' allocation='DEFAULT' autobuild='OFF' morale='50' tax='MODERATE' tax-income='0' trade-income='0'>
    <surface type='desert' id='4'/>
    <inventory/>
    <buildings/>
  </planet>
  <planet id='Exterior 1' name='Exterior 1' x='156' y='504' size='18' rotate='LR' population='5000' owner='Empire' race='human' allocation='DEFAULT' autobuild='OFF' morale='50' tax='MODERATE' tax-income='0' trade-income='0'>
    <surface type='frozen' id='9'/>
    <inventory/>
    <buildings/>
  </planet>
  <planet id='Exterior 2' name='Exterior 2' x='170' y='536' size='30' rotate='LR' population='5000' owner='Empire' race='human'  allocation='DEFAULT' autobuild='OFF' morale='50' tax='MODERATE' tax-income='0' trade-income='0'>
    <surface type='desert' id='6'/>
    <inventory/>
    <buildings/>
  </planet>
  <planet id='Exterior 3' name='Exterior 3' x='126' y='556' size='30' rotate='RL' population='5000' owner='Empire' race='human'  allocation='DEFAULT' autobuild='OFF' morale='50' tax='MODERATE' tax-income='0' trade-income='0'>
    <surface type='desert' id='8'/>
    <inventory/>
    <buildings/>
  </planet>
  <planet id='Exterior 4' name='Exterior 4' x='236' y='638' size='24' rotate='RL' population='0' allocation='DEFAULT' autobuild='OFF' morale='50' tax='MODERATE' tax-income='0' trade-income='0'>
    <surface type='rocky' id='7'/>
    <inventory/>
    <buildings/>
  </planet>
  <planet id='Exterior 5' name='Exterior 5' x='290' y='598' size='30' rotate='LR' population='0' allocation='DEFAULT' autobuild='OFF' morale='50' tax='MODERATE' tax-income='0' trade-income='0'>
    <surface type='rocky' id='4'/>
    <inventory/>
    <buildings/>
  </planet>
  <planet id='Exterior 6' name='Exterior 6' x='372' y='628' size='30' rotate='RL' population='0' allocation='DEFAULT' autobuild='OFF' morale='50' tax='MODERATE' tax-income='0' trade-income='0'>
    <surface type='cratered' id='2'/>
    <inventory/>
    <buildings/>
  </planet>
  <planet id='Exterior 7' name='Exterior 7' x='446' y='564' size='24' rotate='RL' population='0' allocation='DEFAULT' autobuild='OFF' morale='50' tax='MODERATE' tax-income='0' trade-income='0'>
    <surface type='desert' id='7'/>
    <inventory/>
    <buildings/>
  </planet>
  <planet id='Exterior 8' name='Exterior 8' x='480' y='610' size='24' rotate='RL' population='0' allocation='DEFAULT' autobuild='OFF' morale='50' tax='MODERATE' tax-income='0' trade-income='0'>
    <surface type='liquid' id='7'/>
    <inventory/>
    <buildings/>
  </planet>
  <planet id='Exterior 9' name='Exterior 9' x='566' y='550' size='18' rotate='LR' population='0' allocation='DEFAULT' autobuild='OFF' morale='50' tax='MODERATE' tax-income='0' trade-income='0'>
    <surface type='frozen' id='6'/>
    <inventory/>
    <buildings/>
  </planet>
  <planet id='Exterior 10' name='Exterior 10' x='606' y='642' size='18' rotate='LR' population='0' allocation='DEFAULT' autobuild='OFF' morale='50' tax='MODERATE' tax-income='0' trade-income='0'>
    <surface type='frozen' id='7'/>
    <inventory/>
    <buildings/>
  </planet>
  <planet id='Exterior 11' name='Exterior 11' x='632' y='528' size='24' rotate='RL' population='0' allocation='DEFAULT' autobuild='OFF' morale='50' tax='MODERATE' tax-income='0' trade-income='0'>
    <surface type='liquid' id='8'/>
    <inventory/>
    <buildings/>
  </planet>
  <planet id='Exterior 12' name='Exterior 12' x='656' y='572' size='30' rotate='LR' population='0' allocation='DEFAULT' autobuild='OFF' morale='50' tax='MODERATE' tax-income='0' trade-income='0'>
    <surface type='desert' id='8'/>
    <inventory/>
    <buildings/>
  </planet>
  <planet id='Exterior 13' name='Exterior 13' x='554' y='510' size='30' rotate='LR' population='0' allocation='DEFAULT' autobuild='OFF' morale='50' tax='MODERATE' tax-income='0' trade-income='0'>
    <surface type='cratered' id='6'/>
    <inventory/>
    <buildings/>
  </planet>
  <planet id='Exterior 14' name='Exterior 14' x='158' y='452' size='24' rotate='RL' population='0' allocation='DEFAULT' autobuild='OFF' morale='50' tax='MODERATE' tax-income='0' trade-income='0'>
    <surface type='rocky' id='8'/>
    <inventory/>
    <buildings/>
  </planet>
  <planet id='Exterior 15' name='Exterior 15' x='530' y='500' size='24' rotate='LR' population='0' allocation='DEFAULT' autobuild='OFF' morale='50' tax='MODERATE' tax-income='0' trade-income='0'>
    <surface type='liquid' id='8'/>
    <inventory/>
    <buildings/>
  </planet>
  <planet id='Exterior 16' name='Exterior 16' x='238' y='588' size='30' rotate='RL' population='0' allocation='DEFAULT' autobuild='OFF' morale='50' tax='MODERATE' tax-income='0' trade-income='0'>
    <surface type='rocky' id='3'/>
    <inventory/>
    <buildings/>
  </planet>
  <planet id='Exterior 17' name='Exterior 17' x='304' y='88' size='18' rotate='LR' population='0' allocation='DEFAULT' autobuild='OFF' morale='50' tax='MODERATE' tax-income='0' trade-income='0'>
    <surface type='rocky' id='1'/>
    <inventory/>
    <buildings/>
  </planet>
  <planet id='Exterior 18' name='Exterior 18' x='752' y='612' size='18' rotate='RL' population='0' allocation='DEFAULT' autobuild='OFF' morale='50' tax='MODERATE' tax-income='0' trade-income='0'>
    <surface type='neptoplasm' id='6'/>
    <inventory/>
    <buildings/>
  </planet>
  <planet id='Exterior 19' name='Exterior 19' x='42' y='436' size='18' rotate='RL' population='0' allocation='DEFAULT' autobuild='OFF' morale='50' tax='MODERATE' tax-income='0' trade-income='0'>
    <surface type='frozen' id='8'/>
    <inventory/>
    <buildings/>
  </planet>
  <planet id='Exterior 19' name='Exterior 19' x='16' y='598' size='18' rotate='LR' population='0' allocation='DEFAULT' autobuild='OFF' morale='50' tax='MODERATE' tax-income='0' trade-income='0'>
    <surface type='cratered' id='3'/>
    <inventory/>
    <buildings/>
  </planet>
  <planet id='Exterior 20' name='Exterior 20' x='106' y='622' size='24' rotate='LR' population='0' allocation='DEFAULT' autobuild='OFF' morale='50' tax='MODERATE' tax-income='0' trade-income='0'>
    <surface type='earth' id='2'/>
    <inventory/>
    <buildings/>
  </planet>
  <planet id='Exterior 21' name='Exterior 21' x='332' y='532' size='18' rotate='RL' population='0' allocation='DEFAULT' autobuild='OFF' morale='50' tax='MODERATE' tax-income='0' trade-income='0'>
    <surface type='liquid' id='4'/>
    <inventory/>
    <buildings/>
  </planet>
  <planet id='Exterior 22' name='Exterior 22' x='404' y='578' size='24' rotate='LR' population='0' allocation='DEFAULT' autobuild='OFF' morale='50' tax='MODERATE' tax-income='0' trade-income='0'>
    <surface type='frozen' id='6'/>
    <inventory/>
    <buildings/>
  </planet>
  <planet id='Garthog 1' name='Garthog 1' x='356' y='386' size='18' rotate='RL' population='0' allocation='DEFAULT' autobuild='OFF' morale='50' tax='MODERATE' tax-income='0' trade-income='0'>
    <surface type='earth' id='3'/>
    <inventory/>
    <buildings/>
  </planet>
  <planet id='Garthog 2' name='Garthog 2' x='418' y='458' size='18' rotate='LR' population='0' allocation='DEFAULT' autobuild='OFF' morale='50' tax='MODERATE' tax-income='0' trade-income='0'>
    <surface type='frozen' id='1'/>
    <inventory/>
    <buildings/>
  </planet>
  <planet id='Garthog 3' name='Garthog 3' x='420' y='400' size='24' rotate='LR' population='0' allocation='DEFAULT' autobuild='OFF' morale='50' tax='MODERATE' tax-income='0' trade-income='0'>
    <surface type='frozen' id='4'/>
    <inventory/>
    <buildings/>
  </planet>
  <planet id='Garthog 4' name='Garthog 4' x='366' y='442' size='30' rotate='RL' population='0' allocation='DEFAULT' autobuild='OFF' morale='50' tax='MODERATE' tax-income='0' trade-income='0'>
    <surface type='rocky' id='6'/>
    <inventory/>
    <buildings/>
  </planet>
  <planet id='Garthog 5' name='Garthog 5' x='384' y='472' size='24' rotate='LR' population='0' allocation='DEFAULT' autobuild='OFF' morale='50' tax='MODERATE' tax-income='0' trade-income='0'>
    <surface type='cratered' id='1'/>
    <inventory/>
    <buildings/>
  </planet>
  <planet id='Giantropolis' name='Giantropolis' x='154' y='174' size='18' rotate='LR' population='0' allocation='DEFAULT' autobuild='OFF' morale='50' tax='MODERATE' tax-income='0' trade-income='0'>
    <surface type='rocky' id='1'/>
    <inventory/>
    <buildings/>
  </planet>
  <planet id='Magellan 1' name='Magellan 1' x='622' y='280' size='24' rotate='RL' population='0' allocation='DEFAULT' autobuild='OFF' morale='50' tax='MODERATE' tax-income='0' trade-income='0'>
    <surface type='rocky' id='2'/>
    <inventory/>
    <buildings/>
  </planet>
  <planet id='Magellan 2' name='Magellan 2' x='666' y='298' size='30' rotate='RL' population='0' allocation='DEFAULT' autobuild='OFF' morale='50' tax='MODERATE' tax-income='0' trade-income='0'>
    <surface type='earth' id='1'/>
    <inventory/>
    <buildings/>
  </planet>
  <planet id='Magellan 3' name='Magellan 3' x='636' y='314' size='18' rotate='RL' population='0' allocation='DEFAULT' autobuild='OFF' morale='50' tax='MODERATE' tax-income='0' trade-income='0'>
    <surface type='earth' id='8'/>
    <inventory/>
    <buildings/>
  </planet>
  <planet id='Magellan 4' name='Magellan 4' x='666' y='360' size='18' rotate='LR' population='0' allocation='DEFAULT' autobuild='OFF' morale='50' tax='MODERATE' tax-income='0' trade-income='0'>
    <surface type='rocky' id='7'/>
    <inventory/>
    <buildings/>
  </planet>
  <planet id='Magellan 5' name='Magellan 5' x='636' y='406' size='18' rotate='LR' population='0' allocation='DEFAULT' autobuild='OFF' morale='50' tax='MODERATE' tax-income='0' trade-income='0'>
    <surface type='rocky' id='2'/>
    <inventory/>
    <buildings/>
  </planet>
  <planet id='Magellan 6' name='Magellan 6' x='712' y='344' size='18' rotate='RL' population='0' allocation='DEFAULT' autobuild='OFF' morale='50' tax='MODERATE' tax-income='0' trade-income='0'>
    <surface type='cratered' id='2'/>
    <inventory/>
    <buildings/>
  </planet>
  <planet id='Magellan 7' name='Magellan 7' x='764' y='364' size='30' rotate='RL' population='0' allocation='DEFAULT' autobuild='OFF' morale='50' tax='MODERATE' tax-income='0' trade-income='0'>
    <surface type='desert' id='4'/>
    <inventory/>
    <buildings/>
  </planet>
  <planet id='Magellan 8' name='Magellan 8' x='846' y='384' size='24' rotate='LR' population='0' allocation='DEFAULT' autobuild='OFF' morale='50' tax='MODERATE' tax-income='0' trade-income='0'>
    <surface type='neptoplasm' id='4'/>
    <inventory/>
    <buildings/>
  </planet>
  <planet id='Magellan 9' name='Magellan 9' x='850' y='444' size='18' rotate='LR' population='0' allocation='DEFAULT' autobuild='OFF' morale='50' tax='MODERATE' tax-income='0' trade-income='0'>
    <surface type='desert' id='9'/>
    <inventory/>
    <buildings/>
  </planet>
  <planet id='Magellan 10' name='Magellan 10' x='688' y='476' size='18' rotate='RL' population='0' allocation='DEFAULT' autobuild='OFF' morale='50' tax='MODERATE' tax-income='0' trade-income='0'>
    <surface type='frozen' id='7'/>
    <inventory/>
    <buildings/>
  </planet>
  <planet id='Magellan 11' name='Magellan 11' x='568' y='436' size='30' rotate='LR' population='0' allocation='DEFAULT' autobuild='OFF' morale='50' tax='MODERATE' tax-income='0' trade-income='0'>
    <surface type='rocky' id='7'/>
    <inventory/>
    <buildings/>
  </planet>
  <planet id='Myridan' name='Myridan' x='144' y='290' size='24' rotate='LR' population='0' allocation='DEFAULT' autobuild='OFF' morale='50' tax='MODERATE' tax-income='0' trade-income='0'>
    <surface type='rocky' id='5'/>
    <inventory/>
    <buildings/>
  </planet>
  <planet id='Naxos' name='Naxos' x='320' y='464' size='30' rotate='LR' population='0' allocation='DEFAULT' autobuild='OFF' morale='50' tax='MODERATE' tax-income='0' trade-income='0'>
    <surface type='earth' id='1'/>
    <inventory/>
    <buildings/>
  </planet>
  <planet id='New Caroline' name='New Caroline' x='204' y='394' size='30' rotate='RL' population='0' allocation='DEFAULT' autobuild='OFF' morale='50' tax='MODERATE' tax-income='0' trade-income='0'>
    <surface type='earth' id='4'/>
    <inventory/>
    <buildings/>
  </planet>
  <planet id='Outer 1' name='Outer 1' x='14' y='122' size='18' rotate='RL' population='0' allocation='DEFAULT' autobuild='OFF' morale='50' tax='MODERATE' tax-income='0' trade-income='0'>
    <surface type='liquid' id='4'/>
    <inventory/>
    <buildings/>
  </planet>
  <planet id='Outer 2' name='Outer 2' x='58' y='64' size='30' rotate='LR' population='0' allocation='DEFAULT' autobuild='OFF' morale='50' tax='MODERATE' tax-income='0' trade-income='0'>
    <surface type='desert' id='5'/>
    <inventory/>
    <buildings/>
  </planet>
  <planet id='Outer 3' name='Outer 3' x='100' y='24' size='24' rotate='LR' population='0' allocation='DEFAULT' autobuild='OFF' morale='50' tax='MODERATE' tax-income='0' trade-income='0'>
    <surface type='rocky' id='2'/>
    <inventory/>
    <buildings/>
  </planet>
  <planet id='Outer 4' name='Outer 4' x='22' y='10' size='30' rotate='LR' population='0' allocation='DEFAULT' autobuild='OFF' morale='50' tax='MODERATE' tax-income='0' trade-income='0'>
    <surface type='rocky' id='8'/>
    <inventory/>
    <buildings/>
  </planet>
  <planet id='Outer 5' name='Outer 5' x='418' y='20' size='18' rotate='RL' population='0' allocation='DEFAULT' autobuild='OFF' morale='50' tax='MODERATE' tax-income='0' trade-income='0'>
    <surface type='earth' id='2'/>
    <inventory/>
    <buildings/>
  </planet>
  <planet id='Outer 6' name='Outer 6' x='524' y='12' size='24' rotate='LR' population='0' allocation='DEFAULT' autobuild='OFF' morale='50' tax='MODERATE' tax-income='0' trade-income='0'>
    <surface type='earth' id='5'/>
    <inventory/>
    <buildings/>
  </planet>
  <planet id='Outer 7' name='Outer 7' x='562' y='92' size='30' rotate='RL' population='0' allocation='DEFAULT' autobuild='OFF' morale='50' tax='MODERATE' tax-income='0' trade-income='0'>
    <surface type='desert' id='1'/>
    <inventory/>
    <buildings/>
  </planet>
  <planet id='Outer 8' name='Outer 8' x='530' y='26' size='18' rotate='LR' population='0' allocation='DEFAULT' autobuild='OFF' morale='50' tax='MODERATE' tax-income='0' trade-income='0'>
    <surface type='earth' id='7'/>
    <inventory/>
    <buildings/>
  </planet>
  <planet id='Outer 9' name='Outer 9' x='668' y='138' size='18' rotate='LR' population='0' allocation='DEFAULT' autobuild='OFF' morale='50' tax='MODERATE' tax-income='0' trade-income='0'>
    <surface type='liquid' id='3'/>
    <inventory/>
    <buildings/>
  </planet>
  <planet id='Outer 10' name='Outer 10' x='808' y='36' size='18' rotate='RL' population='0' allocation='DEFAULT' autobuild='OFF' morale='50' tax='MODERATE' tax-income='0' trade-income='0'>
    <surface type='earth' id='6'/>
    <inventory/>
    <buildings/>
  </planet>
  <planet id='Outer 11' name='Outer 11' x='768' y='164' size='30' rotate='LR' population='0' allocation='DEFAULT' autobuild='OFF' morale='50' tax='MODERATE' tax-income='0' trade-income='0'>
    <surface type='liquid' id='1'/>
    <inventory/>
    <buildings/>
  </planet>
  <planet id='Outer 12' name='Outer 12' x='830' y='116' size='24' rotate='LR' population='5000' owner='FreeNations' race='human'  allocation='DEFAULT' autobuild='OFF' morale='50' tax='MODERATE' tax-income='0' trade-income='0'>
    <surface type='liquid' id='5'/>
    <inventory/>
    <buildings/>
  </planet>
  <planet id='Outer 13' name='Outer 13' x='832' y='220' size='30' rotate='LR' population='0' allocation='DEFAULT' autobuild='OFF' morale='50' tax='MODERATE' tax-income='0' trade-income='0'>
    <surface type='liquid' id='6'/>
    <inventory/>
    <buildings/>
  </planet>
  <planet id='Outer 14' name='Outer 14' x='890' y='160' size='18' rotate='RL' population='5000' owner='FreeNations' race='human' allocation='DEFAULT' autobuild='OFF' morale='50' tax='MODERATE' tax-income='0' trade-income='0'>
    <surface type='liquid' id='7'/>
    <inventory/>
    <buildings/>
  </planet>
  <planet id='Outer 15' name='Outer 15' x='22' y='212' size='18' rotate='LR' population='0' allocation='DEFAULT' autobuild='OFF' morale='50' tax='MODERATE' tax-income='0' trade-income='0'>
    <surface type='liquid' id='4'/>
    <inventory/>
    <buildings/>
  </planet>
  <planet id='Outer 16' name='Outer 16' x='88' y='124' size='30' rotate='RL' population='0' allocation='DEFAULT' autobuild='OFF' morale='50' tax='MODERATE' tax-income='0' trade-income='0'>
    <surface type='earth' id='6'/>
    <inventory/>
    <buildings/>
  </planet>
  <planet id='Outer 17' name='Outer 17' x='126' y='104' size='24' rotate='RL' population='0' allocation='DEFAULT' autobuild='OFF' morale='50' tax='MODERATE' tax-income='0' trade-income='0'>
    <surface type='earth' id='1'/>
    <inventory/>
    <buildings/>
  </planet>
  <planet id='Outer 18' name='Outer 18' x='236' y='30' size='24' rotate='RL' population='0' allocation='DEFAULT' autobuild='OFF' morale='50' tax='MODERATE' tax-income='0' trade-income='0'>
    <surface type='desert' id='8'/>
    <inventory/>
    <buildings/>
  </planet>
  <planet id='Outer 19' name='Outer 19' x='396' y='148' size='30' rotate='LR' population='0' allocation='DEFAULT' autobuild='OFF' morale='50' tax='MODERATE' tax-income='0' trade-income='0'>
    <surface type='desert' id='6'/>
    <inventory/>
    <buildings/>
  </planet>
  <planet id='Outer 20' name='Outer 20' x='456' y='130' size='24' rotate='LR' population='0' allocation='DEFAULT' autobuild='OFF' morale='50' tax='MODERATE' tax-income='0' trade-income='0'>
    <surface type='frozen' id='3'/>
    <inventory/>
    <buildings/>
  </planet>
  <planet id='Outer 21' name='Outer 21' x='486' y='80' size='24' rotate='LR' population='0' allocation='DEFAULT' autobuild='OFF' morale='50' tax='MODERATE' tax-income='0' trade-income='0'>
    <surface type='frozen' id='1'/>
    <inventory/>
    <buildings/>
  </planet>
  <planet id='Outer 22' name='Outer 22' x='570' y='190' size='30' rotate='RL' population='0' allocation='DEFAULT' autobuild='OFF' morale='50' tax='MODERATE' tax-income='0' trade-income='0'>
    <surface type='liquid' id='1'/>
    <inventory/>
    <buildings/>
  </planet>
  <planet id='Outer 23' name='Outer 23' x='674' y='212' size='24' rotate='RL' population='0' allocation='DEFAULT' autobuild='OFF' morale='50' tax='MODERATE' tax-income='0' trade-income='0'>
    <surface type='liquid' id='5'/>
    <inventory/>
    <buildings/>
  </planet>
  <planet id='Outer 24' name='Outer 24' x='812' y='304' size='18' rotate='LR' population='0' allocation='DEFAULT' autobuild='OFF' morale='50' tax='MODERATE' tax-income='0' trade-income='0'>
    <surface type='earth' id='7'/>
    <inventory/>
    <buildings/>
  </planet>
  <planet id='Outer 25' name='Outer 25' x='974' y='108' size='30' rotate='LR' population='0' allocation='DEFAULT' autobuild='OFF' morale='50' tax='MODERATE' tax-income='0' trade-income='0'>
    <surface type='neptoplasm' id='5'/>
    <inventory/>
    <buildings/>
  </planet>
  <planet id='Outer 26' name='Outer 26' x='932' y='228' size='24' rotate='LR' population='0' allocation='DEFAULT' autobuild='OFF' morale='50' tax='MODERATE' tax-income='0' trade-income='0'>
    <surface type='earth' id='5'/>
    <inventory/>
    <buildings/>
  </planet>
  <planet id='Outer 27' name='Outer 27' x='992' y='20' size='30' rotate='RL' population='0' allocation='DEFAULT' autobuild='OFF' morale='50' tax='MODERATE' tax-income='0' trade-income='0'>
    <surface type='frozen' id='9'/>
    <inventory/>
    <buildings/>
  </planet>
  <planet id='Outer 28' name='Outer 28' x='914' y='28' size='30' rotate='LR' population='5000'  owner='FreeNations' race='human'  allocation='DEFAULT' autobuild='OFF' morale='50' tax='MODERATE' tax-income='0' trade-income='0'>
    <surface type='rocky' id='4'/>
    <inventory/>
    <buildings/>
  </planet>
  <planet id='Outer 29' name='Outer 29' x='950' y='292' size='18' rotate='LR' population='0' allocation='DEFAULT' autobuild='OFF' morale='50' tax='MODERATE' tax-income='0' trade-income='0'>
    <surface type='liquid' id='6'/>
    <inventory/>
    <buildings/>
  </planet>
  <planet id='Outer 30' name='Outer 30' x='936' y='110' size='18' rotate='LR' population='0' allocation='DEFAULT' autobuild='OFF' morale='50' tax='MODERATE' tax-income='0' trade-income='0'>
    <surface type='cratered' id='7'/>
    <inventory/>
    <buildings/>
  </planet>
  <planet id='Persol 1' name='Persol 1' x='250' y='172' size='24' rotate='LR' population='0' allocation='DEFAULT' autobuild='OFF' morale='50' tax='MODERATE' tax-income='0' trade-income='0'>
    <surface type='cratered' id='6'/>
    <inventory/>
    <buildings/>
  </planet>
  <planet id='Persol 2' name='Persol 2' x='454' y='246' size='30' rotate='RL' population='0' allocation='DEFAULT' autobuild='OFF' morale='50' tax='MODERATE' tax-income='0' trade-income='0'>
    <surface type='liquid' id='7'/>
    <inventory/>
    <buildings/>
  </planet>
  <planet id='Persol 3' name='Persol 3' x='316' y='152' size='24' rotate='RL' population='0' allocation='DEFAULT' autobuild='OFF' morale='50' tax='MODERATE' tax-income='0' trade-income='0'>
    <surface type='liquid' id='3'/>
    <inventory/>
    <buildings/>
  </planet>
  <planet id='San Sterling' name='San Sterling' x='280' y='426' size='24' rotate='RL' population='0' allocation='DEFAULT' autobuild='OFF' morale='50' tax='MODERATE' tax-income='0' trade-income='0'>
    <surface type='frozen' id='2'/>
    <inventory/>
    <buildings/>
  </planet>
  <planet id='Zeuson' name='Zeuson' x='166' y='370' size='24' rotate='RL' population='0' allocation='DEFAULT' autobuild='OFF' morale='50' tax='MODERATE' tax-income='0' trade-income='0'>
    <surface type='rocky' id='7'/>
    <inventory/>
    <buildings/>
  </planet>
</planets>
