<?xml version='1.0' encoding='UTF-8'?>
<map version='1.0'>
  <surface width='21' height='33'>
    <tile type='cratered' id='32' x='-1' y='-1'/>
    <tile type='cratered' id='25' x='-2' y='-2'/>
    <tile type='cratered' id='35' x='-3' y='-3'/>
    <tile type='cratered' id='52' x='-4' y='-4'/>
    <tile type='cratered' id='22' x='-5' y='-5'/>
    <tile type='cratered' id='35' x='-6' y='-6'/>
    <tile type='cratered' id='31' x='-7' y='-7'/>
    <tile type='cratered' id='47' x='-8' y='-8'/>
    <tile type='cratered' id='51' x='-9' y='-9'/>
    <tile type='cratered' id='51' x='-10' y='-10'/>
    <tile type='cratered' id='49' x='-11' y='-11'/>
    <tile type='cratered' id='36' x='-12' y='-12'/>
    <tile type='cratered' id='25' x='-13' y='-13'/>
    <tile type='cratered' id='24' x='-14' y='-14'/>
    <tile type='cratered' id='41' x='-15' y='-15'/>
    <tile type='cratered' id='41' x='-16' y='-16'/>
    <tile type='cratered' id='26' x='-17' y='-17'/>
    <tile type='cratered' id='50' x='-18' y='-18'/>
    <tile type='cratered' id='28' x='-19' y='-19'/>
    <tile type='cratered' id='37' x='-20' y='-20'/>
    <tile type='cratered' id='50' x='-21' y='-21'/>
    <tile type='cratered' id='41' x='-22' y='-22'/>
    <tile type='cratered' id='35' x='-23' y='-23'/>
    <tile type='cratered' id='45' x='-24' y='-24'/>
    <tile type='cratered' id='46' x='-25' y='-25'/>
    <tile type='cratered' id='36' x='-26' y='-26'/>
    <tile type='cratered' id='50' x='-27' y='-27'/>
    <tile type='cratered' id='48' x='-28' y='-28'/>
    <tile type='cratered' id='31' x='-29' y='-29'/>
    <tile type='cratered' id='28' x='-30' y='-30'/>
    <tile type='cratered' id='41' x='-31' y='-31'/>
    <tile type='cratered' id='48' x='-32' y='-32'/>
    <tile type='cratered' id='39' x='0' y='-1'/>
    <tile type='cratered' id='41' x='-1' y='-2'/>
    <tile type='cratered' id='52' x='-2' y='-3'/>
    <tile type='cratered' id='49' x='-3' y='-4'/>
    <tile type='cratered' id='36' x='-4' y='-5'/>
    <tile type='cratered' id='44' x='-5' y='-6'/>
    <tile type='cratered' id='25' x='-6' y='-7'/>
    <tile type='cratered' id='50' x='-7' y='-8'/>
    <tile type='cratered' id='38' x='-8' y='-9'/>
    <tile type='cratered' id='39' x='-9' y='-10'/>
    <tile type='cratered' id='38' x='-10' y='-11'/>
    <tile type='cratered' id='34' x='-11' y='-12'/>
    <tile type='cratered' id='44' x='-12' y='-13'/>
    <tile type='cratered' id='39' x='-13' y='-14'/>
    <tile type='cratered' id='50' x='-14' y='-15'/>
    <tile type='cratered' id='47' x='-15' y='-16'/>
    <tile type='cratered' id='39' x='-16' y='-17'/>
    <tile type='cratered' id='31' x='-17' y='-18'/>
    <tile type='cratered' id='47' x='-18' y='-19'/>
    <tile type='cratered' id='40' x='-19' y='-20'/>
    <tile type='cratered' id='40' x='-20' y='-21'/>
    <tile type='cratered' id='36' x='-21' y='-22'/>
    <tile type='cratered' id='42' x='-22' y='-23'/>
    <tile type='cratered' id='25' x='-23' y='-24'/>
    <tile type='cratered' id='51' x='-24' y='-25'/>
    <tile type='cratered' id='44' x='-25' y='-26'/>
    <tile type='cratered' id='35' x='-26' y='-27'/>
    <tile type='cratered' id='24' x='-27' y='-28'/>
    <tile type='cratered' id='29' x='-28' y='-29'/>
    <tile type='cratered' id='32' x='-29' y='-30'/>
    <tile type='cratered' id='21' x='-30' y='-31'/>
    <tile type='cratered' id='30' x='-31' y='-32'/>
    <tile type='cratered' id='36' x='0' y='-2'/>
    <tile type='cratered' id='44' x='-1' y='-3'/>
    <tile type='cratered' id='32' x='-2' y='-4'/>
    <tile type='cratered' id='45' x='-3' y='-5'/>
    <tile type='cratered' id='23' x='-4' y='-6'/>
    <tile type='cratered' id='45' x='-5' y='-7'/>
    <tile type='cratered' id='36' x='-6' y='-8'/>
    <tile type='cratered' id='22' x='-7' y='-9'/>
    <tile type='cratered' id='43' x='-8' y='-10'/>
    <tile type='cratered' id='37' x='-9' y='-11'/>
    <tile type='cratered' id='49' x='-10' y='-12'/>
    <tile type='cratered' id='36' x='-11' y='-13'/>
    <tile type='cratered' id='53' x='-12' y='-14'/>
    <tile type='cratered' id='26' x='-13' y='-15'/>
    <tile type='cratered' id='44' x='-14' y='-16'/>
    <tile type='cratered' id='26' x='-15' y='-17'/>
    <tile type='cratered' id='41' x='-16' y='-18'/>
    <tile type='cratered' id='35' x='-17' y='-19'/>
    <tile type='cratered' id='29' x='-18' y='-20'/>
    <tile type='cratered' id='53' x='-19' y='-21'/>
    <tile type='cratered' id='28' x='-20' y='-22'/>
    <tile type='cratered' id='24' x='-21' y='-23'/>
    <tile type='cratered' id='53' x='-22' y='-24'/>
    <tile type='cratered' id='39' x='-23' y='-25'/>
    <tile type='cratered' id='52' x='-24' y='-26'/>
    <tile type='cratered' id='49' x='-25' y='-27'/>
    <tile type='cratered' id='30' x='-26' y='-28'/>
    <tile type='cratered' id='27' x='-27' y='-29'/>
    <tile type='cratered' id='25' x='-28' y='-30'/>
    <tile type='cratered' id='44' x='-29' y='-31'/>
    <tile type='cratered' id='31' x='-30' y='-32'/>
    <tile type='cratered' id='31' x='-31' y='-33'/>
    <tile type='cratered' id='34' x='1' y='-2'/>
    <tile type='cratered' id='25' x='0' y='-3'/>
    <tile type='cratered' id='32' x='-1' y='-4'/>
    <tile type='cratered' id='53' x='-2' y='-5'/>
    <tile type='cratered' id='26' x='-3' y='-6'/>
    <tile type='cratered' id='27' x='-4' y='-7'/>
    <tile type='cratered' id='32' x='-5' y='-8'/>
    <tile type='cratered' id='37' x='-6' y='-9'/>
    <tile type='cratered' id='22' x='-7' y='-10'/>
    <tile type='cratered' id='26' x='-8' y='-11'/>
    <tile type='cratered' id='46' x='-9' y='-12'/>
    <tile type='cratered' id='47' x='-10' y='-13'/>
    <tile type='cratered' id='23' x='-11' y='-14'/>
    <tile type='cratered' id='44' x='-12' y='-15'/>
    <tile type='cratered' id='30' x='-13' y='-16'/>
    <tile type='cratered' id='32' x='-14' y='-17'/>
    <tile type='cratered' id='38' x='-15' y='-18'/>
    <tile type='cratered' id='49' x='-16' y='-19'/>
    <tile type='cratered' id='35' x='-17' y='-20'/>
    <tile type='cratered' id='53' x='-18' y='-21'/>
    <tile type='cratered' id='42' x='-19' y='-22'/>
    <tile type='cratered' id='27' x='-20' y='-23'/>
    <tile type='cratered' id='47' x='-21' y='-24'/>
    <tile type='cratered' id='46' x='-22' y='-25'/>
    <tile type='cratered' id='47' x='-23' y='-26'/>
    <tile type='cratered' id='36' x='-24' y='-27'/>
    <tile type='cratered' id='53' x='-25' y='-28'/>
    <tile type='cratered' id='43' x='-26' y='-29'/>
    <tile type='cratered' id='39' x='-27' y='-30'/>
    <tile type='cratered' id='51' x='-28' y='-31'/>
    <tile type='cratered' id='48' x='-29' y='-32'/>
    <tile type='cratered' id='52' x='-30' y='-33'/>
    <tile type='cratered' id='25' x='1' y='-3'/>
    <tile type='cratered' id='42' x='0' y='-4'/>
    <tile type='cratered' id='25' x='-1' y='-5'/>
    <tile type='cratered' id='25' x='-2' y='-6'/>
    <tile type='cratered' id='51' x='-3' y='-7'/>
    <tile type='cratered' id='39' x='-4' y='-8'/>
    <tile type='cratered' id='42' x='-5' y='-9'/>
    <tile type='cratered' id='23' x='-6' y='-10'/>
    <tile type='cratered' id='28' x='-7' y='-11'/>
    <tile type='cratered' id='89' x='-8' y='-12'/>
    <tile type='cratered' id='26' x='-9' y='-13'/>
    <tile type='cratered' id='32' x='-10' y='-14'/>
    <tile type='cratered' id='43' x='-11' y='-15'/>
    <tile type='cratered' id='50' x='-12' y='-16'/>
    <tile type='cratered' id='53' x='-13' y='-17'/>
    <tile type='cratered' id='39' x='-14' y='-18'/>
    <tile type='cratered' id='39' x='-15' y='-19'/>
    <tile type='cratered' id='51' x='-16' y='-20'/>
    <tile type='cratered' id='32' x='-17' y='-21'/>
    <tile type='cratered' id='23' x='-18' y='-22'/>
    <tile type='cratered' id='52' x='-19' y='-23'/>
    <tile type='cratered' id='32' x='-20' y='-24'/>
    <tile type='cratered' id='39' x='-21' y='-25'/>
    <tile type='cratered' id='29' x='-22' y='-26'/>
    <tile type='cratered' id='37' x='-23' y='-27'/>
    <tile type='cratered' id='47' x='-24' y='-28'/>
    <tile type='cratered' id='51' x='-25' y='-29'/>
    <tile type='cratered' id='34' x='-26' y='-30'/>
    <tile type='cratered' id='32' x='-27' y='-31'/>
    <tile type='cratered' id='42' x='-28' y='-32'/>
    <tile type='cratered' id='50' x='-29' y='-33'/>
    <tile type='cratered' id='39' x='-30' y='-34'/>
    <tile type='cratered' id='28' x='2' y='-3'/>
    <tile type='cratered' id='39' x='1' y='-4'/>
    <tile type='cratered' id='43' x='0' y='-5'/>
    <tile type='cratered' id='44' x='-1' y='-6'/>
    <tile type='cratered' id='22' x='-2' y='-7'/>
    <tile type='cratered' id='51' x='-3' y='-8'/>
    <tile type='cratered' id='44' x='-4' y='-9'/>
    <tile type='cratered' id='37' x='-5' y='-10'/>
    <tile type='cratered' id='45' x='-6' y='-11'/>
    <tile type='cratered' id='52' x='-9' y='-14'/>
    <tile type='cratered' id='23' x='-10' y='-15'/>
    <tile type='cratered' id='30' x='-11' y='-16'/>
    <tile type='cratered' id='26' x='-12' y='-17'/>
    <tile type='cratered' id='46' x='-13' y='-18'/>
    <tile type='cratered' id='39' x='-14' y='-19'/>
    <tile type='cratered' id='24' x='-15' y='-20'/>
    <tile type='cratered' id='38' x='-16' y='-21'/>
    <tile type='cratered' id='40' x='-17' y='-22'/>
    <tile type='cratered' id='23' x='-18' y='-23'/>
    <tile type='cratered' id='52' x='-19' y='-24'/>
    <tile type='cratered' id='33' x='-20' y='-25'/>
    <tile type='cratered' id='35' x='-21' y='-26'/>
    <tile type='cratered' id='25' x='-22' y='-27'/>
    <tile type='cratered' id='25' x='-23' y='-28'/>
    <tile type='cratered' id='32' x='-24' y='-29'/>
    <tile type='cratered' id='26' x='-25' y='-30'/>
    <tile type='cratered' id='35' x='-26' y='-31'/>
    <tile type='cratered' id='26' x='-27' y='-32'/>
    <tile type='cratered' id='24' x='-28' y='-33'/>
    <tile type='cratered' id='43' x='-29' y='-34'/>
    <tile type='cratered' id='38' x='2' y='-4'/>
    <tile type='cratered' id='23' x='1' y='-5'/>
    <tile type='cratered' id='50' x='0' y='-6'/>
    <tile type='cratered' id='34' x='-1' y='-7'/>
    <tile type='cratered' id='35' x='-2' y='-8'/>
    <tile type='cratered' id='34' x='-3' y='-9'/>
    <tile type='cratered' id='21' x='-4' y='-10'/>
    <tile type='cratered' id='35' x='-5' y='-11'/>
    <tile type='cratered' id='51' x='-8' y='-14'/>
    <tile type='cratered' id='30' x='-9' y='-15'/>
    <tile type='cratered' id='29' x='-10' y='-16'/>
    <tile type='cratered' id='32' x='-11' y='-17'/>
    <tile type='cratered' id='27' x='-12' y='-18'/>
    <tile type='cratered' id='45' x='-13' y='-19'/>
    <tile type='cratered' id='31' x='-14' y='-20'/>
    <tile type='cratered' id='30' x='-15' y='-21'/>
    <tile type='cratered' id='47' x='-16' y='-22'/>
    <tile type='cratered' id='28' x='-17' y='-23'/>
    <tile type='cratered' id='49' x='-18' y='-24'/>
    <tile type='cratered' id='44' x='-19' y='-25'/>
    <tile type='cratered' id='42' x='-20' y='-26'/>
    <tile type='cratered' id='42' x='-21' y='-27'/>
    <tile type='cratered' id='46' x='-22' y='-28'/>
    <tile type='cratered' id='47' x='-23' y='-29'/>
    <tile type='cratered' id='25' x='-24' y='-30'/>
    <tile type='cratered' id='26' x='-25' y='-31'/>
    <tile type='cratered' id='41' x='-26' y='-32'/>
    <tile type='cratered' id='35' x='-27' y='-33'/>
    <tile type='cratered' id='21' x='-28' y='-34'/>
    <tile type='cratered' id='49' x='-29' y='-35'/>
    <tile type='cratered' id='47' x='3' y='-4'/>
    <tile type='cratered' id='21' x='2' y='-5'/>
    <tile type='cratered' id='38' x='1' y='-6'/>
    <tile type='cratered' id='37' x='0' y='-7'/>
    <tile type='cratered' id='46' x='-1' y='-8'/>
    <tile type='cratered' id='42' x='-2' y='-9'/>
    <tile type='cratered' id='43' x='-3' y='-10'/>
    <tile type='cratered' id='53' x='-4' y='-11'/>
    <tile type='cratered' id='23' x='-5' y='-12'/>
    <tile type='cratered' id='24' x='-7' y='-14'/>
    <tile type='cratered' id='24' x='-8' y='-15'/>
    <tile type='cratered' id='28' x='-9' y='-16'/>
    <tile type='cratered' id='46' x='-10' y='-17'/>
    <tile type='cratered' id='27' x='-11' y='-18'/>
    <tile type='cratered' id='31' x='-12' y='-19'/>
    <tile type='cratered' id='51' x='-13' y='-20'/>
    <tile type='cratered' id='34' x='-14' y='-21'/>
    <tile type='cratered' id='27' x='-15' y='-22'/>
    <tile type='cratered' id='33' x='-16' y='-23'/>
    <tile type='cratered' id='51' x='-17' y='-24'/>
    <tile type='cratered' id='43' x='-18' y='-25'/>
    <tile type='cratered' id='31' x='-19' y='-26'/>
    <tile type='cratered' id='39' x='-20' y='-27'/>
    <tile type='cratered' id='31' x='-21' y='-28'/>
    <tile type='cratered' id='32' x='-22' y='-29'/>
    <tile type='cratered' id='22' x='-23' y='-30'/>
    <tile type='cratered' id='29' x='-24' y='-31'/>
    <tile type='cratered' id='49' x='-25' y='-32'/>
    <tile type='cratered' id='51' x='-26' y='-33'/>
    <tile type='cratered' id='39' x='-27' y='-34'/>
    <tile type='cratered' id='49' x='-28' y='-35'/>
    <tile type='cratered' id='51' x='3' y='-5'/>
    <tile type='cratered' id='38' x='2' y='-6'/>
    <tile type='cratered' id='43' x='1' y='-7'/>
    <tile type='cratered' id='45' x='0' y='-8'/>
    <tile type='cratered' id='49' x='-1' y='-9'/>
    <tile type='cratered' id='25' x='-2' y='-10'/>
    <tile type='cratered' id='26' x='-3' y='-11'/>
    <tile type='cratered' id='23' x='-4' y='-12'/>
    <tile type='cratered' id='32' x='-5' y='-13'/>
    <tile type='cratered' id='37' x='-6' y='-14'/>
    <tile type='cratered' id='31' x='-7' y='-15'/>
    <tile type='cratered' id='30' x='-8' y='-16'/>
    <tile type='cratered' id='43' x='-9' y='-17'/>
    <tile type='cratered' id='46' x='-10' y='-18'/>
    <tile type='cratered' id='42' x='-11' y='-19'/>
    <tile type='cratered' id='31' x='-12' y='-20'/>
    <tile type='cratered' id='39' x='-13' y='-21'/>
    <tile type='cratered' id='42' x='-14' y='-22'/>
    <tile type='cratered' id='52' x='-15' y='-23'/>
    <tile type='cratered' id='53' x='-16' y='-24'/>
    <tile type='cratered' id='35' x='-17' y='-25'/>
    <tile type='cratered' id='30' x='-18' y='-26'/>
    <tile type='cratered' id='36' x='-19' y='-27'/>
    <tile type='cratered' id='45' x='-20' y='-28'/>
    <tile type='cratered' id='22' x='-21' y='-29'/>
    <tile type='cratered' id='39' x='-22' y='-30'/>
    <tile type='cratered' id='34' x='-23' y='-31'/>
    <tile type='cratered' id='48' x='-24' y='-32'/>
    <tile type='cratered' id='49' x='-25' y='-33'/>
    <tile type='cratered' id='48' x='-26' y='-34'/>
    <tile type='cratered' id='35' x='-27' y='-35'/>
    <tile type='cratered' id='28' x='-28' y='-36'/>
    <tile type='cratered' id='45' x='4' y='-5'/>
    <tile type='cratered' id='48' x='3' y='-6'/>
    <tile type='cratered' id='36' x='2' y='-7'/>
    <tile type='cratered' id='36' x='1' y='-8'/>
    <tile type='cratered' id='43' x='0' y='-9'/>
    <tile type='cratered' id='36' x='-1' y='-10'/>
    <tile type='cratered' id='21' x='-2' y='-11'/>
    <tile type='cratered' id='48' x='-3' y='-12'/>
    <tile type='cratered' id='39' x='-4' y='-13'/>
    <tile type='cratered' id='42' x='-5' y='-14'/>
    <tile type='cratered' id='21' x='-6' y='-15'/>
    <tile type='cratered' id='31' x='-7' y='-16'/>
    <tile type='cratered' id='43' x='-8' y='-17'/>
    <tile type='cratered' id='26' x='-9' y='-18'/>
    <tile type='cratered' id='37' x='-10' y='-19'/>
    <tile type='cratered' id='43' x='-11' y='-20'/>
    <tile type='cratered' id='38' x='-12' y='-21'/>
    <tile type='cratered' id='27' x='-13' y='-22'/>
    <tile type='cratered' id='25' x='-14' y='-23'/>
    <tile type='cratered' id='51' x='-15' y='-24'/>
    <tile type='cratered' id='22' x='-16' y='-25'/>
    <tile type='cratered' id='43' x='-17' y='-26'/>
    <tile type='cratered' id='29' x='-18' y='-27'/>
    <tile type='cratered' id='47' x='-19' y='-28'/>
    <tile type='cratered' id='34' x='-20' y='-29'/>
    <tile type='cratered' id='40' x='-21' y='-30'/>
    <tile type='cratered' id='25' x='-22' y='-31'/>
    <tile type='cratered' id='42' x='-23' y='-32'/>
    <tile type='cratered' id='35' x='-24' y='-33'/>
    <tile type='cratered' id='53' x='-25' y='-34'/>
    <tile type='cratered' id='24' x='-26' y='-35'/>
    <tile type='cratered' id='27' x='-27' y='-36'/>
    <tile type='cratered' id='22' x='4' y='-6'/>
    <tile type='cratered' id='32' x='3' y='-7'/>
    <tile type='cratered' id='37' x='2' y='-8'/>
    <tile type='cratered' id='34' x='1' y='-9'/>
    <tile type='cratered' id='37' x='0' y='-10'/>
    <tile type='cratered' id='32' x='-1' y='-11'/>
    <tile type='cratered' id='38' x='-2' y='-12'/>
    <tile type='cratered' id='44' x='-3' y='-13'/>
    <tile type='cratered' id='23' x='-4' y='-14'/>
    <tile type='cratered' id='29' x='-5' y='-15'/>
    <tile type='cratered' id='45' x='-6' y='-16'/>
    <tile type='cratered' id='30' x='-7' y='-17'/>
    <tile type='cratered' id='50' x='-8' y='-18'/>
    <tile type='cratered' id='47' x='-9' y='-19'/>
    <tile type='cratered' id='33' x='-10' y='-20'/>
    <tile type='cratered' id='21' x='-11' y='-21'/>
    <tile type='cratered' id='22' x='-12' y='-22'/>
    <tile type='cratered' id='49' x='-13' y='-23'/>
    <tile type='cratered' id='39' x='-14' y='-24'/>
    <tile type='cratered' id='30' x='-15' y='-25'/>
    <tile type='cratered' id='45' x='-16' y='-26'/>
    <tile type='cratered' id='26' x='-17' y='-27'/>
    <tile type='cratered' id='33' x='-18' y='-28'/>
    <tile type='cratered' id='38' x='-19' y='-29'/>
    <tile type='cratered' id='42' x='-20' y='-30'/>
    <tile type='cratered' id='44' x='-21' y='-31'/>
    <tile type='cratered' id='29' x='-22' y='-32'/>
    <tile type='cratered' id='97' x='-23' y='-33'/>
    <tile type='cratered' id='35' x='-24' y='-34'/>
    <tile type='cratered' id='25' x='-25' y='-35'/>
    <tile type='cratered' id='37' x='-26' y='-36'/>
    <tile type='cratered' id='39' x='-27' y='-37'/>
    <tile type='cratered' id='22' x='5' y='-6'/>
    <tile type='cratered' id='28' x='4' y='-7'/>
    <tile type='cratered' id='44' x='3' y='-8'/>
    <tile type='cratered' id='28' x='2' y='-9'/>
    <tile type='cratered' id='43' x='1' y='-10'/>
    <tile type='cratered' id='25' x='0' y='-11'/>
    <tile type='cratered' id='41' x='-1' y='-12'/>
    <tile type='cratered' id='48' x='-2' y='-13'/>
    <tile type='cratered' id='39' x='-3' y='-14'/>
    <tile type='cratered' id='38' x='-4' y='-15'/>
    <tile type='cratered' id='42' x='-5' y='-16'/>
    <tile type='cratered' id='45' x='-6' y='-17'/>
    <tile type='cratered' id='47' x='-7' y='-18'/>
    <tile type='cratered' id='38' x='-8' y='-19'/>
    <tile type='cratered' id='39' x='-9' y='-20'/>
    <tile type='cratered' id='40' x='-10' y='-21'/>
    <tile type='cratered' id='47' x='-11' y='-22'/>
    <tile type='cratered' id='50' x='-12' y='-23'/>
    <tile type='cratered' id='51' x='-13' y='-24'/>
    <tile type='cratered' id='30' x='-14' y='-25'/>
    <tile type='cratered' id='23' x='-15' y='-26'/>
    <tile type='cratered' id='49' x='-16' y='-27'/>
    <tile type='cratered' id='26' x='-17' y='-28'/>
    <tile type='cratered' id='40' x='-18' y='-29'/>
    <tile type='cratered' id='49' x='-19' y='-30'/>
    <tile type='cratered' id='50' x='-20' y='-31'/>
    <tile type='cratered' id='47' x='-21' y='-32'/>
    <tile type='cratered' id='30' x='-24' y='-35'/>
    <tile type='cratered' id='37' x='-25' y='-36'/>
    <tile type='cratered' id='53' x='-26' y='-37'/>
    <tile type='cratered' id='26' x='5' y='-7'/>
    <tile type='cratered' id='29' x='4' y='-8'/>
    <tile type='cratered' id='47' x='3' y='-9'/>
    <tile type='cratered' id='45' x='2' y='-10'/>
    <tile type='cratered' id='40' x='1' y='-11'/>
    <tile type='cratered' id='25' x='0' y='-12'/>
    <tile type='cratered' id='34' x='-1' y='-13'/>
    <tile type='cratered' id='41' x='-2' y='-14'/>
    <tile type='cratered' id='21' x='-3' y='-15'/>
    <tile type='cratered' id='43' x='-4' y='-16'/>
    <tile type='cratered' id='39' x='-5' y='-17'/>
    <tile type='cratered' id='43' x='-6' y='-18'/>
    <tile type='cratered' id='30' x='-7' y='-19'/>
    <tile type='cratered' id='47' x='-8' y='-20'/>
    <tile type='cratered' id='28' x='-9' y='-21'/>
    <tile type='cratered' id='21' x='-10' y='-22'/>
    <tile type='cratered' id='46' x='-11' y='-23'/>
    <tile type='cratered' id='26' x='-12' y='-24'/>
    <tile type='cratered' id='33' x='-13' y='-25'/>
    <tile type='cratered' id='49' x='-14' y='-26'/>
    <tile type='cratered' id='38' x='-15' y='-27'/>
    <tile type='cratered' id='45' x='-16' y='-28'/>
    <tile type='cratered' id='45' x='-17' y='-29'/>
    <tile type='cratered' id='24' x='-18' y='-30'/>
    <tile type='cratered' id='23' x='-19' y='-31'/>
    <tile type='cratered' id='29' x='-20' y='-32'/>
    <tile type='cratered' id='42' x='-24' y='-36'/>
    <tile type='cratered' id='45' x='-25' y='-37'/>
    <tile type='cratered' id='36' x='-26' y='-38'/>
    <tile type='cratered' id='50' x='6' y='-7'/>
    <tile type='cratered' id='40' x='5' y='-8'/>
    <tile type='cratered' id='41' x='4' y='-9'/>
    <tile type='cratered' id='25' x='3' y='-10'/>
    <tile type='cratered' id='35' x='2' y='-11'/>
    <tile type='cratered' id='39' x='1' y='-12'/>
    <tile type='cratered' id='47' x='0' y='-13'/>
    <tile type='cratered' id='52' x='-1' y='-14'/>
    <tile type='cratered' id='32' x='-2' y='-15'/>
    <tile type='cratered' id='49' x='-3' y='-16'/>
    <tile type='cratered' id='24' x='-4' y='-17'/>
    <tile type='cratered' id='34' x='-5' y='-18'/>
    <tile type='cratered' id='32' x='-6' y='-19'/>
    <tile type='cratered' id='42' x='-7' y='-20'/>
    <tile type='cratered' id='42' x='-8' y='-21'/>
    <tile type='cratered' id='29' x='-9' y='-22'/>
    <tile type='cratered' id='35' x='-10' y='-23'/>
    <tile type='cratered' id='26' x='-11' y='-24'/>
    <tile type='cratered' id='41' x='-12' y='-25'/>
    <tile type='cratered' id='50' x='-13' y='-26'/>
    <tile type='cratered' id='21' x='-14' y='-27'/>
    <tile type='cratered' id='42' x='-15' y='-28'/>
    <tile type='cratered' id='24' x='-16' y='-29'/>
    <tile type='cratered' id='39' x='-17' y='-30'/>
    <tile type='cratered' id='36' x='-18' y='-31'/>
    <tile type='cratered' id='38' x='-19' y='-32'/>
    <tile type='cratered' id='40' x='-24' y='-37'/>
    <tile type='cratered' id='39' x='-25' y='-38'/>
    <tile type='cratered' id='29' x='6' y='-8'/>
    <tile type='cratered' id='40' x='5' y='-9'/>
    <tile type='cratered' id='29' x='4' y='-10'/>
    <tile type='cratered' id='51' x='3' y='-11'/>
    <tile type='cratered' id='29' x='2' y='-12'/>
    <tile type='cratered' id='21' x='1' y='-13'/>
    <tile type='cratered' id='41' x='0' y='-14'/>
    <tile type='cratered' id='37' x='-1' y='-15'/>
    <tile type='cratered' id='30' x='-2' y='-16'/>
    <tile type='cratered' id='42' x='-3' y='-17'/>
    <tile type='cratered' id='40' x='-4' y='-18'/>
    <tile type='cratered' id='47' x='-5' y='-19'/>
    <tile type='cratered' id='44' x='-6' y='-20'/>
    <tile type='cratered' id='28' x='-7' y='-21'/>
    <tile type='cratered' id='45' x='-8' y='-22'/>
    <tile type='cratered' id='36' x='-9' y='-23'/>
    <tile type='cratered' id='26' x='-10' y='-24'/>
    <tile type='cratered' id='45' x='-11' y='-25'/>
    <tile type='cratered' id='46' x='-12' y='-26'/>
    <tile type='cratered' id='50' x='-13' y='-27'/>
    <tile type='cratered' id='24' x='-14' y='-28'/>
    <tile type='cratered' id='52' x='-15' y='-29'/>
    <tile type='cratered' id='96' x='-16' y='-30'/>
    <tile type='cratered' id='32' x='-17' y='-31'/>
    <tile type='cratered' id='29' x='-18' y='-32'/>
    <tile type='cratered' id='52' x='-19' y='-33'/>
    <tile type='cratered' id='29' x='-23' y='-37'/>
    <tile type='cratered' id='22' x='-24' y='-38'/>
    <tile type='cratered' id='47' x='-25' y='-39'/>
    <tile type='cratered' id='27' x='7' y='-8'/>
    <tile type='cratered' id='42' x='6' y='-9'/>
    <tile type='cratered' id='28' x='5' y='-10'/>
    <tile type='cratered' id='44' x='4' y='-11'/>
    <tile type='cratered' id='35' x='3' y='-12'/>
    <tile type='cratered' id='51' x='2' y='-13'/>
    <tile type='cratered' id='30' x='1' y='-14'/>
    <tile type='cratered' id='47' x='0' y='-15'/>
    <tile type='cratered' id='29' x='-1' y='-16'/>
    <tile type='cratered' id='40' x='-2' y='-17'/>
    <tile type='cratered' id='25' x='-3' y='-18'/>
    <tile type='cratered' id='29' x='-4' y='-19'/>
    <tile type='cratered' id='35' x='-5' y='-20'/>
    <tile type='cratered' id='46' x='-6' y='-21'/>
    <tile type='cratered' id='27' x='-7' y='-22'/>
    <tile type='cratered' id='22' x='-8' y='-23'/>
    <tile type='cratered' id='47' x='-9' y='-24'/>
    <tile type='cratered' id='28' x='-10' y='-25'/>
    <tile type='cratered' id='41' x='-11' y='-26'/>
    <tile type='cratered' id='26' x='-12' y='-27'/>
    <tile type='cratered' id='48' x='-13' y='-28'/>
    <tile type='cratered' id='41' x='-14' y='-29'/>
    <tile type='cratered' id='26' x='-17' y='-32'/>
    <tile type='cratered' id='31' x='-18' y='-33'/>
    <tile type='cratered' id='46' x='-19' y='-34'/>
    <tile type='cratered' id='34' x='-22' y='-37'/>
    <tile type='cratered' id='28' x='-23' y='-38'/>
    <tile type='cratered' id='50' x='-24' y='-39'/>
    <tile type='cratered' id='32' x='7' y='-9'/>
    <tile type='cratered' id='29' x='6' y='-10'/>
    <tile type='cratered' id='36' x='5' y='-11'/>
    <tile type='cratered' id='38' x='4' y='-12'/>
    <tile type='cratered' id='21' x='3' y='-13'/>
    <tile type='cratered' id='52' x='2' y='-14'/>
    <tile type='cratered' id='30' x='1' y='-15'/>
    <tile type='cratered' id='25' x='0' y='-16'/>
    <tile type='cratered' id='22' x='-1' y='-17'/>
    <tile type='cratered' id='42' x='-2' y='-18'/>
    <tile type='cratered' id='40' x='-3' y='-19'/>
    <tile type='cratered' id='28' x='-4' y='-20'/>
    <tile type='cratered' id='27' x='-5' y='-21'/>
    <tile type='cratered' id='47' x='-6' y='-22'/>
    <tile type='cratered' id='49' x='-7' y='-23'/>
    <tile type='cratered' id='42' x='-8' y='-24'/>
    <tile type='cratered' id='37' x='-9' y='-25'/>
    <tile type='cratered' id='41' x='-10' y='-26'/>
    <tile type='cratered' id='24' x='-11' y='-27'/>
    <tile type='cratered' id='29' x='-12' y='-28'/>
    <tile type='cratered' id='52' x='-13' y='-29'/>
    <tile type='cratered' id='35' x='-14' y='-30'/>
    <tile type='cratered' id='34' x='-17' y='-33'/>
    <tile type='cratered' id='30' x='-18' y='-34'/>
    <tile type='cratered' id='30' x='-19' y='-35'/>
    <tile type='cratered' id='48' x='-21' y='-37'/>
    <tile type='cratered' id='38' x='-22' y='-38'/>
    <tile type='cratered' id='42' x='-23' y='-39'/>
    <tile type='cratered' id='45' x='-24' y='-40'/>
    <tile type='cratered' id='26' x='8' y='-9'/>
    <tile type='cratered' id='28' x='7' y='-10'/>
    <tile type='cratered' id='52' x='6' y='-11'/>
    <tile type='cratered' id='31' x='5' y='-12'/>
    <tile type='cratered' id='28' x='4' y='-13'/>
    <tile type='cratered' id='35' x='3' y='-14'/>
    <tile type='cratered' id='37' x='2' y='-15'/>
    <tile type='cratered' id='33' x='1' y='-16'/>
    <tile type='cratered' id='22' x='0' y='-17'/>
    <tile type='cratered' id='47' x='-1' y='-18'/>
    <tile type='cratered' id='29' x='-2' y='-19'/>
    <tile type='cratered' id='24' x='-3' y='-20'/>
    <tile type='cratered' id='45' x='-4' y='-21'/>
    <tile type='cratered' id='46' x='-5' y='-22'/>
    <tile type='cratered' id='92' x='-6' y='-23'/>
    <tile type='cratered' id='26' x='-7' y='-24'/>
    <tile type='cratered' id='42' x='-8' y='-25'/>
    <tile type='cratered' id='37' x='-9' y='-26'/>
    <tile type='cratered' id='21' x='-10' y='-27'/>
    <tile type='cratered' id='22' x='-11' y='-28'/>
    <tile type='cratered' id='47' x='-12' y='-29'/>
    <tile type='cratered' id='30' x='-13' y='-30'/>
    <tile type='cratered' id='50' x='-14' y='-31'/>
    <tile type='cratered' id='28' x='-17' y='-34'/>
    <tile type='cratered' id='47' x='-18' y='-35'/>
    <tile type='cratered' id='45' x='-19' y='-36'/>
    <tile type='cratered' id='45' x='-20' y='-37'/>
    <tile type='cratered' id='28' x='-21' y='-38'/>
    <tile type='cratered' id='50' x='-22' y='-39'/>
    <tile type='cratered' id='48' x='-23' y='-40'/>
    <tile type='cratered' id='52' x='8' y='-10'/>
    <tile type='cratered' id='42' x='7' y='-11'/>
    <tile type='cratered' id='37' x='6' y='-12'/>
    <tile type='cratered' id='38' x='5' y='-13'/>
    <tile type='cratered' id='32' x='4' y='-14'/>
    <tile type='cratered' id='41' x='3' y='-15'/>
    <tile type='cratered' id='40' x='2' y='-16'/>
    <tile type='cratered' id='48' x='1' y='-17'/>
    <tile type='cratered' id='22' x='0' y='-18'/>
    <tile type='cratered' id='40' x='-1' y='-19'/>
    <tile type='cratered' id='49' x='-2' y='-20'/>
    <tile type='cratered' id='44' x='-3' y='-21'/>
    <tile type='cratered' id='29' x='-4' y='-22'/>
    <tile type='cratered' id='42' x='-7' y='-25'/>
    <tile type='cratered' id='26' x='-8' y='-26'/>
    <tile type='cratered' id='23' x='-9' y='-27'/>
    <tile type='cratered' id='51' x='-10' y='-28'/>
    <tile type='cratered' id='30' x='-11' y='-29'/>
    <tile type='cratered' id='31' x='-12' y='-30'/>
    <tile type='cratered' id='51' x='-13' y='-31'/>
    <tile type='cratered' id='31' x='-14' y='-32'/>
    <tile type='cratered' id='24' x='-16' y='-34'/>
    <tile type='cratered' id='23' x='-17' y='-35'/>
    <tile type='cratered' id='44' x='-18' y='-36'/>
    <tile type='cratered' id='25' x='-19' y='-37'/>
    <tile type='cratered' id='49' x='-20' y='-38'/>
    <tile type='cratered' id='39' x='-21' y='-39'/>
    <tile type='cratered' id='48' x='-22' y='-40'/>
    <tile type='cratered' id='26' x='-23' y='-41'/>
    <tile type='cratered' id='48' x='9' y='-10'/>
    <tile type='cratered' id='39' x='8' y='-11'/>
    <tile type='cratered' id='38' x='7' y='-12'/>
    <tile type='cratered' id='32' x='6' y='-13'/>
    <tile type='cratered' id='22' x='5' y='-14'/>
    <tile type='cratered' id='32' x='4' y='-15'/>
    <tile type='cratered' id='24' x='3' y='-16'/>
    <tile type='cratered' id='37' x='2' y='-17'/>
    <tile type='cratered' id='44' x='1' y='-18'/>
    <tile type='cratered' id='21' x='0' y='-19'/>
    <tile type='cratered' id='41' x='-1' y='-20'/>
    <tile type='cratered' id='22' x='-2' y='-21'/>
    <tile type='cratered' id='33' x='-3' y='-22'/>
    <tile type='cratered' id='42' x='-7' y='-26'/>
    <tile type='cratered' id='47' x='-8' y='-27'/>
    <tile type='cratered' id='24' x='-9' y='-28'/>
    <tile type='cratered' id='34' x='-10' y='-29'/>
    <tile type='cratered' id='48' x='-11' y='-30'/>
    <tile type='cratered' id='32' x='-12' y='-31'/>
    <tile type='cratered' id='29' x='-13' y='-32'/>
    <tile type='cratered' id='50' x='-14' y='-33'/>
    <tile type='cratered' id='31' x='-15' y='-34'/>
    <tile type='cratered' id='44' x='-16' y='-35'/>
    <tile type='cratered' id='28' x='-17' y='-36'/>
    <tile type='cratered' id='25' x='-18' y='-37'/>
    <tile type='cratered' id='35' x='-19' y='-38'/>
    <tile type='cratered' id='33' x='-20' y='-39'/>
    <tile type='cratered' id='46' x='-21' y='-40'/>
    <tile type='cratered' id='28' x='-22' y='-41'/>
    <tile type='cratered' id='40' x='9' y='-11'/>
    <tile type='cratered' id='25' x='8' y='-12'/>
    <tile type='cratered' id='52' x='7' y='-13'/>
    <tile type='cratered' id='41' x='6' y='-14'/>
    <tile type='cratered' id='48' x='5' y='-15'/>
    <tile type='cratered' id='37' x='4' y='-16'/>
    <tile type='cratered' id='28' x='3' y='-17'/>
    <tile type='cratered' id='41' x='2' y='-18'/>
    <tile type='cratered' id='34' x='1' y='-19'/>
    <tile type='cratered' id='44' x='0' y='-20'/>
    <tile type='cratered' id='24' x='-1' y='-21'/>
    <tile type='cratered' id='22' x='-2' y='-22'/>
    <tile type='cratered' id='41' x='-3' y='-23'/>
    <tile type='cratered' id='31' x='-6' y='-26'/>
    <tile type='cratered' id='27' x='-7' y='-27'/>
    <tile type='cratered' id='45' x='-8' y='-28'/>
    <tile type='cratered' id='50' x='-9' y='-29'/>
    <tile type='cratered' id='38' x='-10' y='-30'/>
    <tile type='cratered' id='50' x='-11' y='-31'/>
    <tile type='cratered' id='21' x='-12' y='-32'/>
    <tile type='cratered' id='47' x='-13' y='-33'/>
    <tile type='cratered' id='40' x='-14' y='-34'/>
    <tile type='cratered' id='49' x='-15' y='-35'/>
    <tile type='cratered' id='45' x='-16' y='-36'/>
    <tile type='cratered' id='47' x='-17' y='-37'/>
    <tile type='cratered' id='34' x='-18' y='-38'/>
    <tile type='cratered' id='23' x='-19' y='-39'/>
    <tile type='cratered' id='53' x='-20' y='-40'/>
    <tile type='cratered' id='37' x='-21' y='-41'/>
    <tile type='cratered' id='33' x='-22' y='-42'/>
    <tile type='cratered' id='37' x='10' y='-11'/>
    <tile type='cratered' id='21' x='9' y='-12'/>
    <tile type='cratered' id='34' x='8' y='-13'/>
    <tile type='cratered' id='32' x='7' y='-14'/>
    <tile type='cratered' id='53' x='6' y='-15'/>
    <tile type='cratered' id='48' x='5' y='-16'/>
    <tile type='cratered' id='44' x='4' y='-17'/>
    <tile type='cratered' id='26' x='3' y='-18'/>
    <tile type='cratered' id='34' x='2' y='-19'/>
    <tile type='cratered' id='42' x='1' y='-20'/>
    <tile type='cratered' id='39' x='0' y='-21'/>
    <tile type='cratered' id='28' x='-1' y='-22'/>
    <tile type='cratered' id='47' x='-2' y='-23'/>
    <tile type='cratered' id='33' x='-3' y='-24'/>
    <tile type='cratered' id='48' x='-5' y='-26'/>
    <tile type='cratered' id='51' x='-6' y='-27'/>
    <tile type='cratered' id='35' x='-7' y='-28'/>
    <tile type='cratered' id='24' x='-8' y='-29'/>
    <tile type='cratered' id='43' x='-9' y='-30'/>
    <tile type='cratered' id='34' x='-10' y='-31'/>
    <tile type='cratered' id='30' x='-11' y='-32'/>
    <tile type='cratered' id='25' x='-12' y='-33'/>
    <tile type='cratered' id='40' x='-13' y='-34'/>
    <tile type='cratered' id='43' x='-14' y='-35'/>
    <tile type='cratered' id='50' x='-15' y='-36'/>
    <tile type='cratered' id='43' x='-16' y='-37'/>
    <tile type='cratered' id='47' x='-17' y='-38'/>
    <tile type='cratered' id='23' x='-18' y='-39'/>
    <tile type='cratered' id='30' x='-19' y='-40'/>
    <tile type='cratered' id='38' x='-20' y='-41'/>
    <tile type='cratered' id='45' x='-21' y='-42'/>
    <tile type='cratered' id='40' x='10' y='-12'/>
    <tile type='cratered' id='46' x='9' y='-13'/>
    <tile type='cratered' id='40' x='8' y='-14'/>
    <tile type='cratered' id='44' x='7' y='-15'/>
    <tile type='cratered' id='29' x='6' y='-16'/>
    <tile type='cratered' id='35' x='5' y='-17'/>
    <tile type='cratered' id='40' x='4' y='-18'/>
    <tile type='cratered' id='33' x='3' y='-19'/>
    <tile type='cratered' id='27' x='2' y='-20'/>
    <tile type='cratered' id='30' x='1' y='-21'/>
    <tile type='cratered' id='44' x='0' y='-22'/>
    <tile type='cratered' id='29' x='-1' y='-23'/>
    <tile type='cratered' id='22' x='-2' y='-24'/>
    <tile type='cratered' id='21' x='-3' y='-25'/>
    <tile type='cratered' id='44' x='-4' y='-26'/>
    <tile type='cratered' id='40' x='-5' y='-27'/>
    <tile type='cratered' id='49' x='-6' y='-28'/>
    <tile type='cratered' id='53' x='-7' y='-29'/>
    <tile type='cratered' id='42' x='-8' y='-30'/>
    <tile type='cratered' id='28' x='-9' y='-31'/>
    <tile type='cratered' id='22' x='-10' y='-32'/>
    <tile type='cratered' id='37' x='-11' y='-33'/>
    <tile type='cratered' id='37' x='-12' y='-34'/>
    <tile type='cratered' id='32' x='-13' y='-35'/>
    <tile type='cratered' id='44' x='-14' y='-36'/>
    <tile type='cratered' id='42' x='-15' y='-37'/>
    <tile type='cratered' id='41' x='-16' y='-38'/>
    <tile type='cratered' id='40' x='-17' y='-39'/>
    <tile type='cratered' id='29' x='-18' y='-40'/>
    <tile type='cratered' id='30' x='-19' y='-41'/>
    <tile type='cratered' id='24' x='-20' y='-42'/>
    <tile type='cratered' id='35' x='-21' y='-43'/>
    <tile type='cratered' id='29' x='11' y='-12'/>
    <tile type='cratered' id='35' x='10' y='-13'/>
    <tile type='cratered' id='24' x='9' y='-14'/>
    <tile type='cratered' id='41' x='8' y='-15'/>
    <tile type='cratered' id='40' x='7' y='-16'/>
    <tile type='cratered' id='30' x='6' y='-17'/>
    <tile type='cratered' id='41' x='5' y='-18'/>
    <tile type='cratered' id='34' x='4' y='-19'/>
    <tile type='cratered' id='47' x='3' y='-20'/>
    <tile type='cratered' id='23' x='2' y='-21'/>
    <tile type='cratered' id='29' x='1' y='-22'/>
    <tile type='cratered' id='44' x='0' y='-23'/>
    <tile type='cratered' id='31' x='-1' y='-24'/>
    <tile type='cratered' id='24' x='-2' y='-25'/>
    <tile type='cratered' id='21' x='-3' y='-26'/>
    <tile type='cratered' id='32' x='-4' y='-27'/>
    <tile type='cratered' id='48' x='-5' y='-28'/>
    <tile type='cratered' id='21' x='-6' y='-29'/>
    <tile type='cratered' id='34' x='-7' y='-30'/>
    <tile type='cratered' id='22' x='-8' y='-31'/>
    <tile type='cratered' id='36' x='-9' y='-32'/>
    <tile type='cratered' id='39' x='-10' y='-33'/>
    <tile type='cratered' id='27' x='-11' y='-34'/>
    <tile type='cratered' id='47' x='-12' y='-35'/>
    <tile type='cratered' id='21' x='-13' y='-36'/>
    <tile type='cratered' id='50' x='-14' y='-37'/>
    <tile type='cratered' id='28' x='-15' y='-38'/>
    <tile type='cratered' id='28' x='-16' y='-39'/>
    <tile type='cratered' id='52' x='-17' y='-40'/>
    <tile type='cratered' id='52' x='-18' y='-41'/>
    <tile type='cratered' id='95' x='-19' y='-42'/>
    <tile type='cratered' id='28' x='-20' y='-43'/>
    <tile type='cratered' id='21' x='11' y='-13'/>
    <tile type='cratered' id='50' x='10' y='-14'/>
    <tile type='cratered' id='31' x='9' y='-15'/>
    <tile type='cratered' id='22' x='8' y='-16'/>
    <tile type='cratered' id='24' x='7' y='-17'/>
    <tile type='cratered' id='30' x='6' y='-18'/>
    <tile type='cratered' id='30' x='5' y='-19'/>
    <tile type='cratered' id='21' x='4' y='-20'/>
    <tile type='cratered' id='40' x='3' y='-21'/>
    <tile type='cratered' id='27' x='2' y='-22'/>
    <tile type='cratered' id='42' x='1' y='-23'/>
    <tile type='cratered' id='26' x='0' y='-24'/>
    <tile type='cratered' id='37' x='-1' y='-25'/>
    <tile type='cratered' id='42' x='-2' y='-26'/>
    <tile type='cratered' id='29' x='-3' y='-27'/>
    <tile type='cratered' id='36' x='-4' y='-28'/>
    <tile type='cratered' id='28' x='-5' y='-29'/>
    <tile type='cratered' id='28' x='-6' y='-30'/>
    <tile type='cratered' id='36' x='-7' y='-31'/>
    <tile type='cratered' id='22' x='-8' y='-32'/>
    <tile type='cratered' id='49' x='-9' y='-33'/>
    <tile type='cratered' id='21' x='-10' y='-34'/>
    <tile type='cratered' id='51' x='-11' y='-35'/>
    <tile type='cratered' id='43' x='-12' y='-36'/>
    <tile type='cratered' id='29' x='-13' y='-37'/>
    <tile type='cratered' id='24' x='-14' y='-38'/>
    <tile type='cratered' id='32' x='-15' y='-39'/>
    <tile type='cratered' id='23' x='-16' y='-40'/>
    <tile type='cratered' id='24' x='-17' y='-41'/>
    <tile type='cratered' id='40' x='-20' y='-44'/>
    <tile type='cratered' id='52' x='12' y='-13'/>
    <tile type='cratered' id='53' x='11' y='-14'/>
    <tile type='cratered' id='24' x='10' y='-15'/>
    <tile type='cratered' id='24' x='9' y='-16'/>
    <tile type='cratered' id='48' x='8' y='-17'/>
    <tile type='cratered' id='22' x='7' y='-18'/>
    <tile type='cratered' id='21' x='6' y='-19'/>
    <tile type='cratered' id='49' x='5' y='-20'/>
    <tile type='cratered' id='49' x='4' y='-21'/>
    <tile type='cratered' id='36' x='3' y='-22'/>
    <tile type='cratered' id='30' x='2' y='-23'/>
    <tile type='cratered' id='40' x='1' y='-24'/>
    <tile type='cratered' id='28' x='0' y='-25'/>
    <tile type='cratered' id='27' x='-1' y='-26'/>
    <tile type='cratered' id='24' x='-2' y='-27'/>
    <tile type='cratered' id='52' x='-3' y='-28'/>
    <tile type='cratered' id='26' x='-4' y='-29'/>
    <tile type='cratered' id='47' x='-5' y='-30'/>
    <tile type='cratered' id='38' x='-6' y='-31'/>
    <tile type='cratered' id='48' x='-7' y='-32'/>
    <tile type='cratered' id='48' x='-8' y='-33'/>
    <tile type='cratered' id='24' x='-9' y='-34'/>
    <tile type='cratered' id='47' x='-10' y='-35'/>
    <tile type='cratered' id='39' x='-11' y='-36'/>
    <tile type='cratered' id='34' x='-12' y='-37'/>
    <tile type='cratered' id='52' x='-13' y='-38'/>
    <tile type='cratered' id='36' x='-14' y='-39'/>
    <tile type='cratered' id='42' x='-15' y='-40'/>
    <tile type='cratered' id='37' x='-16' y='-41'/>
    <tile type='cratered' id='37' x='12' y='-14'/>
    <tile type='cratered' id='26' x='11' y='-15'/>
    <tile type='cratered' id='42' x='10' y='-16'/>
    <tile type='cratered' id='53' x='9' y='-17'/>
    <tile type='cratered' id='26' x='8' y='-18'/>
    <tile type='cratered' id='25' x='7' y='-19'/>
    <tile type='cratered' id='85' x='6' y='-20'/>
    <tile type='cratered' id='26' x='5' y='-21'/>
    <tile type='cratered' id='51' x='4' y='-22'/>
    <tile type='cratered' id='45' x='3' y='-23'/>
    <tile type='cratered' id='35' x='2' y='-24'/>
    <tile type='cratered' id='45' x='1' y='-25'/>
    <tile type='cratered' id='22' x='0' y='-26'/>
    <tile type='cratered' id='23' x='-1' y='-27'/>
    <tile type='cratered' id='26' x='-2' y='-28'/>
    <tile type='cratered' id='53' x='-3' y='-29'/>
    <tile type='cratered' id='45' x='-4' y='-30'/>
    <tile type='cratered' id='36' x='-5' y='-31'/>
    <tile type='cratered' id='24' x='-6' y='-32'/>
    <tile type='cratered' id='48' x='-7' y='-33'/>
    <tile type='cratered' id='41' x='-8' y='-34'/>
    <tile type='cratered' id='48' x='-9' y='-35'/>
    <tile type='cratered' id='50' x='-10' y='-36'/>
    <tile type='cratered' id='44' x='-11' y='-37'/>
    <tile type='cratered' id='43' x='-12' y='-38'/>
    <tile type='cratered' id='27' x='-13' y='-39'/>
    <tile type='cratered' id='48' x='-14' y='-40'/>
    <tile type='cratered' id='31' x='-15' y='-41'/>
    <tile type='cratered' id='52' x='-19' y='-45'/>
    <tile type='cratered' id='53' x='13' y='-14'/>
    <tile type='cratered' id='31' x='12' y='-15'/>
    <tile type='cratered' id='41' x='11' y='-16'/>
    <tile type='cratered' id='33' x='10' y='-17'/>
    <tile type='cratered' id='21' x='9' y='-18'/>
    <tile type='cratered' id='52' x='8' y='-19'/>
    <tile type='cratered' id='44' x='5' y='-22'/>
    <tile type='cratered' id='29' x='4' y='-23'/>
    <tile type='cratered' id='32' x='3' y='-24'/>
    <tile type='cratered' id='53' x='2' y='-25'/>
    <tile type='cratered' id='23' x='1' y='-26'/>
    <tile type='cratered' id='23' x='0' y='-27'/>
    <tile type='cratered' id='42' x='-1' y='-28'/>
    <tile type='cratered' id='28' x='-2' y='-29'/>
    <tile type='cratered' id='41' x='-3' y='-30'/>
    <tile type='cratered' id='40' x='-4' y='-31'/>
    <tile type='cratered' id='40' x='-5' y='-32'/>
    <tile type='cratered' id='23' x='-6' y='-33'/>
    <tile type='cratered' id='35' x='-7' y='-34'/>
    <tile type='cratered' id='40' x='-8' y='-35'/>
    <tile type='cratered' id='47' x='-9' y='-36'/>
    <tile type='cratered' id='32' x='-10' y='-37'/>
    <tile type='cratered' id='39' x='-11' y='-38'/>
    <tile type='cratered' id='29' x='-12' y='-39'/>
    <tile type='cratered' id='31' x='-13' y='-40'/>
    <tile type='cratered' id='41' x='-14' y='-41'/>
    <tile type='cratered' id='40' x='-15' y='-42'/>
    <tile type='cratered' id='30' x='-18' y='-45'/>
    <tile type='cratered' id='52' x='13' y='-15'/>
    <tile type='cratered' id='53' x='12' y='-16'/>
    <tile type='cratered' id='41' x='11' y='-17'/>
    <tile type='cratered' id='36' x='10' y='-18'/>
    <tile type='cratered' id='24' x='9' y='-19'/>
    <tile type='cratered' id='47' x='8' y='-20'/>
    <tile type='cratered' id='45' x='6' y='-22'/>
    <tile type='cratered' id='38' x='5' y='-23'/>
    <tile type='cratered' id='41' x='4' y='-24'/>
    <tile type='cratered' id='31' x='3' y='-25'/>
    <tile type='cratered' id='51' x='2' y='-26'/>
    <tile type='cratered' id='23' x='1' y='-27'/>
    <tile type='cratered' id='34' x='0' y='-28'/>
    <tile type='cratered' id='37' x='-1' y='-29'/>
    <tile type='cratered' id='21' x='-2' y='-30'/>
    <tile type='cratered' id='36' x='-3' y='-31'/>
    <tile type='cratered' id='48' x='-4' y='-32'/>
    <tile type='cratered' id='26' x='-5' y='-33'/>
    <tile type='cratered' id='37' x='-6' y='-34'/>
    <tile type='cratered' id='30' x='-7' y='-35'/>
    <tile type='cratered' id='42' x='-8' y='-36'/>
    <tile type='cratered' id='24' x='-9' y='-37'/>
    <tile type='cratered' id='25' x='-10' y='-38'/>
    <tile type='cratered' id='45' x='-11' y='-39'/>
    <tile type='cratered' id='38' x='-12' y='-40'/>
    <tile type='cratered' id='52' x='-13' y='-41'/>
    <tile type='cratered' id='30' x='-14' y='-42'/>
    <tile type='cratered' id='45' x='-15' y='-43'/>
    <tile type='cratered' id='45' x='-17' y='-45'/>
    <tile type='cratered' id='37' x='-18' y='-46'/>
    <tile type='cratered' id='37' x='14' y='-15'/>
    <tile type='cratered' id='25' x='13' y='-16'/>
    <tile type='cratered' id='43' x='12' y='-17'/>
    <tile type='cratered' id='43' x='11' y='-18'/>
    <tile type='cratered' id='30' x='10' y='-19'/>
    <tile type='cratered' id='51' x='9' y='-20'/>
    <tile type='cratered' id='39' x='8' y='-21'/>
    <tile type='cratered' id='21' x='7' y='-22'/>
    <tile type='cratered' id='27' x='6' y='-23'/>
    <tile type='cratered' id='45' x='5' y='-24'/>
    <tile type='cratered' id='48' x='4' y='-25'/>
    <tile type='cratered' id='51' x='3' y='-26'/>
    <tile type='cratered' id='46' x='2' y='-27'/>
    <tile type='cratered' id='52' x='1' y='-28'/>
    <tile type='cratered' id='52' x='0' y='-29'/>
    <tile type='cratered' id='24' x='-1' y='-30'/>
    <tile type='cratered' id='39' x='-2' y='-31'/>
    <tile type='cratered' id='53' x='-3' y='-32'/>
    <tile type='cratered' id='28' x='-4' y='-33'/>
    <tile type='cratered' id='48' x='-5' y='-34'/>
    <tile type='cratered' id='39' x='-6' y='-35'/>
    <tile type='cratered' id='31' x='-7' y='-36'/>
    <tile type='cratered' id='45' x='-8' y='-37'/>
    <tile type='cratered' id='30' x='-9' y='-38'/>
    <tile type='cratered' id='29' x='-10' y='-39'/>
    <tile type='cratered' id='50' x='-11' y='-40'/>
    <tile type='cratered' id='36' x='-12' y='-41'/>
    <tile type='cratered' id='28' x='-13' y='-42'/>
    <tile type='cratered' id='49' x='-14' y='-43'/>
    <tile type='cratered' id='46' x='-15' y='-44'/>
    <tile type='cratered' id='40' x='-16' y='-45'/>
    <tile type='cratered' id='45' x='-17' y='-46'/>
    <tile type='cratered' id='34' x='14' y='-16'/>
    <tile type='cratered' id='52' x='13' y='-17'/>
    <tile type='cratered' id='34' x='12' y='-18'/>
    <tile type='cratered' id='46' x='11' y='-19'/>
    <tile type='cratered' id='52' x='10' y='-20'/>
    <tile type='cratered' id='26' x='9' y='-21'/>
    <tile type='cratered' id='45' x='8' y='-22'/>
    <tile type='cratered' id='24' x='7' y='-23'/>
    <tile type='cratered' id='23' x='6' y='-24'/>
    <tile type='cratered' id='25' x='5' y='-25'/>
    <tile type='cratered' id='39' x='4' y='-26'/>
    <tile type='cratered' id='35' x='3' y='-27'/>
    <tile type='cratered' id='33' x='2' y='-28'/>
    <tile type='cratered' id='51' x='1' y='-29'/>
    <tile type='cratered' id='26' x='0' y='-30'/>
    <tile type='cratered' id='23' x='-1' y='-31'/>
    <tile type='cratered' id='46' x='-2' y='-32'/>
    <tile type='cratered' id='22' x='-3' y='-33'/>
    <tile type='cratered' id='31' x='-4' y='-34'/>
    <tile type='cratered' id='22' x='-5' y='-35'/>
    <tile type='cratered' id='40' x='-6' y='-36'/>
    <tile type='cratered' id='34' x='-7' y='-37'/>
    <tile type='cratered' id='29' x='-8' y='-38'/>
    <tile type='cratered' id='53' x='-9' y='-39'/>
    <tile type='cratered' id='82' x='-10' y='-40'/>
    <tile type='cratered' id='39' x='-11' y='-41'/>
    <tile type='cratered' id='47' x='-12' y='-42'/>
    <tile type='cratered' id='34' x='-13' y='-43'/>
    <tile type='cratered' id='51' x='-14' y='-44'/>
    <tile type='cratered' id='35' x='-15' y='-45'/>
    <tile type='cratered' id='34' x='-16' y='-46'/>
    <tile type='cratered' id='29' x='-17' y='-47'/>
    <tile type='cratered' id='50' x='15' y='-16'/>
    <tile type='cratered' id='33' x='14' y='-17'/>
    <tile type='cratered' id='36' x='13' y='-18'/>
    <tile type='cratered' id='34' x='12' y='-19'/>
    <tile type='cratered' id='47' x='11' y='-20'/>
    <tile type='cratered' id='50' x='10' y='-21'/>
    <tile type='cratered' id='39' x='9' y='-22'/>
    <tile type='cratered' id='36' x='8' y='-23'/>
    <tile type='cratered' id='37' x='7' y='-24'/>
    <tile type='cratered' id='25' x='6' y='-25'/>
    <tile type='cratered' id='35' x='5' y='-26'/>
    <tile type='cratered' id='42' x='4' y='-27'/>
    <tile type='cratered' id='45' x='3' y='-28'/>
    <tile type='cratered' id='39' x='2' y='-29'/>
    <tile type='cratered' id='48' x='1' y='-30'/>
    <tile type='cratered' id='24' x='0' y='-31'/>
    <tile type='cratered' id='40' x='-1' y='-32'/>
    <tile type='cratered' id='25' x='-2' y='-33'/>
    <tile type='cratered' id='50' x='-3' y='-34'/>
    <tile type='cratered' id='46' x='-4' y='-35'/>
    <tile type='cratered' id='36' x='-5' y='-36'/>
    <tile type='cratered' id='27' x='-6' y='-37'/>
    <tile type='cratered' id='39' x='-7' y='-38'/>
    <tile type='cratered' id='39' x='-8' y='-39'/>
    <tile type='cratered' id='25' x='-11' y='-42'/>
    <tile type='cratered' id='53' x='-12' y='-43'/>
    <tile type='cratered' id='48' x='-13' y='-44'/>
    <tile type='cratered' id='48' x='-14' y='-45'/>
    <tile type='cratered' id='46' x='-15' y='-46'/>
    <tile type='cratered' id='26' x='-16' y='-47'/>
    <tile type='cratered' id='49' x='15' y='-17'/>
    <tile type='cratered' id='47' x='14' y='-18'/>
    <tile type='cratered' id='38' x='13' y='-19'/>
    <tile type='cratered' id='53' x='12' y='-20'/>
    <tile type='cratered' id='21' x='11' y='-21'/>
    <tile type='cratered' id='22' x='10' y='-22'/>
    <tile type='cratered' id='31' x='9' y='-23'/>
    <tile type='cratered' id='48' x='8' y='-24'/>
    <tile type='cratered' id='26' x='7' y='-25'/>
    <tile type='cratered' id='53' x='6' y='-26'/>
    <tile type='cratered' id='21' x='5' y='-27'/>
    <tile type='cratered' id='35' x='4' y='-28'/>
    <tile type='cratered' id='34' x='3' y='-29'/>
    <tile type='cratered' id='40' x='2' y='-30'/>
    <tile type='cratered' id='46' x='1' y='-31'/>
    <tile type='cratered' id='48' x='0' y='-32'/>
    <tile type='cratered' id='48' x='-1' y='-33'/>
    <tile type='cratered' id='25' x='-2' y='-34'/>
    <tile type='cratered' id='53' x='-3' y='-35'/>
    <tile type='cratered' id='37' x='-4' y='-36'/>
    <tile type='cratered' id='50' x='-5' y='-37'/>
    <tile type='cratered' id='21' x='-6' y='-38'/>
    <tile type='cratered' id='34' x='-7' y='-39'/>
    <tile type='cratered' id='40' x='-8' y='-40'/>
    <tile type='cratered' id='47' x='-10' y='-42'/>
    <tile type='cratered' id='50' x='-11' y='-43'/>
    <tile type='cratered' id='50' x='-12' y='-44'/>
    <tile type='cratered' id='35' x='-13' y='-45'/>
    <tile type='cratered' id='44' x='-14' y='-46'/>
    <tile type='cratered' id='39' x='-15' y='-47'/>
    <tile type='cratered' id='31' x='-16' y='-48'/>
    <tile type='cratered' id='38' x='16' y='-17'/>
    <tile type='cratered' id='51' x='15' y='-18'/>
    <tile type='cratered' id='36' x='14' y='-19'/>
    <tile type='cratered' id='47' x='13' y='-20'/>
    <tile type='cratered' id='29' x='12' y='-21'/>
    <tile type='cratered' id='28' x='11' y='-22'/>
    <tile type='cratered' id='28' x='10' y='-23'/>
    <tile type='cratered' id='30' x='9' y='-24'/>
    <tile type='cratered' id='40' x='8' y='-25'/>
    <tile type='cratered' id='52' x='7' y='-26'/>
    <tile type='cratered' id='30' x='6' y='-27'/>
    <tile type='cratered' id='26' x='5' y='-28'/>
    <tile type='cratered' id='33' x='4' y='-29'/>
    <tile type='cratered' id='45' x='3' y='-30'/>
    <tile type='cratered' id='50' x='2' y='-31'/>
    <tile type='cratered' id='31' x='1' y='-32'/>
    <tile type='cratered' id='53' x='0' y='-33'/>
    <tile type='cratered' id='40' x='-1' y='-34'/>
    <tile type='cratered' id='30' x='-2' y='-35'/>
    <tile type='cratered' id='94' x='-3' y='-36'/>
    <tile type='cratered' id='40' x='-4' y='-37'/>
    <tile type='cratered' id='25' x='-5' y='-38'/>
    <tile type='cratered' id='43' x='-6' y='-39'/>
    <tile type='cratered' id='34' x='-7' y='-40'/>
    <tile type='cratered' id='38' x='-8' y='-41'/>
    <tile type='cratered' id='21' x='-9' y='-42'/>
    <tile type='cratered' id='53' x='-10' y='-43'/>
    <tile type='cratered' id='53' x='-11' y='-44'/>
    <tile type='cratered' id='42' x='-12' y='-45'/>
    <tile type='cratered' id='51' x='-13' y='-46'/>
    <tile type='cratered' id='38' x='-14' y='-47'/>
    <tile type='cratered' id='53' x='-15' y='-48'/>
    <tile type='cratered' id='33' x='16' y='-18'/>
    <tile type='cratered' id='28' x='15' y='-19'/>
    <tile type='cratered' id='31' x='14' y='-20'/>
    <tile type='cratered' id='26' x='13' y='-21'/>
    <tile type='cratered' id='24' x='12' y='-22'/>
    <tile type='cratered' id='24' x='11' y='-23'/>
    <tile type='cratered' id='37' x='10' y='-24'/>
    <tile type='cratered' id='21' x='9' y='-25'/>
    <tile type='cratered' id='24' x='8' y='-26'/>
    <tile type='cratered' id='47' x='7' y='-27'/>
    <tile type='cratered' id='34' x='6' y='-28'/>
    <tile type='cratered' id='36' x='5' y='-29'/>
    <tile type='cratered' id='33' x='4' y='-30'/>
    <tile type='cratered' id='27' x='3' y='-31'/>
    <tile type='cratered' id='42' x='2' y='-32'/>
    <tile type='cratered' id='21' x='1' y='-33'/>
    <tile type='cratered' id='27' x='0' y='-34'/>
    <tile type='cratered' id='50' x='-1' y='-35'/>
    <tile type='cratered' id='34' x='-4' y='-38'/>
    <tile type='cratered' id='21' x='-5' y='-39'/>
    <tile type='cratered' id='50' x='-6' y='-40'/>
    <tile type='cratered' id='39' x='-7' y='-41'/>
    <tile type='cratered' id='47' x='-8' y='-42'/>
    <tile type='cratered' id='42' x='-9' y='-43'/>
    <tile type='cratered' id='34' x='-10' y='-44'/>
    <tile type='cratered' id='34' x='-11' y='-45'/>
    <tile type='cratered' id='33' x='-12' y='-46'/>
    <tile type='cratered' id='21' x='-13' y='-47'/>
    <tile type='cratered' id='84' x='-14' y='-48'/>
    <tile type='cratered' id='35' x='-15' y='-49'/>
    <tile type='cratered' id='37' x='17' y='-18'/>
    <tile type='cratered' id='45' x='16' y='-19'/>
    <tile type='cratered' id='23' x='15' y='-20'/>
    <tile type='cratered' id='22' x='14' y='-21'/>
    <tile type='cratered' id='23' x='13' y='-22'/>
    <tile type='cratered' id='52' x='12' y='-23'/>
    <tile type='cratered' id='89' x='11' y='-24'/>
    <tile type='cratered' id='37' x='10' y='-25'/>
    <tile type='cratered' id='47' x='9' y='-26'/>
    <tile type='cratered' id='24' x='8' y='-27'/>
    <tile type='cratered' id='32' x='7' y='-28'/>
    <tile type='cratered' id='25' x='6' y='-29'/>
    <tile type='cratered' id='36' x='5' y='-30'/>
    <tile type='cratered' id='27' x='4' y='-31'/>
    <tile type='cratered' id='53' x='3' y='-32'/>
    <tile type='cratered' id='43' x='2' y='-33'/>
    <tile type='cratered' id='42' x='1' y='-34'/>
    <tile type='cratered' id='35' x='0' y='-35'/>
    <tile type='cratered' id='39' x='-4' y='-39'/>
    <tile type='cratered' id='37' x='-5' y='-40'/>
    <tile type='cratered' id='22' x='-6' y='-41'/>
    <tile type='cratered' id='46' x='-7' y='-42'/>
    <tile type='cratered' id='51' x='-8' y='-43'/>
    <tile type='cratered' id='23' x='-9' y='-44'/>
    <tile type='cratered' id='29' x='-10' y='-45'/>
    <tile type='cratered' id='37' x='-11' y='-46'/>
    <tile type='cratered' id='40' x='-12' y='-47'/>
    <tile type='cratered' id='40' x='17' y='-19'/>
    <tile type='cratered' id='32' x='16' y='-20'/>
    <tile type='cratered' id='35' x='15' y='-21'/>
    <tile type='cratered' id='23' x='14' y='-22'/>
    <tile type='cratered' id='25' x='13' y='-23'/>
    <tile type='cratered' id='29' x='10' y='-26'/>
    <tile type='cratered' id='33' x='9' y='-27'/>
    <tile type='cratered' id='45' x='8' y='-28'/>
    <tile type='cratered' id='49' x='7' y='-29'/>
    <tile type='cratered' id='39' x='6' y='-30'/>
    <tile type='cratered' id='40' x='5' y='-31'/>
    <tile type='cratered' id='51' x='4' y='-32'/>
    <tile type='cratered' id='25' x='3' y='-33'/>
    <tile type='cratered' id='24' x='2' y='-34'/>
    <tile type='cratered' id='30' x='1' y='-35'/>
    <tile type='cratered' id='50' x='0' y='-36'/>
    <tile type='cratered' id='24' x='-3' y='-39'/>
    <tile type='cratered' id='24' x='-4' y='-40'/>
    <tile type='cratered' id='45' x='-5' y='-41'/>
    <tile type='cratered' id='35' x='-6' y='-42'/>
    <tile type='cratered' id='21' x='-7' y='-43'/>
    <tile type='cratered' id='51' x='-8' y='-44'/>
    <tile type='cratered' id='26' x='-9' y='-45'/>
    <tile type='cratered' id='53' x='-10' y='-46'/>
    <tile type='cratered' id='34' x='-11' y='-47'/>
    <tile type='cratered' id='29' x='-12' y='-48'/>
    <tile type='cratered' id='33' x='-14' y='-50'/>
    <tile type='cratered' id='47' x='18' y='-19'/>
    <tile type='cratered' id='50' x='17' y='-20'/>
    <tile type='cratered' id='27' x='16' y='-21'/>
    <tile type='cratered' id='45' x='15' y='-22'/>
    <tile type='cratered' id='25' x='14' y='-23'/>
    <tile type='cratered' id='42' x='11' y='-26'/>
    <tile type='cratered' id='44' x='10' y='-27'/>
    <tile type='cratered' id='40' x='9' y='-28'/>
    <tile type='cratered' id='43' x='8' y='-29'/>
    <tile type='cratered' id='42' x='7' y='-30'/>
    <tile type='cratered' id='24' x='6' y='-31'/>
    <tile type='cratered' id='51' x='5' y='-32'/>
    <tile type='cratered' id='22' x='4' y='-33'/>
    <tile type='cratered' id='43' x='3' y='-34'/>
    <tile type='cratered' id='53' x='2' y='-35'/>
    <tile type='cratered' id='27' x='1' y='-36'/>
    <tile type='cratered' id='44' x='0' y='-37'/>
    <tile type='cratered' id='36' x='-2' y='-39'/>
    <tile type='cratered' id='27' x='-3' y='-40'/>
    <tile type='cratered' id='53' x='-4' y='-41'/>
    <tile type='cratered' id='33' x='-5' y='-42'/>
    <tile type='cratered' id='40' x='-6' y='-43'/>
    <tile type='cratered' id='52' x='-7' y='-44'/>
    <tile type='cratered' id='44' x='-8' y='-45'/>
    <tile type='cratered' id='42' x='-9' y='-46'/>
    <tile type='cratered' id='83' x='-10' y='-47'/>
    <tile type='cratered' id='37' x='-11' y='-48'/>
    <tile type='cratered' id='41' x='-12' y='-49'/>
    <tile type='cratered' id='30' x='-13' y='-50'/>
    <tile type='cratered' id='32' x='18' y='-20'/>
    <tile type='cratered' id='50' x='17' y='-21'/>
    <tile type='cratered' id='43' x='16' y='-22'/>
    <tile type='cratered' id='24' x='15' y='-23'/>
    <tile type='cratered' id='26' x='14' y='-24'/>
    <tile type='cratered' id='38' x='12' y='-26'/>
    <tile type='cratered' id='37' x='11' y='-27'/>
    <tile type='cratered' id='39' x='10' y='-28'/>
    <tile type='cratered' id='29' x='9' y='-29'/>
    <tile type='cratered' id='37' x='8' y='-30'/>
    <tile type='cratered' id='22' x='7' y='-31'/>
    <tile type='cratered' id='43' x='6' y='-32'/>
    <tile type='cratered' id='40' x='5' y='-33'/>
    <tile type='cratered' id='52' x='4' y='-34'/>
    <tile type='cratered' id='34' x='3' y='-35'/>
    <tile type='cratered' id='39' x='2' y='-36'/>
    <tile type='cratered' id='37' x='1' y='-37'/>
    <tile type='cratered' id='26' x='0' y='-38'/>
    <tile type='cratered' id='49' x='-1' y='-39'/>
    <tile type='cratered' id='51' x='-2' y='-40'/>
    <tile type='cratered' id='53' x='-3' y='-41'/>
    <tile type='cratered' id='53' x='-4' y='-42'/>
    <tile type='cratered' id='48' x='-5' y='-43'/>
    <tile type='cratered' id='43' x='-6' y='-44'/>
    <tile type='cratered' id='25' x='-7' y='-45'/>
    <tile type='cratered' id='47' x='-8' y='-46'/>
    <tile type='cratered' id='45' x='-11' y='-49'/>
    <tile type='cratered' id='32' x='-12' y='-50'/>
    <tile type='cratered' id='24' x='-13' y='-51'/>
    <tile type='cratered' id='44' x='19' y='-20'/>
    <tile type='cratered' id='27' x='18' y='-21'/>
    <tile type='cratered' id='32' x='17' y='-22'/>
    <tile type='cratered' id='52' x='16' y='-23'/>
    <tile type='cratered' id='43' x='15' y='-24'/>
    <tile type='cratered' id='52' x='14' y='-25'/>
    <tile type='cratered' id='39' x='13' y='-26'/>
    <tile type='cratered' id='32' x='12' y='-27'/>
    <tile type='cratered' id='52' x='11' y='-28'/>
    <tile type='cratered' id='37' x='10' y='-29'/>
    <tile type='cratered' id='37' x='9' y='-30'/>
    <tile type='cratered' id='29' x='8' y='-31'/>
    <tile type='cratered' id='21' x='7' y='-32'/>
    <tile type='cratered' id='42' x='6' y='-33'/>
    <tile type='cratered' id='52' x='5' y='-34'/>
    <tile type='cratered' id='44' x='4' y='-35'/>
    <tile type='cratered' id='39' x='3' y='-36'/>
    <tile type='cratered' id='36' x='2' y='-37'/>
    <tile type='cratered' id='49' x='1' y='-38'/>
    <tile type='cratered' id='42' x='0' y='-39'/>
    <tile type='cratered' id='31' x='-1' y='-40'/>
    <tile type='cratered' id='22' x='-2' y='-41'/>
    <tile type='cratered' id='45' x='-3' y='-42'/>
    <tile type='cratered' id='46' x='-4' y='-43'/>
    <tile type='cratered' id='21' x='-5' y='-44'/>
    <tile type='cratered' id='37' x='-6' y='-45'/>
    <tile type='cratered' id='41' x='-7' y='-46'/>
    <tile type='cratered' id='51' x='-8' y='-47'/>
    <tile type='cratered' id='34' x='-10' y='-49'/>
    <tile type='cratered' id='36' x='-11' y='-50'/>
    <tile type='cratered' id='34' x='-12' y='-51'/>
    <tile type='cratered' id='44' x='19' y='-21'/>
    <tile type='cratered' id='23' x='18' y='-22'/>
    <tile type='cratered' id='35' x='17' y='-23'/>
    <tile type='cratered' id='34' x='16' y='-24'/>
    <tile type='cratered' id='22' x='15' y='-25'/>
    <tile type='cratered' id='45' x='14' y='-26'/>
    <tile type='cratered' id='44' x='13' y='-27'/>
    <tile type='cratered' id='43' x='12' y='-28'/>
    <tile type='cratered' id='28' x='11' y='-29'/>
    <tile type='cratered' id='38' x='10' y='-30'/>
    <tile type='cratered' id='45' x='9' y='-31'/>
    <tile type='cratered' id='49' x='8' y='-32'/>
    <tile type='cratered' id='39' x='7' y='-33'/>
    <tile type='cratered' id='43' x='6' y='-34'/>
    <tile type='cratered' id='46' x='5' y='-35'/>
    <tile type='cratered' id='47' x='4' y='-36'/>
    <tile type='cratered' id='27' x='3' y='-37'/>
    <tile type='cratered' id='29' x='2' y='-38'/>
    <tile type='cratered' id='35' x='1' y='-39'/>
    <tile type='cratered' id='22' x='0' y='-40'/>
    <tile type='cratered' id='21' x='-1' y='-41'/>
    <tile type='cratered' id='42' x='-2' y='-42'/>
    <tile type='cratered' id='45' x='-3' y='-43'/>
    <tile type='cratered' id='32' x='-4' y='-44'/>
    <tile type='cratered' id='43' x='-5' y='-45'/>
    <tile type='cratered' id='27' x='-6' y='-46'/>
    <tile type='cratered' id='32' x='-7' y='-47'/>
    <tile type='cratered' id='32' x='-8' y='-48'/>
    <tile type='cratered' id='41' x='-9' y='-49'/>
    <tile type='cratered' id='29' x='-10' y='-50'/>
    <tile type='cratered' id='34' x='-11' y='-51'/>
    <tile type='cratered' id='24' x='-12' y='-52'/>
    <tile type='cratered' id='22' x='0' y='0'/>
    <tile type='cratered' id='22' x='1' y='-1'/>
    <tile type='cratered' id='22' x='2' y='-2'/>
    <tile type='cratered' id='22' x='3' y='-3'/>
    <tile type='cratered' id='22' x='4' y='-4'/>
    <tile type='cratered' id='22' x='5' y='-5'/>
    <tile type='cratered' id='22' x='6' y='-6'/>
    <tile type='cratered' id='22' x='7' y='-7'/>
    <tile type='cratered' id='22' x='8' y='-8'/>
    <tile type='cratered' id='22' x='9' y='-9'/>
    <tile type='cratered' id='22' x='10' y='-10'/>
    <tile type='cratered' id='22' x='11' y='-11'/>
    <tile type='cratered' id='22' x='12' y='-12'/>
    <tile type='cratered' id='22' x='13' y='-13'/>
    <tile type='cratered' id='22' x='14' y='-14'/>
    <tile type='cratered' id='22' x='15' y='-15'/>
    <tile type='cratered' id='22' x='16' y='-16'/>
    <tile type='cratered' id='22' x='17' y='-17'/>
    <tile type='cratered' id='22' x='18' y='-18'/>
    <tile type='cratered' id='22' x='19' y='-19'/>
    <tile type='cratered' id='22' x='20' y='-20'/>
  </surface>
  <buildings>
  </buildings>
</map>