<?xml version='1.0' encoding='UTF-8'?>
<buildings xmlns:xsi="http://www.w3.org/2001/XMLSchema-instance" xsi:noNamespaceSchemaLocation='../../schemas/buildings.xsd'>
  <building id='ColonyHub' name='buildings.colony_hub'>
    <graphics>
      <tech id='human' width='8' height='7' image='colony/buildings/human/colony_hub'/>
      <tech id='garthog' height='6' width='3' image='colony/buildings/garthog/colony_hub'/>
      <tech id='morgath' height='5' width='6' image='colony/buildings/morgath/colony_hub'/>
      <tech id='ychom' height='3' width='3' image='colony/buildings/ychom/colony_hub'/>
      <tech id='dribs' height='4' width='4' image='colony/buildings/dribs/colony_hub'/>
      <tech id='sullep' height='3' width='4' image='colony/buildings/sullep/colony_hub'/>
      <tech id='dargslan' height='8' width='5' image='colony/buildings/dargslan/colony_hub'/>
      <tech id='ecalep' height='4' width='4' image='colony/buildings/ecalep/colony_hub'/>
    </graphics>
    <build cost='40000' kind='MainBuilding' limit='1'/>
    <operation>
      <resource type='energy'>0</resource>
      <resource type='worker'>-960</resource>
      <resource type='food'>5000</resource>
      <resource type='police'>7500</resource>
      <resource type='hospital'>10000</resource>
      <resource type='house'>5000</resource>
    </operation>
    <upgrades/>
  </building>
  <building id='PrefabHousing' name='buildings.prefab_housing'>
    <graphics>
      <tech id='human' width='4' height='3' image='colony/buildings/human/prefab_housing'/>
      <tech id='garthog' width='2' height='2' image='colony/buildings/garthog/prefab_housing' skirmish-only='true'/>
      <tech id='morgath' width='2' height='2' image='colony/buildings/morgath/prefab_housing' skirmish-only='true'/>
      <tech id='ecalep' width='2' height='2' image='colony/buildings/ecalep/prefab_housing' skirmish-only='true'/>
      <tech id='sullep' width='2' height='1' image='colony/buildings/sullep/prefab_housing' skirmish-only='true'/>
      <tech id='ychom' width='2' height='2' image='colony/buildings/ychom/prefab_housing' skirmish-only='true'/>
      <tech id='dribs' width='2' height='1' image='colony/buildings/dribs/prefab_housing' skirmish-only='true'/>
      <tech id='dargslan' width='2' height='2' image='colony/buildings/dargslan/prefab_housing' skirmish-only='true'/>
    </graphics>
    <build cost='5600' kind='House' limit='*'/>
    <operation>
      <resource type='energy'>-850</resource>
      <resource type='worker'>-60</resource>
      <resource type='house' display='true'>7000</resource>
    </operation>
    <upgrades>
      <upgrade desc='buildings.housing.upgrade_1'>
        <resource type='house'>1.25</resource>
        <resource type='energy'>1.25</resource>
        <resource type='worker'>1.25</resource>
      </upgrade>
      <upgrade desc='buildings.housing.upgrade_2'>
        <resource type='house'>1.5</resource>
        <resource type='energy'>1.5</resource>
        <resource type='worker'>1.5</resource>
      </upgrade>
      <upgrade desc='buildings.housing.upgrade_3'>
        <resource type='house'>2</resource>
        <resource type='energy'>2</resource>
        <resource type='worker'>1.75</resource>
      </upgrade>
      <upgrade desc='buildings.housing.upgrade_4'>
        <resource type='house'>2.5</resource>
        <resource type='energy'>2</resource>
        <resource type='worker'>1.75</resource>
      </upgrade>
    </upgrades>
  </building>
  <building id='ApartmentBlock' name='buildings.apartment_block'>
    <graphics>
      <tech id='human' width='4' height='3' image='colony/buildings/human/apartment_block'/>
      <tech id='garthog' width='2' height='2' image='colony/buildings/garthog/apartment_block' skirmish-only='true'/>
      <tech id='morgath' width='2' height='3' image='colony/buildings/morgath/apartment_block' skirmish-only='true'/>
      <tech id='ecalep' width='2' height='2' image='colony/buildings/ecalep/apartment_block' skirmish-only='true'/>
      <tech id='sullep' width='2' height='2' image='colony/buildings/sullep/apartment_block' skirmish-only='true'/>
      <tech id='ychom' width='3' height='2' image='colony/buildings/ychom/apartment_block' skirmish-only='true'/>
      <tech id='dribs' width='2' height='2' image='colony/buildings/dribs/apartment_block' skirmish-only='true'/>
      <tech id='dargslan' width='2' height='3' image='colony/buildings/dargslan/apartment_block' skirmish-only='true'/>
    </graphics>
    <build cost='12000' kind='House' limit='*'/>
    <operation>
      <resource type='house' display='true'>15000</resource>
      <resource type='energy'>-1200</resource>
      <resource type='worker'>-70</resource>
    </operation>
    <upgrades>
      <upgrade desc='buildings.housing.upgrade_1'>
        <resource type='house'>1.25</resource>
        <resource type='energy'>1.25</resource>
        <resource type='worker'>1.25</resource>
      </upgrade>
      <upgrade desc='buildings.housing.upgrade_2'>
        <resource type='house'>1.5</resource>
        <resource type='energy'>1.5</resource>
        <resource type='worker'>1.5</resource>
      </upgrade>
      <upgrade desc='buildings.housing.upgrade_3'>
        <resource type='house'>2</resource>
        <resource type='energy'>2</resource>
        <resource type='worker'>1.75</resource>
      </upgrade>
      <upgrade desc='buildings.housing.upgrade_4'>
        <resource type='house'>2.5</resource>
        <resource type='energy'>2</resource>
        <resource type='worker'>1.75</resource>
      </upgrade>
    </upgrades>
  </building>
  <building name='buildings.arcology' id='Arcology'>
    <graphics>
      <tech id='human' height='4' width='3' image='colony/buildings/human/arcology'/>
      <tech id='garthog' height='2' width='3' image='colony/buildings/garthog/arcology'/>
      <tech id='morgath' height='4' width='2' image='colony/buildings/morgath/arcology'/>
      <tech id='ychom' height='3' width='3' image='colony/buildings/ychom/arcology'/>
      <tech id='dribs' height='3' width='2' image='colony/buildings/dribs/arcology'/>
      <tech id='sullep' height='2' width='2' image='colony/buildings/sullep/arcology'/>
      <tech id='dargslan' height='2' width='3' image='colony/buildings/dargslan/arcology'/>
      <tech id='ecalep' height='3' width='2' image='colony/buildings/ecalep/arcology'/>
    </graphics>
    <build limit='*' kind='House' cost='16000'/>
    <operation>
      <resource type='house' display='true'>30000</resource>
      <resource type='energy'>-1500</resource>
      <resource type='worker'>-100</resource>
    </operation>
    <upgrades>
      <upgrade desc='buildings.housing.upgrade_1'>
        <resource type='house'>1.25</resource>
        <resource type='energy'>1.25</resource>
        <resource type='worker'>1.25</resource>
      </upgrade>
      <upgrade desc='buildings.housing.upgrade_2'>
        <resource type='house'>1.5</resource>
        <resource type='energy'>1.5</resource>
        <resource type='worker'>1.5</resource>
      </upgrade>
      <upgrade desc='buildings.housing.upgrade_3'>
        <resource type='house'>2</resource>
        <resource type='energy'>2</resource>
        <resource type='worker'>1.75</resource>
      </upgrade>
      <upgrade desc='buildings.housing.upgrade_4'>
        <resource type='house'>2.5</resource>
        <resource type='energy'>2</resource>
        <resource type='worker'>1.75</resource>
      </upgrade>
    </upgrades>
  </building>
  <building name='buildings.nuclear_plant' id='NuclearPlant'>
    <graphics>
      <tech height='5' width='5' id='human' image='colony/buildings/human/nuclear_plant'/>
      <tech id='garthog' height='3' width='3' image='colony/buildings/garthog/nuclear_plant'/>
      <tech id='morgath' height='3' width='3' image='colony/buildings/morgath/nuclear_plant'/>
      <tech id='ychom' height='4' width='4' image='colony/buildings/ychom/nuclear_plant'/>
      <tech id='dribs' height='5' width='4' image='colony/buildings/dribs/nuclear_plant'/>
      <tech id='sullep' height='4' width='4' image='colony/buildings/sullep/nuclear_plant'/>
      <tech id='dargslan' height='5' width='4' image='colony/buildings/dargslan/nuclear_plant'/>
      <tech id='ecalep' height='3' width='4' image='colony/buildings/ecalep/nuclear_plant'/>
    </graphics>
    <build limit='*' kind='Power' cost='8000'/>
    <operation percent='true'>
      <resource type='energy' display='true'>3500</resource>
      <resource type='worker'>-290</resource>
    </operation>
    <upgrades>
      <upgrade desc='buildings.power.upgrade_1'>
        <resource type='energy'>1.5</resource>
        <resource type='worker'>1.25</resource>
      </upgrade>
      <upgrade desc='buildings.power.upgrade_2'>
        <resource type='energy'>2</resource>
        <resource type='worker'>1.5</resource>
      </upgrade>
      <upgrade desc='buildings.power.upgrade_3'>
        <resource type='energy'>2.5</resource>
        <resource type='worker'>2</resource>
      </upgrade>
      <upgrade desc='buildings.power.upgrade_4'>
        <resource type='energy'>3</resource>
        <resource type='worker'>2</resource>
      </upgrade>
    </upgrades>
  </building>
  <building name='buildings.fusion_plant' id='FusionPlant'>
    <graphics>
      <tech height='5' width='5' id='human' image='colony/buildings/human/fusion_plant'/>
      <tech height='5' width='3' id='garthog' image='colony/buildings/garthog/fusion_plant' skirmish-only="true"/>
      <tech height='4' width='4' id='morgath' image='colony/buildings/morgath/fusion_plant' skirmish-only="true"/>
      <tech height='4' width='4' id='ecalep' image='colony/buildings/ecalep/fusion_plant' skirmish-only="true"/>
      <tech height='5' width='3' id='sullep' image='colony/buildings/sullep/fusion_plant' skirmish-only="true"/>
      <tech height='5' width='5' id='ychom' image='colony/buildings/ychom/fusion_plant' skirmish-only="true"/>
      <tech height='6' width='4' id='dribs' image='colony/buildings/dribs/fusion_plant' skirmish-only="true"/>
      <tech height='6' width='3' id='dargslan' image='colony/buildings/dargslan/fusion_plant' skirmish-only="true"/>
    </graphics>
    <build limit='*' kind='Power' cost='24000' except='desert,neptoplasm,rocky'/>
    <operation percent='true'>
      <resource type='energy' display='true'>9000</resource>
      <resource type='worker'>-500</resource>
    </operation>
    <upgrades>
      <upgrade desc='buildings.power.upgrade_1'>
        <resource type='energy'>1.5</resource>
        <resource type='worker'>1.25</resource>
      </upgrade>
      <upgrade desc='buildings.power.upgrade_2'>
        <resource type='energy'>2</resource>
        <resource type='worker'>1.5</resource>
      </upgrade>
      <upgrade desc='buildings.power.upgrade_3'>
        <resource type='energy'>2.5</resource>
        <resource type='worker'>2</resource>
      </upgrade>
      <upgrade desc='buildings.power.upgrade_4'>
        <resource type='energy'>3</resource>
        <resource type='worker'>2</resource>
      </upgrade>
    </upgrades>
  </building>
  <building name='buildings.solar_plant' id='SolarPlant'>
    <graphics>
      <tech id='human' height='5' width='5' image='colony/buildings/human/solar_plant'/>
      <tech id='garthog' height='3' width='3' image='colony/buildings/garthog/solar_plant' skirmish-only="true"/>
      <tech id='morgath' height='2' width='4' image='colony/buildings/morgath/solar_plant' skirmish-only="true"/>
      <tech id='ecalep' height='4' width='3' image='colony/buildings/ecalep/solar_plant' skirmish-only="true"/>
      <tech id='sullep' height='3' width='3' image='colony/buildings/sullep/solar_plant' skirmish-only="true"/>
      <tech id='ychom' height='4' width='3' image='colony/buildings/ychom/solar_plant' skirmish-only="true"/>
      <tech id='dribs' height='3' width='5' image='colony/buildings/dribs/solar_plant' skirmish-only="true"/>
      <tech id='dargslan' height='6' width='4' image='colony/buildings/dargslan/solar_plant' skirmish-only="true"/>
    </graphics>
    <build limit='*' kind='Power' cost='16000' except='frozen,liquid' research='SolarPlant'/>
    <operation percent='true'>
      <resource type='energy' display='true'>6000</resource>
      <resource type='worker'>-350</resource>
    </operation>
    <upgrades>
      <upgrade desc='buildings.power.upgrade_1'>
        <resource type='energy'>1.5</resource>
        <resource type='worker'>1.25</resource>
      </upgrade>
      <upgrade desc='buildings.power.upgrade_2'>
        <resource type='energy'>2</resource>
        <resource type='worker'>1.5</resource>
      </upgrade>
      <upgrade desc='buildings.power.upgrade_3'>
        <resource type='energy'>2.5</resource>
        <resource type='worker'>2</resource>
      </upgrade>
      <upgrade desc='buildings.power.upgrade_4'>
        <resource type='energy'>3</resource>
        <resource type='worker'>2</resource>
      </upgrade>
    </upgrades>
  </building>
  <building name='buildings.water_vaporator' id='WaterVaporator'>
    <graphics>
      <tech id='human' height='5' width='5' image='colony/buildings/human/water_vaporator'/>
      <tech id='garthog' height='3' width='3' image='colony/buildings/garthog/water_vaporator' skirmish-only='true'/>
      <tech id='morgath' height='3' width='3' image='colony/buildings/morgath/water_vaporator' skirmish-only='true'/>
      <tech id='ecalep' height='4' width='3' image='colony/buildings/ecalep/water_vaporator' skirmish-only='true'/>
      <tech id='sullep' height='3' width='3' image='colony/buildings/sullep/water_vaporator' skirmish-only='true'/>
      <tech id='ychom' height='3' width='3' image='colony/buildings/ychom/water_vaporator' skirmish-only='true'/>
      <tech id='dribs' height='4' width='3' image='colony/buildings/dribs/water_vaporator' skirmish-only='true'/>
      <tech id='dargslan' height='3' width='3' image='colony/buildings/dargslan/water_vaporator' skirmish-only='true'/>
    </graphics>
    <build limit='1' kind='House' cost='45000' except='earth,frozen,liquid,rocky,cratered,neptoplasm'/>
    <operation>
      <resource type='population-growth' display='true'>100</resource>
      <resource type='morale'>10</resource>
      <resource type='energy'>-800</resource>
      <resource type='worker'>-210</resource>
    </operation>
    <upgrades>
      <upgrade desc='buildings.water_vaporator.upgrade_1'>
        <resource type='population-growth'>1.4</resource>
        <resource type='morale'>1.5</resource>
        <resource type='energy'>1.5</resource>
        <resource type='worker'>1.5</resource>
      </upgrade>
      <upgrade desc='buildings.water_vaporator.upgrade_2'>
        <resource type='population-growth'>1.8</resource>
        <resource type='morale'>2</resource>
        <resource type='energy'>2</resource>
        <resource type='worker'>1.75</resource>
      </upgrade>
    </upgrades>
  </building>
  <building name='buildings.hydroponic_food_farm' id='HydroponicFoodFarm'>
    <graphics>
      <tech id='human' height='5' width='3' image='colony/buildings/human/hydroponic_food_farm'/>
      <tech id='garthog' height='2' width='4' image='colony/buildings/garthog/hydroponic_food_farm' skirmish-only='true'/>
      <tech id='morgath' height='3' width='2' image='colony/buildings/morgath/hydroponic_food_farm' skirmish-only='true'/>
      <tech id='ecalep' height='3' width='2' image='colony/buildings/ecalep/hydroponic_food_farm' skirmish-only='true'/>
      <tech id='sullep' height='2' width='3' image='colony/buildings/sullep/hydroponic_food_farm' skirmish-only='true'/>
      <tech id='ychom' height='2' width='4' image='colony/buildings/ychom/hydroponic_food_farm' skirmish-only='true'/>
      <tech id='dribs' height='2' width='2' image='colony/buildings/dribs/hydroponic_food_farm' skirmish-only='true'/>
      <tech id='dargslan' height='2' width='3' image='colony/buildings/dargslan/hydroponic_food_farm' skirmish-only='true'/>
    </graphics>
    <build limit='*' kind='Food' cost='4200'/>
    <operation>
      <resource type='food' display='true'>8000</resource>
      <resource type='energy'>-1300</resource>
      <resource type='worker'>-300</resource>
    </operation>
    <upgrades>
      <upgrade desc='buildings.food.upgrade_1'>
        <resource type='food'>1.25</resource>
        <resource type='energy'>1.25</resource>
        <resource type='worker'>1.25</resource>
      </upgrade>
      <upgrade desc='buildings.food.upgrade_2'>
        <resource type='food'>1.5</resource>
        <resource type='energy'>1.5</resource>
        <resource type='worker'>1.5</resource>
      </upgrade>
      <upgrade desc='buildings.food.upgrade_3'>
        <resource type='food'>2</resource>
        <resource type='energy'>2</resource>
        <resource type='worker'>2</resource>
      </upgrade>
      <upgrade desc='buildings.food.upgrade_4'>
        <resource type='food'>2.5</resource>
        <resource type='energy'>2</resource>
        <resource type='worker'>2</resource>
      </upgrade>
    </upgrades>
  </building>
  <building name='buildings.phood_factory' id='PhoodFactory'>
    <graphics>
      <tech id='human' height='5' width='5' image='colony/buildings/human/phood_factory'/>
      <tech id='garthog' height='3' width='3' image='colony/buildings/garthog/phood_factory'/>
      <tech id='morgath' height='3' width='3' image='colony/buildings/morgath/phood_factory'/>
      <tech id='ychom' height='4' width='4' image='colony/buildings/ychom/phood_factory'/>
      <tech id='dribs' height='4' width='2' image='colony/buildings/dribs/phood_factory'/>
      <tech id='sullep' height='4' width='4' image='colony/buildings/sullep/phood_factory'/>
      <tech id='dargslan' height='3' width='3' image='colony/buildings/dargslan/phood_factory'/>
      <tech id='ecalep' height='3' width='4' image='colony/buildings/ecalep/phood_factory'/>
    </graphics>
    <build limit='*' kind='Food' cost='10000' research='PhoodFactory'/>
    <operation>
      <resource type='food' display='true'>20000</resource>
      <resource type='energy'>-2000</resource>
      <resource type='worker'>-500</resource>
    </operation>
    <upgrades>
      <upgrade desc='buildings.food.upgrade_1'>
        <resource type='food'>1.25</resource>
        <resource type='energy'>1.25</resource>
        <resource type='worker'>1.25</resource>
      </upgrade>
      <upgrade desc='buildings.food.upgrade_2'>
        <resource type='food'>1.5</resource>
        <resource type='energy'>1.5</resource>
        <resource type='worker'>1.5</resource>
      </upgrade>
      <upgrade desc='buildings.food.upgrade_3'>
        <resource type='food'>2</resource>
        <resource type='energy'>2</resource>
        <resource type='worker'>2</resource>
      </upgrade>
      <upgrade desc='buildings.food.upgrade_4'>
        <resource type='food'>2.5</resource>
        <resource type='energy'>2</resource>
        <resource type='worker'>2</resource>
      </upgrade>
    </upgrades> 
  </building>
  <building name='buildings.spaceship_factory' id='SpaceshipFactory'>
    <graphics>
      <tech id='human' height='6' width='4' image='colony/buildings/human/spaceship_factory'/>
      <tech id='garthog' height='5' width='4' image='colony/buildings/garthog/spaceship_factory'/>
      <tech id='morgath' height='6' width='4' image='colony/buildings/morgath/spaceship_factory'/>
      <tech id='ychom' height='5' width='3' image='colony/buildings/ychom/spaceship_factory'/>
      <tech id='dribs' height='4' width='6' image='colony/buildings/dribs/spaceship_factory'/>
      <tech id='sullep' height='3' width='3' image='colony/buildings/sullep/spaceship_factory'/>
      <tech id='dargslan' height='4' width='4' image='colony/buildings/dargslan/spaceship_factory'/>
      <tech id='ecalep' height='4' width='3' image='colony/buildings/ecalep/spaceship_factory'/>
    </graphics>
    <build limit='1' kind='Factory' cost='20000'/>
    <operation percent='true'>
      <resource type='spaceship' display='true'>1000</resource>
      <resource type='energy'>-4000</resource>
      <resource type='worker'>-430</resource>
    </operation>
    <upgrades>
      <upgrade desc='buildings.factory.upgrade_1'>
        <resource type='spaceship'>1.25</resource>
        <resource type='energy'>1.5</resource>
        <resource type='worker'>1.5</resource>
      </upgrade>
      <upgrade desc='buildings.factory.upgrade_2'>
        <resource type='spaceship'>1.5</resource>
        <resource type='energy'>2</resource>
        <resource type='worker'>2</resource>
      </upgrade>
      <upgrade desc='buildings.factory.upgrade_3'>
        <resource type='spaceship'>1.75</resource>
        <resource type='energy'>2.5</resource>
        <resource type='worker'>2.5</resource>
      </upgrade>
      <upgrade desc='buildings.factory.upgrade_4'>
        <resource type='spaceship'>2</resource>
        <resource type='energy'>2.5</resource>
        <resource type='worker'>2.5</resource>
      </upgrade>
    </upgrades>
  </building>
  <building name='buildings.equipment_factory' id='EquipmentFactory'>
    <graphics>
      <tech height='5' width='5' id='human' image='colony/buildings/human/equipment_factory'/>
      <tech id='garthog' height='4' width='4' image='colony/buildings/garthog/equipment_factory'/>
      <tech id='morgath' height='3' width='4' image='colony/buildings/morgath/equipment_factory'/>
      <tech id='ychom' height='3' width='4' image='colony/buildings/ychom/equipment_factory'/>
      <tech id='dribs' height='3' width='4' image='colony/buildings/dribs/equipment_factory'/>
      <tech id='sullep' height='3' width='3' image='colony/buildings/sullep/equipment_factory'/>
      <tech id='dargslan' height='3' width='3' image='colony/buildings/dargslan/equipment_factory'/>
      <tech id='ecalep' height='5' width='3' image='colony/buildings/ecalep/equipment_factory'/>
    </graphics>
    <build limit='1' kind='Factory' cost='20000'/>
    <operation percent='true'>
      <resource type='equipment' display='true'>1000</resource>
      <resource type='energy'>-2600</resource>
      <resource type='worker'>-460</resource>
    </operation>
    <upgrades>
      <upgrade desc='buildings.factory.upgrade_1'>
        <resource type='equipment'>1.25</resource>
        <resource type='energy'>1.5</resource>
        <resource type='worker'>1.5</resource>
      </upgrade>
      <upgrade desc='buildings.factory.upgrade_2'>
        <resource type='equipment'>1.5</resource>
        <resource type='energy'>2</resource>
        <resource type='worker'>2</resource>
      </upgrade>
      <upgrade desc='buildings.factory.upgrade_3'>
        <resource type='equipment'>1.75</resource>
        <resource type='energy'>2.5</resource>
        <resource type='worker'>2.5</resource>
      </upgrade>
      <upgrade desc='buildings.factory.upgrade_4'>
        <resource type='equipment'>2</resource>
        <resource type='energy'>2.5</resource>
        <resource type='worker'>2.5</resource>
      </upgrade>
    </upgrades>
  </building>
  <building name='buildings.weapon_factory' id='WeaponFactory'>
    <graphics>
      <tech id='human' height='5' width='5' image='colony/buildings/human/weapons_factory'/>
      <tech id='garthog' height='4' width='4' image='colony/buildings/garthog/weapons_factory'/>
      <tech id='morgath' height='4' width='4' image='colony/buildings/morgath/weapons_factory'/>
      <tech id='ychom' height='3' width='5' image='colony/buildings/ychom/weapons_factory'/>
      <tech id='dribs' height='4' width='4' image='colony/buildings/dribs/weapons_factory'/>
      <tech id='sullep' height='2' width='4' image='colony/buildings/sullep/weapons_factory'/>
      <tech id='dargslan' height='5' width='4' image='colony/buildings/dargslan/weapons_factory'/>
      <tech id='ecalep' height='5' width='3' image='colony/buildings/ecalep/weapons_factory'/>
    </graphics>
    <build limit='1' kind='Factory' cost='24000'/>
    <operation percent='true'>
      <resource type='weapon' display='true'>1000</resource>
      <resource type='energy'>-3000</resource>
      <resource type='worker'>-390</resource>
    </operation>
    <upgrades>
      <upgrade desc='buildings.factory.upgrade_1'>
        <resource type='weapon'>1.25</resource>
        <resource type='energy'>1.5</resource>
        <resource type='worker'>1.5</resource>
      </upgrade>
      <upgrade desc='buildings.factory.upgrade_2'>
        <resource type='weapon'>1.5</resource>
        <resource type='energy'>2</resource>
        <resource type='worker'>2</resource>
      </upgrade>
      <upgrade desc='buildings.factory.upgrade_3'>
        <resource type='weapon'>1.75</resource>
        <resource type='energy'>2.5</resource>
        <resource type='worker'>2.5</resource>
      </upgrade>
      <upgrade desc='buildings.factory.upgrade_4'>
        <resource type='weapon'>2</resource>
        <resource type='energy'>2.5</resource>
        <resource type='worker'>2.5</resource>
      </upgrade>
    </upgrades>
  </building>
  <building name='buildings.civil_dev_center' id='CivilDevCenter'>
    <graphics>
      <tech id='human' height='5' width='4' image='colony/buildings/human/civil_dev_center'/>
      <tech id='garthog' height='4' width='4' image='colony/buildings/garthog/civil_dev_center'/>
      <tech id='morgath' height='3' width='4' image='colony/buildings/morgath/civil_dev_center'/>
      <tech id='ychom' height='4' width='4' image='colony/buildings/ychom/civil_dev_center'/>
      <tech id='dribs' height='3' width='3' image='colony/buildings/dribs/civil_dev_center'/>
      <tech id='sullep' height='3' width='3' image='colony/buildings/sullep/civil_dev_center'/>
      <tech id='dargslan' height='3' width='3' image='colony/buildings/dargslan/civil_dev_center'/>
      <tech id='ecalep' height='3' width='4' image='colony/buildings/ecalep/civil_dev_center'/>
    </graphics>
    <build limit='-1' kind='Science' cost='30000'/>
    <operation>
      <resource type='civil'>1</resource>
      <resource type='energy'>-2000</resource>
      <resource type='worker'>-560</resource>
    </operation>
    <upgrades/>
  </building>
  <building name='buildings.mechanical_dev_center' id='MechanicalDevCenter'>
    <graphics>
      <tech id='human' height='5' width='4' image='colony/buildings/human/mechanical_dev_center'/>
      <tech id='garthog' height='4' width='4' image='colony/buildings/garthog/mechanical_dev_center'/>
      <tech id='morgath' height='3' width='4' image='colony/buildings/morgath/mechanical_dev_center'/>
      <tech id='ychom' height='4' width='4' image='colony/buildings/ychom/mechanical_dev_center'/>
      <tech id='dribs' height='3' width='3' image='colony/buildings/dribs/mechanical_dev_center'/>
      <tech id='sullep' height='3' width='3' image='colony/buildings/sullep/mechanical_dev_center'/>
      <tech id='dargslan' height='3' width='3' image='colony/buildings/dargslan/mechanical_dev_center'/>
      <tech id='ecalep' height='3' width='4' image='colony/buildings/ecalep/mechanical_dev_center'/>
    </graphics>
    <build limit='-1' kind='Science' cost='34000'/>
    <operation>
      <resource type='mechanical'>1</resource>
      <resource type='energy'>-2000</resource>
      <resource type='worker'>-620</resource>
    </operation>
    <upgrades/>
  </building>
  <building name='buildings.computer_dev_center' id='ComputerDevCenter'>
    <graphics>
      <tech id='human' height='5' width='4' image='colony/buildings/human/computer_dev_center'/>
      <tech id='garthog' height='4' width='4' image='colony/buildings/garthog/computer_dev_center'/>
      <tech id='morgath' height='3' width='4' image='colony/buildings/morgath/computer_dev_center'/>
      <tech id='ychom' height='4' width='4' image='colony/buildings/ychom/computer_dev_center'/>
      <tech id='dribs' height='3' width='3' image='colony/buildings/dribs/computer_dev_center'/>
      <tech id='sullep' height='3' width='3' image='colony/buildings/sullep/computer_dev_center'/>
      <tech id='dargslan' height='3' width='3' image='colony/buildings/dargslan/computer_dev_center'/>
      <tech id='ecalep' height='3' width='4' image='colony/buildings/ecalep/computer_dev_center'/>
    </graphics>
    <build limit='-1' kind='Science' cost='42000'/>
    <operation>
      <resource type='computer'>1</resource>
      <resource type='energy'>-2000</resource>
      <resource type='worker'>-560</resource>
    </operation>
    <upgrades/>
  </building>
  <building name='buildings.ai_dev_center' id='AIDevCenter'>
    <graphics>
      <tech id='human' height='5' width='4' image='colony/buildings/human/ai_dev_center'/>
      <tech id='garthog' height='4' width='4' image='colony/buildings/garthog/ai_dev_center'/>
      <tech id='morgath' height='3' width='4' image='colony/buildings/morgath/ai_dev_center'/>
      <tech id='ychom' height='4' width='4' image='colony/buildings/ychom/ai_dev_center'/>
      <tech id='dribs' height='3' width='3' image='colony/buildings/dribs/ai_dev_center'/>
      <tech id='sullep' height='3' width='3' image='colony/buildings/sullep/ai_dev_center'/>
      <tech id='dargslan' height='3' width='3' image='colony/buildings/dargslan/ai_dev_center'/>
      <tech id='ecalep' height='3' width='4' image='colony/buildings/ecalep/ai_dev_center'/>
    </graphics>
    <build limit='-1' kind='Science' cost='46000'/>
    <operation>
      <resource type='ai'>1</resource>
      <resource type='energy'>-2000</resource>
      <resource type='worker'>-360</resource>
    </operation>
    <upgrades/>
  </building>
  <building name='buildings.military_dev_center' id='MilitaryDevCenter'>
    <graphics>
      <tech id='human' height='5' width='4' image='colony/buildings/human/military_dev_center'/>
      <tech id='garthog' height='4' width='4' image='colony/buildings/garthog/military_dev_center'/>
      <tech id='morgath' height='3' width='4' image='colony/buildings/morgath/military_dev_center'/>
      <tech id='ychom' height='4' width='4' image='colony/buildings/ychom/military_dev_center'/>
      <tech id='dribs' height='3' width='3' image='colony/buildings/dribs/military_dev_center'/>
      <tech id='sullep' height='3' width='3' image='colony/buildings/sullep/military_dev_center'/>
      <tech id='dargslan' height='3' width='3' image='colony/buildings/dargslan/military_dev_center'/>
      <tech id='ecalep' height='3' width='4' image='colony/buildings/ecalep/military_dev_center'/>
    </graphics>
    <build limit='-1' kind='Science' cost='52000'/>
    <operation>
      <resource type='military'>1</resource>
      <resource type='energy'>-3000</resource>
      <resource type='worker'>-420</resource>
    </operation>
    <upgrades/>
  </building>
  <building name='buildings.traders_spaceport' id='TradersSpaceport'>
    <graphics>
      <tech id='human' height='6' width='7' image='colony/buildings/human/traders_spaceport'/>
      <tech id='garthog' height='3' width='4' image='colony/buildings/garthog/traders_spaceport' skirmish-only="true"/>
      <tech id='morgath' height='5' width='4' image='colony/buildings/morgath/traders_spaceport' skirmish-only="true"/>
      <tech id='ecalep' height='3' width='3' image='colony/buildings/ecalep/traders_spaceport' skirmish-only="true"/>
      <tech id='sullep' height='3' width='2' image='colony/buildings/sullep/traders_spaceport' skirmish-only="true"/>
      <tech id='ychom' height='4' width='4' image='colony/buildings/ychom/traders_spaceport' skirmish-only="true"/>
      <tech id='dribs' height='2' width='4' image='colony/buildings/dribs/traders_spaceport' skirmish-only="true"/>
      <tech id='dargslan' height='4' width='4' image='colony/buildings/dargslan/traders_spaceport' skirmish-only="true"/>
    </graphics>
    <build limit='1' kind='Economic' cost='10000'/>
    <operation>
      <resource type='credit' display='true'>600</resource>
      <resource type='energy'>-1700</resource>
      <resource type='worker'>-250</resource>
    </operation>
    <upgrades>
      <upgrade desc='buildings.traders_spaceport.upgrade_1'>
        <resource type='credit'>1.25</resource>
        <resource type='energy'>1.25</resource>
        <resource type='worker'>1.25</resource>
      </upgrade>
      <upgrade desc='buildings.traders_spaceport.upgrade_2'>
        <resource type='credit'>1.5</resource>
        <resource type='energy'>1.5</resource>
        <resource type='worker'>1.5</resource>
      </upgrade>
    </upgrades>
  </building>
  <building name='buildings.military_spaceport' id='MilitarySpaceport'>
    <graphics>
      <tech id='human' height='5' width='6' image='colony/buildings/human/military_spaceport'/>
      <tech id='garthog' height='5' width='3' image='colony/buildings/garthog/military_spaceport'/>
      <tech id='morgath' height='5' width='5' image='colony/buildings/morgath/military_spaceport'/>
      <tech id='ychom' height='4' width='4' image='colony/buildings/ychom/military_spaceport'/>
      <tech id='dribs' height='4' width='4' image='colony/buildings/dribs/military_spaceport'/>
      <tech id='sullep' height='2' width='2' image='colony/buildings/sullep/military_spaceport'/>
      <tech id='dargslan' height='6' width='4' image='colony/buildings/dargslan/military_spaceport'/>
      <tech id='ecalep' height='4' width='4' image='colony/buildings/ecalep/military_spaceport'/>
    </graphics>
    <build limit='*' kind='MilitarySpaceport' cost='75000'/>
    <operation>
      <resource type='energy'>-3000</resource>
      <resource type='worker'>-310</resource>
    </operation>
    <upgrades/>
  </building>
  <building name='buildings.bank' id='Bank'>
    <graphics>
      <tech id='human' height='4' width='3' image='colony/buildings/human/bank'/>
      <tech id='garthog' height='2' width='2' image='colony/buildings/garthog/bank' skirmish-only='true'/>
      <tech id='morgath' height='3' width='2' image='colony/buildings/morgath/bank' skirmish-only='true'/>
      <tech id='ecalep' height='3' width='3' image='colony/buildings/ecalep/bank' skirmish-only='true'/>
      <tech id='sullep' height='2' width='3' image='colony/buildings/sullep/bank' skirmish-only='true'/>
      <tech id='ychom' height='2' width='2' image='colony/buildings/ychom/bank' skirmish-only='true'/>
      <tech id='dribs' height='2' width='3' image='colony/buildings/dribs/bank' skirmish-only='true'/>
      <tech id='dargslan' height='2' width='2' image='colony/buildings/dargslan/bank' skirmish-only='true'/>
    </graphics>
    <build limit='1' kind='Economic' cost='16000' skirmish-hard-limit='true'/>
    <operation>
      <resource type='multiply' display='true'>2</resource>
      <resource type='energy'>-500</resource>
      <resource type='worker'>-230</resource>
    </operation>
    <upgrades>
      <upgrade desc='buildings.bank.upgrade_1'>
        <resource type='multiply'>1.25</resource>
        <resource type='energy'>1.25</resource>
        <resource type='worker'>1.25</resource>
      </upgrade>
      <upgrade desc='buildings.bank.upgrade_2'>
        <resource type='multiply'>1.5</resource>
        <resource type='energy'>1.5</resource>
        <resource type='worker'>1.5</resource>
      </upgrade>
    </upgrades>
  </building>
  <building name='buildings.trade_center' id='TradeCenter'>
    <graphics>
      <tech id='human' height='5' width='5' image='colony/buildings/human/trade_center'/>
      <tech id='garthog' height='4' width='2' image='colony/buildings/garthog/trade_center'/>
      <tech id='morgath' height='4' width='3' image='colony/buildings/morgath/trade_center'/>
      <tech id='ychom' height='4' width='2' image='colony/buildings/ychom/trade_center'/>
      <tech id='dribs' height='3' width='3' image='colony/buildings/dribs/trade_center'/>
      <tech id='sullep' height='4' width='2' image='colony/buildings/sullep/trade_center'/>
      <tech id='dargslan' height='4' width='4' image='colony/buildings/dargslan/trade_center'/>
      <tech id='ecalep' height='3' width='3' image='colony/buildings/ecalep/trade_center'/>
    </graphics>
    <build limit='1' kind='Economic' cost='17000' research='TradeCenter'/>
    <operation>
      <resource type='credit' display='true'>1200</resource>
      <resource type='energy'>-1000</resource>
      <resource type='worker'>-360</resource>
    </operation>
    <upgrades>
      <upgrade desc='buildings.trade_center.upgrade_1'>
        <resource type='credit'>1.25</resource>
        <resource type='energy'>1.25</resource>
        <resource type='worker'>1.25</resource>
      </upgrade>
      <upgrade desc='buildings.trade_center.upgrade_2'>
        <resource type='credit'>1.5</resource>
        <resource type='energy'>1.5</resource>
        <resource type='worker'>1.5</resource>
      </upgrade>
    </upgrades>
  </building>
  <building name='buildings.hospital' id='Hospital'>
    <graphics>
      <tech id='human' height='5' width='4' image='colony/buildings/human/hospital'/>
      <tech id='garthog' height='5' width='3' image='colony/buildings/garthog/hospital'/>
      <tech id='morgath' height='3' width='6' image='colony/buildings/morgath/hospital'/>
      <tech id='ychom' height='2' width='4' image='colony/buildings/ychom/hospital'/>
      <tech id='dribs' height='2' width='5' image='colony/buildings/dribs/hospital'/>
      <tech id='sullep' height='3' width='2' image='colony/buildings/sullep/hospital'/>
      <tech id='dargslan' height='4' width='4' image='colony/buildings/dargslan/hospital'/>
      <tech id='ecalep' height='3' width='4' image='colony/buildings/ecalep/hospital'/>
    </graphics>
    <build limit='*' kind='Social' cost='13000'/>
    <operation>
      <resource type='hospital' display='true'>20000</resource>
      <resource type='energy'>-900</resource>
      <resource type='worker'>-280</resource>
    </operation>
    <upgrades>
      <upgrade desc='buildings.hospital.upgrade_1'>
        <resource type='hospital'>1.25</resource>
        <resource type='energy'>1.5</resource>
        <resource type='worker'>1.5</resource>
      </upgrade>
      <upgrade desc='buildings.hospital.upgrade_2'>
        <resource type='hospital'>1.5</resource>
        <resource type='energy'>1.75</resource>
        <resource type='worker'>1.75</resource>
      </upgrade>
      <upgrade desc='buildings.hospital.upgrade_3'>
        <resource type='hospital'>1.75</resource>
        <resource type='energy'>2</resource>
        <resource type='worker'>2</resource>
      </upgrade>
      <upgrade desc='buildings.hospital.upgrade_4'>
        <resource type='hospital'>2</resource>
        <resource type='energy'>2</resource>
        <resource type='worker'>2</resource>
      </upgrade>
    </upgrades>
  </building>
  <building name='buildings.police_station' id='PoliceStation'>
    <graphics>
      <tech id='human' height='5' width='5' image='colony/buildings/human/police_station'/>
    </graphics>
    <build limit='*' kind='Social' cost='26000'/>
    <operation>
      <resource type='police'>50000</resource>
      <resource type='energy'>-1200</resource>
      <resource type='worker'>-400</resource>
    </operation>
    <upgrades>
      <upgrade desc='buildings.police_station.upgrade_1'>
        <resource type='police'>1.25</resource>
        <resource type='energy'>1.5</resource>
        <resource type='worker'>1.5</resource>
      </upgrade>
      <upgrade desc='buildings.police_station.upgrade_2'>
        <resource type='police'>1.5</resource>
        <resource type='energy'>1.75</resource>
        <resource type='worker'>1.75</resource>
      </upgrade>
      <upgrade desc='buildings.police_station.upgrade_3'>
        <resource type='police'>1.75</resource>
        <resource type='energy'>2</resource>
        <resource type='worker'>2</resource>
      </upgrade>
      <upgrade desc='buildings.police_station.upgrade_4'>
        <resource type='police'>2</resource>
        <resource type='energy'>2</resource>
        <resource type='worker'>2</resource>
      </upgrade>
    </upgrades>
  </building>
  <building name='buildings.police_station' id='PoliceStation2'>
    <graphics>
      <tech id='garthog' height='3' width='5' image='colony/buildings/garthog/police_station'/>
      <tech id='morgath' height='4' width='4' image='colony/buildings/morgath/police_station'/>
      <tech id='ychom' height='4' width='4' image='colony/buildings/ychom/police_station'/>
      <tech id='dribs' height='3' width='3' image='colony/buildings/dribs/police_station'/>
      <tech id='sullep' height='3' width='3' image='colony/buildings/sullep/police_station'/>
      <tech id='dargslan' height='4' width='5' image='colony/buildings/dargslan/police_station'/>
      <tech id='ecalep' height='4' width='2' image='colony/buildings/ecalep/police_station'/>
    </graphics>
    <build limit='*' kind='Social' cost='10000'/>
    <operation>
      <resource type='morale'>10</resource>
      <resource type='police'>15000</resource>
      <resource type='energy'>-1000</resource>
      <resource type='worker'>-300</resource>
    </operation>
    <upgrades>
      <upgrade desc='buildings.police_station.upgrade_2'>
        <resource type='morale'>1.4</resource>
        <resource type='police'>1.5</resource>
        <resource type='energy'>1.5</resource>
        <resource type='worker'>1.5</resource>
      </upgrade>
      <upgrade desc='buildings.police_station.upgrade_4'>
        <resource type='morale'>1.8</resource>
        <resource type='police'>2</resource>
        <resource type='energy'>2</resource>
        <resource type='worker'>2</resource>
      </upgrade>
    </upgrades>
  </building>
  <building name='buildings.fire_brigade' id='FireBrigade'>
    <graphics>
      <tech id='human' height='4' width='3' image='colony/buildings/human/fire_brigade'/>
	  <tech id='garthog' height='3' width='3' image='colony/buildings/garthog/fire_brigade'/>
	  <tech id='morgath' height='4' width='3' image='colony/buildings/morgath/fire_brigade'/>
	  <tech id='ychom' height='3' width='3' image='colony/buildings/ychom/fire_brigade'/>
	  <tech id='dribs' height='2' width='3' image='colony/buildings/dribs/fire_brigade'/>
	  <tech id='sullep' height='4' width='2' image='colony/buildings/sullep/fire_brigade'/>
	  <tech id='dargslan' height='3' width='3' image='colony/buildings/dargslan/fire_brigade'/>
	  <tech id='ecalep' height='3' width='4' image='colony/buildings/ecalep/fire_brigade'/>
    </graphics>
    <build limit='*' kind='Social' cost='12000'/>
    <operation>
      <resource type='repair'>50</resource>
      <resource type='energy'>-1200</resource>
      <resource type='worker'>-300</resource>
    </operation>
    <upgrades>
      <upgrade desc='buildings.fire_brigade.upgrade_1'>
        <resource type='repair'>1.1</resource>
        <resource type='energy'>1.5</resource>
        <resource type='worker'>1.5</resource>
      </upgrade>
      <upgrade desc='buildings.fire_brigade.upgrade_2'>
        <resource type='repair'>1.22</resource>
        <resource type='energy'>1.75</resource>
        <resource type='worker'>1.75</resource>
      </upgrade>
      <upgrade desc='buildings.fire_brigade.upgrade_3'>
        <resource type='repair'>1.36</resource>
        <resource type='energy'>2</resource>
        <resource type='worker'>2</resource>
      </upgrade>
      <upgrade desc='buildings.fire_brigade.upgrade_4'>
        <resource type='repair'>1.54</resource>
        <resource type='energy'>2</resource>
        <resource type='worker'>2</resource>
      </upgrade>
    </upgrades>
  </building>
  <building name='buildings.radar_telescope' id='RadarTelescope'>
    <graphics>
      <tech id='human' height='2' width='2' image='colony/buildings/human/radar_telescope'/>
      <tech id='garthog' height='2' width='3' image='colony/buildings/garthog/radar_telescope'/>
      <tech id='morgath' height='3' width='3' image='colony/buildings/morgath/radar_telescope'/>
      <tech id='ychom' height='3' width='3' image='colony/buildings/ychom/radar_telescope'/>
      <tech id='dribs' height='2' width='2' image='colony/buildings/dribs/radar_telescope'/>
      <tech id='sullep' height='2' width='2' image='colony/buildings/sullep/radar_telescope'/>
      <tech id='dargslan' height='2' width='2' image='colony/buildings/dargslan/radar_telescope'/>
      <tech id='ecalep' height='4' width='2' image='colony/buildings/ecalep/radar_telescope'/>
    </graphics>
    <build limit='*' kind='Radar' cost='4000' research='RadarTelescope'/>
    <operation>
      <resource type='radar'>1</resource>
      <resource type='energy'>-2000</resource>
      <resource type='worker'>-60</resource>
    </operation>
    <upgrades/>
  </building>
  <building name='buildings.field_telescope' id='FieldTelescope'>
    <graphics>
      <tech id='human' height='2' width='3' image='colony/buildings/human/field_telescope'/>
      <tech id='garthog' height='2' width='3' image='colony/buildings/garthog/field_telescope'/>
      <tech id='morgath' height='3' width='3' image='colony/buildings/morgath/field_telescope'/>
      <tech id='ychom' height='3' width='3' image='colony/buildings/ychom/field_telescope'/>
      <tech id='dribs' height='2' width='3' image='colony/buildings/dribs/field_telescope'/>
      <tech id='sullep' height='2' width='2' image='colony/buildings/sullep/field_telescope'/>
      <tech id='dargslan' height='2' width='2' image='colony/buildings/dargslan/field_telescope'/>
      <tech id='ecalep' height='4' width='2' image='colony/buildings/ecalep/field_telescope'/>
    </graphics>
    <build limit='*' kind='Radar' cost='10000' research='FieldTelescope'/>
    <operation>
      <resource type='radar'>2</resource>
      <resource type='energy'>-2500</resource>
      <resource type='worker'>-160</resource>
    </operation>
    <upgrades/>
  </building>
  <building name='buildings.phased_telescope' id='PhasedTelescope'>
    <graphics>
      <tech id='human' height='3' width='3' image='colony/buildings/human/phased_telescope'/>
      <tech id='garthog' height='2' width='3' image='colony/buildings/garthog/phased_telescope'/>
      <tech id='morgath' height='3' width='3' image='colony/buildings/morgath/phased_telescope'/>
      <tech id='ychom' height='3' width='3' image='colony/buildings/ychom/phased_telescope'/>
      <tech id='dribs' height='3' width='2' image='colony/buildings/dribs/phased_telescope'/>
      <tech id='sullep' height='2' width='4' image='colony/buildings/sullep/phased_telescope'/>
      <tech id='dargslan' height='2' width='2' image='colony/buildings/dargslan/phased_telescope'/>
      <tech id='ecalep' height='4' width='2' image='colony/buildings/ecalep/phased_telescope'/>
    </graphics>
    <build limit='*' kind='Radar' cost='25000' research='PhasedTelescope'/>
    <operation>
      <resource type='radar'>3</resource>
      <resource type='energy'>-2000</resource>
      <resource type='worker'>-180</resource>
    </operation>
    <upgrades/>
  </building>
  <building name='buildings.bunker' id='Bunker'>
    <graphics>
      <tech id='human' height='4' width='5' image='colony/buildings/human/bunker'/>
      <tech id='garthog' height='4' width='4' image='colony/buildings/garthog/bunker'/>
      <tech id='morgath' height='3' width='3' image='colony/buildings/morgath/bunker'/>
      <tech id='ychom' height='3' width='3' image='colony/buildings/ychom/bunker'/>
      <tech id='dribs' height='2' width='2' image='colony/buildings/dribs/bunker'/>
      <tech id='sullep' height='3' width='2' image='colony/buildings/sullep/bunker'/>
      <tech id='dargslan' height='2' width='2' image='colony/buildings/dargslan/bunker'/>
      <tech id='ecalep' height='2' width='2' image='colony/buildings/ecalep/bunker'/>
    </graphics>
    <build limit='1' kind='Bunker' cost='18000' research='Bunker'/>
    <operation>
      <resource type='survival'>50</resource>
      <resource type='energy'>-500</resource>
      <resource type='worker'>-30</resource>
    </operation>
    <upgrades/>
  </building>
  <building name='buildings.ion_projector' id='IonProjector'>
    <graphics>
      <tech id='human' height='3' width='3' image='colony/buildings/human/ion_projector'/>
      <tech id='garthog' height='2' width='3' image='colony/buildings/garthog/ion_projector'/>
      <tech id='morgath' height='3' width='3' image='colony/buildings/morgath/ion_projector'/>
      <tech id='ychom' height='2' width='4' image='colony/buildings/ychom/ion_projector'/>
      <tech id='dribs' height='4' width='2' image='colony/buildings/dribs/ion_projector'/>
      <tech id='sullep' height='2' width='2' image='colony/buildings/sullep/ion_projector'/>
      <tech id='dargslan' height='2' width='4' image='colony/buildings/dargslan/ion_projector'/>
      <tech id='ecalep' height='2' width='2' image='colony/buildings/ecalep/ion_projector'/>
    </graphics>
    <build limit='-5' kind='Gun' cost='10000'/>
    <operation>
      <resource type='ion'>50</resource>
      <resource type='energy'>-2000</resource>
      <resource type='worker'>-120</resource>
    </operation>
    <upgrades/>
  </building>
  <building name='buildings.plasma_projector' id='PlasmaProjector'>
    <graphics>
      <tech id='human' height='3' width='3' image='colony/buildings/human/plasma_projector'/>
      <tech id='garthog' height='2' width='3' image='colony/buildings/garthog/plasma_projector'/>
      <tech id='morgath' height='3' width='3' image='colony/buildings/morgath/plasma_projector'/>
      <tech id='ychom' height='2' width='4' image='colony/buildings/ychom/plasma_projector'/>
      <tech id='dribs' height='4' width='2' image='colony/buildings/dribs/plasma_projector'/>
      <tech id='sullep' height='2' width='2' image='colony/buildings/sullep/plasma_projector'/>
      <tech id='dargslan' height='2' width='4' image='colony/buildings/dargslan/plasma_projector'/>
      <tech id='ecalep' height='2' width='2' image='colony/buildings/ecalep/plasma_projector'/>
    </graphics>
    <build limit='-5' kind='Gun' cost='17800' research='PlasmaProjector'/>
    <operation>
      <resource type='plasma'>75</resource>
      <resource type='energy'>-3000</resource>
      <resource type='worker'>-150</resource>
    </operation>
    <upgrades/>
  </building>
  <building name='buildings.particle_projector' id='ParticleProjector'>
    <graphics>
      <tech height='3' width='3' id='human' image='colony/buildings/human/particle_projector'/>
      <tech id='garthog' height='2' width='3' image='colony/buildings/garthog/particle_projector'/>
      <tech id='morgath' height='3' width='3' image='colony/buildings/morgath/particle_projector'/>
      <tech id='ychom' height='2' width='4' image='colony/buildings/ychom/particle_projector'/>
      <tech id='dribs' height='4' width='2' image='colony/buildings/dribs/particle_projector'/>
      <tech id='sullep' height='2' width='2' image='colony/buildings/sullep/particle_projector'/>
      <tech id='dargslan' height='2' width='4' image='colony/buildings/dargslan/particle_projector'/>
      <tech id='ecalep' height='2' width='2' image='colony/buildings/ecalep/particle_projector'/>
    </graphics>
    <build limit='-5' kind='Gun' cost='32000' research='ParticleProjector'/>
    <operation>
      <resource type='energy'>-4000</resource>
      <resource type='worker'>-160</resource>
    </operation>
    <upgrades/>
  </building>
  <building name='buildings.meson_projector' id='MesonProjector'>
    <graphics>
      <tech height='3' width='3' id='human' image='colony/buildings/human/meson_projector'/>
      <tech id='garthog' height='2' width='3' image='colony/buildings/garthog/meson_projector'/>
      <tech id='morgath' height='3' width='3' image='colony/buildings/morgath/meson_projector'/>
      <tech id='ychom' height='2' width='4' image='colony/buildings/ychom/meson_projector'/>
      <tech id='dribs' height='4' width='2' image='colony/buildings/dribs/meson_projector'/>
      <tech id='sullep' height='2' width='2' image='colony/buildings/sullep/meson_projector'/>
      <tech id='dargslan' height='2' width='4' image='colony/buildings/dargslan/meson_projector'/>
      <tech id='ecalep' height='2' width='2' image='colony/buildings/ecalep/meson_projector'/>
    </graphics>
    <build limit='-5' kind='Gun' cost='40000' research='MesonProjector'/>
    <operation>
      <resource type='meson'>105</resource>
      <resource type='energy'>-5000</resource>
      <resource type='worker'>-165</resource>
    </operation>
    <upgrades/>
  </building>
  <building name='buildings.inversion_shield' id='InversionShield'>
    <graphics>
      <tech id='human' height='2' width='3' image='colony/buildings/human/inversion_shield'/>
      <tech id='garthog' height='2' width='3' image='colony/buildings/garthog/inversion_shield'/>
      <tech id='morgath' height='3' width='3' image='colony/buildings/morgath/inversion_shield'/>
      <tech id='ychom' height='2' width='2' image='colony/buildings/ychom/inversion_shield'/>
      <tech id='dribs' height='3' width='2' image='colony/buildings/dribs/inversion_shield'/>
      <tech id='sullep' height='2' width='2' image='colony/buildings/sullep/inversion_shield'/>
      <tech id='dargslan' height='2' width='2' image='colony/buildings/dargslan/inversion_shield'/>
      <tech id='ecalep' height='2' width='2' image='colony/buildings/ecalep/inversion_shield'/>
    </graphics>
    <build limit='-1' kind='Shield' cost='15000' research='InversionShield'/>
    <operation>
      <resource type='shield'>50</resource>
      <resource type='energy'>-4000</resource>
      <resource type='worker'>-50</resource>
    </operation>
    <upgrades/>
  </building>
  <building name='buildings.hypershield' id='HyperShield'>
    <graphics>
      <tech id='human' height='4' width='4' image='colony/buildings/human/hypershield'/>
      <tech id='garthog' height='2' width='3' image='colony/buildings/garthog/hypershield'/>
      <tech id='morgath' height='3' width='4' image='colony/buildings/morgath/hypershield'/>
      <tech id='ychom' height='3' width='4' image='colony/buildings/ychom/hypershield'/>
      <tech id='dribs' height='2' width='4' image='colony/buildings/dribs/hypershield'/>
      <tech id='sullep' height='3' width='2' image='colony/buildings/sullep/hypershield'/>
      <tech id='dargslan' height='2' width='4' image='colony/buildings/dargslan/hypershield'/>
      <tech id='ecalep' height='3' width='2' image='colony/buildings/ecalep/hypershield'/>
    </graphics>
    <build limit='-1' kind='Shield' cost='35000' research='HyperShield'/>
    <operation>
      <resource type='shield'>100</resource>
      <resource type='energy'>-6000</resource>
      <resource type='worker'>-120</resource>
    </operation>
    <upgrades/>
  </building>
  <building name='buildings.barracks' id='Barracks'>
    <graphics>
      <tech id='human' height='3' width='3' image='colony/buildings/human/barracks'/>
      <tech id='garthog' height='3' width='3' image='colony/buildings/garthog/barracks' skirmish-only="true"/>
      <tech id='morgath' height='2' width='2' image='colony/buildings/morgath/barracks' skirmish-only="true"/>
      <tech id='ecalep' height='2' width='2' image='colony/buildings/ecalep/barracks' skirmish-only="true"/>
      <tech id='sullep' height='2' width='2' image='colony/buildings/sullep/barracks' skirmish-only="true"/>
      <tech id='ychom' height='3' width='4' image='colony/buildings/ychom/barracks' skirmish-only="true"/>
      <tech id='dribs' height='3' width='2' image='colony/buildings/dribs/barracks' skirmish-only="true"/>
      <tech id='dargslan' height='2' width='2' image='colony/buildings/dargslan/barracks' skirmish-only="true"/>
    </graphics>
    <build limit='-5' kind='Defensive' cost='15000'/>
    <operation>
      <resource type='vehicles'>4</resource>
      <resource type='laser'>2</resource>
      <resource type='energy'>-1000</resource>
      <resource type='worker'>-360</resource>
    </operation>
    <upgrades/>
  </building>
  <building name='buildings.fortress' id='Fortress'>
    <graphics>
      <tech id='human' height='3' width='3' image='colony/buildings/human/fortress'/>
      <tech id='garthog' height='4' width='4' image='colony/buildings/garthog/fortress'/>
      <tech id='morgath' height='3' width='3' image='colony/buildings/morgath/fortress'/>
      <tech id='ychom' height='4' width='4' image='colony/buildings/ychom/fortress'/>
      <tech id='dribs' height='3' width='3' image='colony/buildings/dribs/fortress'/>
      <tech id='sullep' height='3' width='2' image='colony/buildings/sullep/fortress'/>
      <tech id='dargslan' height='3' width='2' image='colony/buildings/dargslan/fortress'/>
      <tech id='ecalep' height='3' width='3' image='colony/buildings/ecalep/fortress'/>
    </graphics>
    <build limit='-5' kind='Defensive' cost='30000' research='Fortress'/>
    <operation>
      <resource type='vehicles'>8</resource>
      <resource type='laser'>4</resource>
      <resource type='energy'>-1500</resource>
      <resource type='worker'>-530</resource>
    </operation>
    <upgrades/>
  </building>
  <building name='buildings.stronghold' id='Stronghold'>
    <graphics>
      <tech id='human' height='4' width='4' image='colony/buildings/human/stronghold'/>
      <tech id='garthog' height='4' width='5' image='colony/buildings/garthog/stronghold' skirmish-only="true"/>
      <tech id='morgath' height='3' width='5' image='colony/buildings/morgath/stronghold' skirmish-only="true"/>
      <tech id='ecalep' height='4' width='3' image='colony/buildings/ecalep/stronghold' skirmish-only="true"/>
      <tech id='sullep' height='3' width='3' image='colony/buildings/sullep/stronghold' skirmish-only="true"/>
      <tech id='ychom' height='5' width='5' image='colony/buildings/ychom/stronghold' skirmish-only="true"/>
      <tech id='dribs' height='3' width='3' image='colony/buildings/dribs/stronghold' skirmish-only="true"/>
      <tech id='dargslan' height='4' width='3' image='colony/buildings/dargslan/stronghold' skirmish-only="true"/>
    </graphics>
    <build limit='-5' kind='Defensive' cost='50000' research='Stronghold'/>
    <operation>
      <resource type='vehicles'>12</resource>
      <resource type='laser'>6</resource>
      <resource type='energy'>-2000</resource>
      <resource type='worker'>-550</resource>
    </operation>
    <upgrades/>
  </building>
  <building name='buildings.recreation_center' id='RecreationCenter'>
    <graphics>
      <tech id='human' height='4' width='3' image='colony/buildings/human/recreation_center'/>
      <tech id='garthog' height='4' width='3' image='colony/buildings/garthog/recreation_center' skirmish-only="true"/>
      <tech id='ecalep' height='2' width='2' image='colony/buildings/ecalep/recreation_center' skirmish-only="true"/>
      <tech id='sullep' height='2' width='4' image='colony/buildings/sullep/recreation_center' skirmish-only="true"/>
      <tech id='ychom' height='3' width='3' image='colony/buildings/ychom/recreation_center' skirmish-only="true"/>
      <tech id='dribs' height='2' width='3' image='colony/buildings/dribs/recreation_center' skirmish-only="true"/>
      <tech id='morgath' height='4' width='4' image='colony/buildings/morgath/recreation_center' skirmish-only="true"/>
      <tech id='dargslan' height='3' width='3' image='colony/buildings/dargslan/recreation_center' skirmish-only="true"/>
    </graphics>
    <build limit='*' kind='Social' cost='7500'/>
    <operation>
      <resource type='morale'>5</resource>
      <resource type='energy'>-500</resource>
      <resource type='worker'>-230</resource>
    </operation>
    <upgrades/>
  </building>
  <building name='buildings.park' id='Park'>
    <graphics>
      <tech id='human' height='6' width='6' image='colony/buildings/human/park' except="desert,frozen,cratered,liquid,neptoplasm"/>
      <tech id='garthog' height='6' width='6' image='colony/buildings/garthog/park' skirmish-only="true" except="rocky,desert,cratered,liquid,neptoplasm"/>
      <tech id='ecalep' height='6' width='6' image='colony/buildings/ecalep/park' skirmish-only="true" except="earth,rocky,desert,frozen,cratered"/>
      <tech id='sullep' height='6' width='6' image='colony/buildings/sullep/park' skirmish-only="true" except="earth,frozen,cratered,liquid,neptoplasm"/>
      <tech id='ychom' height='5' width='6' image='colony/buildings/ychom/park' skirmish-only="true" except="earth,desert,frozen,liquid,neptoplasm"/>
      <tech id='dribs' height='6' width='6' image='colony/buildings/dribs/park' skirmish-only="true" except="desert,frozen,cratered,liquid,neptoplasm"/>
      <tech id='morgath' height='3' width='3' image='colony/buildings/morgath/park' skirmish-only="true" except="earth,rocky,cratered,liquid,neptoplasm"/>
      <tech id='dargslan' height='6' width='7' image='colony/buildings/dargslan/park' skirmish-only="true" except="earth,rocky,desert,cratered,neptoplasm"/>
    </graphics>
    <build limit='*' kind='Social' cost='14000'/>
    <operation>
      <resource type='morale'>10</resource>
      <resource type='energy'>-200</resource>
      <resource type='worker'>-100</resource>
    </operation>
    <upgrades/>
  </building>
  <building name='buildings.church' id='Church'>
    <graphics>
      <tech id='human' height='3' width='3' image='colony/buildings/human/church'/>
      <tech id='garthog' height='4' width='2' image='colony/buildings/garthog/church' skirmish-only="true"/>
      <tech id='ecalep' height='3' width='2' image='colony/buildings/ecalep/church' skirmish-only="true"/>
      <tech id='sullep' height='2' width='3' image='colony/buildings/sullep/church' skirmish-only="true"/>
      <tech id='ychom' height='3' width='3' image='colony/buildings/ychom/church' skirmish-only="true"/>
      <tech id='morgath' height='2' width='3' image='colony/buildings/morgath/church' skirmish-only="true"/>
      <tech id='dargslan' height='2' width='2' image='colony/buildings/dargslan/church' skirmish-only="true"/>
      <tech id='dribs' height='2' width='3' image='colony/buildings/dribs/church' skirmish-only="true"/>
    </graphics>
    <build limit='*' kind='Social' cost='4000'/>
    <operation>
      <resource type='morale'>10</resource>
      <resource type='energy'>-100</resource>
      <resource type='worker'>-90</resource>
    </operation>
    <upgrades/>
  </building>
  <building name='buildings.bar' id='Bar'>
    <graphics>
      <tech id='human' height='4' width='4' image='colony/buildings/human/bar'/>
      <tech id='garthog' height='2' width='2' image='colony/buildings/garthog/bar' skirmish-only="true"/>
      <tech id='ecalep' height='2' width='2' image='colony/buildings/ecalep/bar' skirmish-only="true"/>
      <tech id='sullep' height='3' width='2' image='colony/buildings/sullep/bar' skirmish-only="true"/>
      <tech id='ychom' height='2' width='2' image='colony/buildings/ychom/bar' skirmish-only="true"/>
      <tech id='dribs' height='3' width='2' image='colony/buildings/dribs/bar' skirmish-only="true"/>
      <tech id='morgath' height='2' width='3' image='colony/buildings/morgath/bar' skirmish-only="true"/>
      <tech id='dargslan' height='3' width='2' image='colony/buildings/dargslan/bar' skirmish-only="true"/>
    </graphics>
    <build limit='*' kind='Social' cost='6300'/>
    <operation>
      <resource type='morale'>15</resource>
      <resource type='energy'>-700</resource>
      <resource type='worker'>-410</resource>
    </operation>
    <upgrades/>
  </building>
  <building name='buildings.stadium' id='Stadium'>
    <graphics>
      <tech id='human' height='6' width='5' image='colony/buildings/human/stadium'/>
      <tech id='garthog' height='4' width='3' image='colony/buildings/garthog/stadium' skirmish-only="true"/>
      <tech id='ecalep' height='5' width='4' image='colony/buildings/ecalep/stadium' skirmish-only="true"/>
      <tech id='sullep' height='4' width='4' image='colony/buildings/sullep/stadium' skirmish-only="true"/>
      <tech id='ychom' height='4' width='4' image='colony/buildings/ychom/stadium' skirmish-only="true"/>
      <tech id='dribs' height='5' width='4' image='colony/buildings/dribs/stadium' skirmish-only="true"/>
      <tech id='morgath' height='5' width='4' image='colony/buildings/morgath/stadium' skirmish-only="true"/>
      <tech id='dargslan' height='5' width='4' image='colony/buildings/dargslan/stadium' skirmish-only="true"/>
    </graphics>
    <build limit='*' kind='Social' cost='50000'/>
    <operation>
      <resource type='morale'>20</resource>
      <resource type='energy'>-1000</resource>
      <resource type='worker'>-860</resource>
    </operation>
    <upgrades/>
  </building>
  <building name='buildings.spy_center' id='SpyCenter'>
    <graphics>
      <tech id='human' height='3' width='3' image='colony/buildings/human/spy_center'/>
      <tech id='garthog' height='4' width='3' image='colony/buildings/garthog/spy_center'/>
      <tech id='morgath' height='3' width='3' image='colony/buildings/morgath/spy_center'/>
      <tech id='ychom' height='3' width='2' image='colony/buildings/ychom/spy_center'/>
      <tech id='dribs' height='3' width='3' image='colony/buildings/dribs/spy_center'/>
      <tech id='sullep' height='2' width='3' image='colony/buildings/sullep/spy_center'/>
      <tech id='dargslan' height='3' width='3' image='colony/buildings/dargslan/spy_center'/>
      <tech id='ecalep' height='3' width='3' image='colony/buildings/ecalep/spy_center'/>
    </graphics>
    <build limit='1' kind='Spy' cost='35000' research="SpyCenter"/>
    <operation>
      <resource type='spy'>1</resource>
      <resource type='energy'>-2000</resource>
      <resource type='worker'>-1000</resource>
    </operation>
    <upgrades/>
  </building>
  <!-- 
  <building name='buildings.university' id='University'>
    <graphics>
      <tech id='human' height='5' width='4' image='colony/buildings/human/university' skirmish-only="true"/>
      <tech id='garthog' height='5' width='3' image='colony/buildings/garthog/university' skirmish-only="true"/>
      <tech id='ecalep' height='4' width='4' image='colony/buildings/ecalep/university' skirmish-only="true"/>
      <tech id='sullep' height='3' width='4' image='colony/buildings/sullep/university' skirmish-only="true"/>
      <tech id='ychom' height='4' width='3' image='colony/buildings/ychom/university' skirmish-only="true"/>
      <tech id='dribs' height='3' width='3' image='colony/buildings/dribs/university' skirmish-only="true"/>
      <tech id='morgath' height='5' width='3' image='colony/buildings/morgath/university' skirmish-only="true"/>
      <tech id='dargslan' height='3' width='5' image='colony/buildings/dargslan/university' skirmish-only="true"/>
    </graphics>
    <build limit='1' kind='Social' cost='42000'/>
    <operation>
      <resource type='morale'>5</resource>
      <resource type='energy'>-2000</resource>
      <resource type='worker'>-620</resource>
    </operation>
    <upgrades/>
  </building>
  <building name='buildings.vocational_institute' id='VocationalInstitute'>
    <graphics>
      <tech id='human' height='4' width='5' image='colony/buildings/human/vocational_institute' skirmish-only="true"/>
      <tech id='garthog' height='3' width='3' image='colony/buildings/garthog/vocational_institute' skirmish-only="true"/>
      <tech id='ecalep' height='3' width='3' image='colony/buildings/ecalep/vocational_institute' skirmish-only="true"/>
      <tech id='sullep' height='2' width='3' image='colony/buildings/sullep/vocational_institute' skirmish-only="true"/>
      <tech id='ychom' height='3' width='3' image='colony/buildings/ychom/vocational_institute' skirmish-only="true"/>
      <tech id='dribs' height='3' width='2' image='colony/buildings/dribs/vocational_institute' skirmish-only="true"/>
      <tech id='morgath' height='3' width='3' image='colony/buildings/morgath/vocational_institute' skirmish-only="true"/>
      <tech id='dargslan' height='3' width='2' image='colony/buildings/dargslan/vocational_institute' skirmish-only="true"/>
    </graphics>
    <build limit='1' kind='Social' cost='22000'/>
    <operation>
      <resource type='morale'>5</resource>
      <resource type='energy'>-450</resource>
      <resource type='worker'>-400</resource>
    </operation>
    <upgrades/>
  </building>
   -->
  <roads>
    <graphics base='colony/roads/%s/%s'>
      <tech id='human'/>
      <tech id='garthog'/>
      <tech id='morgath'/>
      <tech id='ychom'/>
      <tech id='dribs'/>
      <tech id='sullep'/>
      <tech id='dargslan'/>
      <tech id='ecalep'/>
    </graphics>
    <layout id='road_west_east' enum='HORIZONTAL' index='1'/>
    <layout id='road_north_east' enum='TOP_TO_RIGHT' index='2'/>
    <layout id='road_west_north' enum='TOP_TO_LEFT' index='3'/>
    <layout id='road_south_west' enum='LEFT_TO_BOTTOM' index='4'/>
    <layout id='road_south_east' enum='RIGHT_TO_BOTTOM' index='5'/>
    <layout id='road_north_south' enum='VERTICAL' index='6'/>
    <layout id='road_west_east_south' enum='HORIZONTAL_BOTTOM' index='7'/>
    <layout id='road_north_south_east' enum='VERTICAL_RIGHT' index='8'/>
    <layout id='road_west_east_north' enum='HORIZONTAL_TOP' index='9'/>
    <layout id='road_north_south_west' enum='VERTICAL_LEFT' index='10'/>
    <layout id='road_cross' enum='CROSS' index='11'/>
  </roads>
  <scaffolding>
    <graphics base='colony/phases/%s/%s'>
      <tech id='human'>
        <normal base='buildup_%02d' from='1' to='28'/>
        <damaged base='damaged_%02d' from='1' to='13'/>
      </tech>
      <tech id='garthog'>
        <normal base='buildup_%02d' from='1' to='16'/>
        <damaged base='damaged_%02d' from='1' to='12'/>
      </tech>
      <tech id='morgath'>
        <normal base='buildup_%02d' from='1' to='14'/>
        <damaged base='damaged_%02d' from='1' to='14'/>
      </tech>
      <tech id='ychom'>
        <normal base='buildup_%02d' from='1' to='14'/>
        <damaged base='damaged_%02d' from='1' to='14'/>
      </tech>
      <tech id='dribs'>
        <normal base='buildup_%02d' from='1' to='21'/>
        <damaged base='damaged_%02d' from='1' to='8'/>
      </tech>
      <tech id='sullep'>
        <normal base='buildup_%02d' from='1' to='16'/>
        <damaged base='damaged_%02d' from='1' to='12'/>
      </tech>
      <tech id='dargslan'>
        <normal base='buildup_%02d' from='1' to='21'/>
        <damaged base='damaged_%02d' from='1' to='8'/>
      </tech>
      <tech id='ecalep'>
        <normal base='buildup_%02d' from='1' to='16'/>
        <damaged base='damaged_%02d' from='1' to='12'/>
      </tech>
    </graphics>
  </scaffolding>
</buildings>
