<?xml version="1.0" encoding="UTF-8"?>
<battle xmlns:xsi="http://www.w3.org/2001/XMLSchema-instance" xsi:noNamespaceSchemaLocation="../../schemas/battle.xsd">
	<projectiles>
		<projectile id="Laser1" matrix="inventions/weapons/lasers/laser_1_rotate" width="64" height="1" sound="FIRE_LASER1" damage="5" delay="1000" range="180" mode="BEAM" movement-speed="6"/>
		<projectile id="Laser2" matrix="inventions/weapons/lasers/laser_2_rotate" width="64" height="1" sound="FIRE_LASER2" damage="10" delay="900" range="200" mode="BEAM" movement-speed="5"/>
		<projectile id="Laser3" matrix="inventions/weapons/lasers/laser_3_rotate" width="64" height="1" sound="FIRE_LASER3" damage="15" delay="700" range="220" mode="BEAM" movement-speed="3"/>
		<projectile id="Laser4" matrix="inventions/weapons/lasers/laser_4_rotate" width="64" height="1" sound="FIRE_LASER4" damage="20" delay="800" range="240" mode="BEAM" movement-speed="4"/>
		<projectile id="Ion" matrix="inventions/weapons/cannons/ion_projectile_rotate" width="64" height="1" sound="FIRE_PARTICLE" damage="20" delay="1200" range="300" mode="BEAM" movement-speed="9"/>
		<projectile id="Plasma" matrix="inventions/weapons/cannons/plasma_projectile_rotate" width="64" height="1" sound="FIRE_PARTICLE" damage="25" delay="1100" range="320" mode="BEAM" movement-speed="10"/>
		<projectile id="Particle" matrix="inventions/weapons/cannons/particle_projectile_matrix" width="1" height="12" sound="FIRE_MESON" damage="35" delay="1000" range="340" mode="BEAM" movement-speed="8"/>
		<projectile id="Meson" matrix="inventions/weapons/cannons/meson_projectile_matrix" width="1" height="12" sound="FIRE_MESON" damage="40" delay="1100" range="360" mode="BEAM" movement-speed="7"/>
		<projectile id="Rocket1" matrix="inventions/weapons/projectiles/rocket_1_rotate" alternative="inventions/weapons/projectiles/alien_rocket_1_rotate" width="64" height="1" sound="FIRE_ROCKET_1" damage="400" delay="1500" range="-1" mode="ROCKET" movement-speed="15" rotation-time="50"/>
		<projectile id="Rocket2" matrix="inventions/weapons/projectiles/rocket_2_rotate" alternative="inventions/weapons/projectiles/alien_rocket_2_rotate" width="64" height="1" sound="FIRE_ROCKET_1" damage="700" delay="1500" range="-1" mode="ROCKET" movement-speed="15" rotation-time="50"/>
		<projectile id="MultiheadedRocket" matrix="inventions/weapons/projectiles/multi_headed_rocket_rotate" alternative="inventions/weapons/projectiles/alien_multi_headed_rocket_rotate" width="64" height="1" sound="FIRE_ROCKET_1" damage="900" delay="1500" range="-1" mode="MULTI_ROCKET" movement-speed="15" rotation-time="50"/>
		<projectile id="Bomb1" matrix="inventions/weapons/projectiles/bomb_1_rotate" alternative="inventions/weapons/projectiles/alien_bomb_1_rotate" width="64" height="1" sound="FIRE_ROCKET_1" damage="1000" delay="1500" range="-1" mode="BOMB" movement-speed="15" rotation-time="50"/>
		<projectile id="Bomb2" matrix="inventions/weapons/projectiles/bomb_2_rotate" alternative="inventions/weapons/projectiles/alien_bomb_2_rotate" width="64" height="1" sound="FIRE_ROCKET_1" damage="3400" delay="1500" range="-1" mode="BOMB" movement-speed="15" rotation-time="50"/>
		<projectile id="VirusBomb" matrix="inventions/weapons/projectiles/virus_bomb_rotate" alternative="inventions/weapons/projectiles/alien_virus_bomb_rotate" width="64" height="1" sound="FIRE_ROCKET_1" damage="4600" delay="1500" range="-1" mode="VIRUS" movement-speed="15" rotation-time="50"/>
	</projectiles>
	<!-- Entities for spacewar with rotation info for regular and alternative 
		appearances. -->
	<space-entities>
		<tech id="Fighter1" normal="inventions/spaceships/fighters/fighter_1_rotate" alternative="inventions/spaceships/fighters/alien_fighter_1_rotate" image="inventions/spaceships/fighters/fighter_1_huge" width="64" sound="EXPLOSION_LONG" movement-speed="25" rotation-time="200" hp="200"/>
		<tech id="Fighter2" normal="inventions/spaceships/fighters/fighter_2_rotate" alternative="inventions/spaceships/fighters/alien_fighter_2_rotate" image="inventions/spaceships/fighters/fighter_2_huge" width="64" sound="EXPLOSION_LONG" movement-speed="25" rotation-time="200" hp="300"/>
		<tech id="Fighter3" normal="inventions/spaceships/fighters/fighter_3_rotate" alternative="inventions/spaceships/fighters/alien_fighter_3_rotate" image="inventions/spaceships/fighters/fighter_3_huge" width="64" sound="EXPLOSION_LONG" movement-speed="25" rotation-time="200" hp="400"/>
		<tech id="Fighter4" normal="inventions/spaceships/fighters/fighter_4_rotate" alternative="inventions/spaceships/fighters/alien_fighter_4_rotate" image="inventions/spaceships/fighters/fighter_4_huge" width="64" sound="EXPLOSION_LONG" movement-speed="25" rotation-time="200" hp="500"/>
		<tech id="Fighter5" normal="inventions/spaceships/fighters/fighter_5_rotate" alternative="inventions/spaceships/fighters/alien_fighter_5_rotate" image="inventions/spaceships/fighters/fighter_5_huge" width="64" sound="EXPLOSION_LONG" movement-speed="25" rotation-time="200" hp="600"/>
		<tech id="Fighter6" normal="inventions/spaceships/fighters/fighter_6_rotate" alternative="inventions/spaceships/fighters/alien_fighter_6_rotate" image="inventions/spaceships/fighters/fighter_6_huge" width="64" sound="EXPLOSION_LONG" movement-speed="25" rotation-time="200" hp="700"/>
		
		<tech id="Cruiser1" normal="inventions/spaceships/cruisers/cruiser_1_rotate" alternative="inventions/spaceships/cruisers/alien_cruiser_1_rotate" image="inventions/spaceships/cruisers/cruiser_1_huge" width="64" sound="EXPLOSION_LONG" movement-speed="50" rotation-time="150" hp="1500">
			<efficiency category='SPACESHIPS_FIGHTERS' damage-multiplier='0.5'/>
		</tech>
		<tech id="Cruiser2" normal="inventions/spaceships/cruisers/cruiser_2_rotate" alternative="inventions/spaceships/cruisers/alien_cruiser_2_rotate" image="inventions/spaceships/cruisers/cruiser_2_huge" width="64" sound="EXPLOSION_LONG" movement-speed="50" rotation-time="150" hp="4000">
			<efficiency category='SPACESHIPS_FIGHTERS' damage-multiplier='0.35'/>
		</tech>
		<tech id="Cruiser3" normal="inventions/spaceships/cruisers/cruiser_3_rotate" alternative="inventions/spaceships/cruisers/alien_cruiser_3_rotate" image="inventions/spaceships/cruisers/cruiser_3_huge" width="64" sound="EXPLOSION_LONG" movement-speed="50" rotation-time="150" hp="7000">
			<efficiency category='SPACESHIPS_FIGHTERS' damage-multiplier='0.1'/>
		</tech>
		
		<tech id="Destroyer1" normal="inventions/spaceships/cruisers/destroyer_1_rotate" alternative="inventions/spaceships/cruisers/alien_destroyer_1_rotate" image="inventions/spaceships/cruisers/destroyer_1_huge" width="64" sound="EXPLOSION_LONG" movement-speed="50" rotation-time="150" hp="600"/>
		<tech id="Destroyer2" normal="inventions/spaceships/cruisers/destroyer_2_rotate" alternative="inventions/spaceships/cruisers/alien_destroyer_2_rotate" image="inventions/spaceships/cruisers/destroyer_2_huge" width="64" sound="EXPLOSION_LONG" movement-speed="50" rotation-time="150" hp="1000">
			<efficiency category='SPACESHIPS_FIGHTERS' damage-multiplier='0.25'/>
		</tech>
		<tech id="Destroyer3" normal="inventions/spaceships/cruisers/destroyer_3_rotate" alternative="inventions/spaceships/cruisers/alien_destroyer_3_rotate" image="inventions/spaceships/cruisers/destroyer_3_huge" width="64" sound="EXPLOSION_LONG" movement-speed="50" rotation-time="150" hp="4500">
			<efficiency category='SPACESHIPS_FIGHTERS' damage-multiplier='0.1'/>
		</tech>
		
		<tech id="Battleship1" normal="inventions/spaceships/battleships/battleship_1_rotate" alternative="inventions/spaceships/battleships/alien_battleship_1_rotate" image="inventions/spaceships/battleships/battleship_1_huge" width="64" sound="EXPLOSION_LONG" movement-speed="100" rotation-time="50" hp="3500">
			<efficiency category='SPACESHIPS_FIGHTERS' damage-multiplier='0.05'/>
		</tech>
		<tech id="Battleship2" normal="inventions/spaceships/battleships/battleship_2_rotate" alternative="inventions/spaceships/battleships/alien_battleship_2_rotate" image="inventions/spaceships/battleships/battleship_2_huge" width="64" sound="EXPLOSION_LONG" movement-speed="100" rotation-time="50" hp="9000">
			<efficiency category='SPACESHIPS_FIGHTERS' damage-multiplier='0.065'/>
		</tech>
		<tech id="Battleship3" normal="inventions/spaceships/battleships/battleship_3_rotate" alternative="inventions/spaceships/battleships/alien_battleship_3_rotate" image="inventions/spaceships/battleships/battleship_3_huge" width="64" sound="EXPLOSION_LONG" movement-speed="75" rotation-time="100" hp="12000">
			<efficiency category='SPACESHIPS_FIGHTERS' damage-multiplier='0.08'/>
		</tech>
		<tech id="Flagship" normal="inventions/spaceships/battleships/thorin_rotate" alternative="inventions/spaceships/battleships/alien_thorin_rotate" image="inventions/spaceships/battleships/thorin_huge" width="64" sound="EXPLOSION_LONG" movement-speed="75" rotation-time="100" hp="14000">
			<efficiency category='SPACESHIPS_FIGHTERS' damage-multiplier='0.095'/>
		</tech>
		
		<tech id="SpaceStation1" normal="inventions/spaceships/stations/space_station_1_rotate" alternative="inventions/spaceships/stations/alien_space_station_1_rotate" image="inventions/spaceships/stations/space_station_1_huge" width="1" sound="EXPLOSION_LONG" hp="9000" rotation-time="1" movement-speed="1">
			<efficiency category='SPACESHIPS_FIGHTERS' damage-multiplier='0.05'/>
		</tech>
		<tech id="SpaceStation2" normal="inventions/spaceships/stations/space_station_2_rotate" alternative="inventions/spaceships/stations/alien_space_station_2_rotate" image="inventions/spaceships/stations/space_station_2_huge" width="1" sound="EXPLOSION_LONG" hp="17000" hp-skirmish='35000' rotation-time="1" movement-speed="1">
			<efficiency category='SPACESHIPS_FIGHTERS' damage-multiplier='0.075'/>
		</tech>
		<tech id="SpaceStation3" normal="inventions/spaceships/stations/space_station_3_rotate" alternative="inventions/spaceships/stations/alien_space_station_3_rotate" image="inventions/spaceships/stations/space_station_3_huge" width="1" sound="EXPLOSION_LONG" hp="27000" hp-skirmish='55000' rotation-time="1" movement-speed="1">
			<efficiency category='SPACESHIPS_FIGHTERS' damage-multiplier='0.1'/>
		</tech>
        <tech id="SpaceStation3Alien" normal="inventions/spaceships/stations/space_station_3_rotate" alternative="inventions/spaceships/stations/alien_space_station_3_rotate" image="inventions/spaceships/stations/space_station_3_huge" width="1" sound="EXPLOSION_LONG" hp="27000" hp-skirmish='55000' rotation-time="1" movement-speed="1">
            <efficiency category='SPACESHIPS_FIGHTERS' damage-multiplier='0.1'/>
        </tech>
		<tech id="OrbitalFactory" normal="inventions/spaceships/stations/orbital_factory_rotate" alternative="inventions/spaceships/stations/alien_orbital_factory_rotate" image="inventions/spaceships/stations/orbital_factory_huge" width="1" sound="EXPLOSION_LONG" hp="15000" hp-skirmish='30000' rotation-time="1" movement-speed="1"/>
		<tech id="ColonyShip" normal="inventions/spaceships/battleships/colonyship_rotate" alternative="inventions/spaceships/battleships/alien_colonyship_rotate" image="inventions/spaceships/battleships/colonyship_huge" width="64" sound="EXPLOSION_LONG" movement-speed="50" rotation-time="150" hp="3000"/>

		<tech id="PirateFighter" normal="inventions/spaceships/fighters/pirate_fighter_rotate" image="inventions/spaceships/fighters/pirate_fighter_huge" width="64" sound="EXPLOSION_LONG" movement-speed="25" rotation-time="200" hp="180"/>
		<tech id="PirateFighter2" normal="inventions/spaceships/fighters/pirate_fighter_rotate" image="inventions/spaceships/fighters/pirate_fighter_huge" width="64" sound="EXPLOSION_LONG" movement-speed="25" rotation-time="200" hp="350"/> <!-- Mission 4 custom fighter. -->

		<tech id="GarthogFighter" normal="inventions/spaceships/fighters/garthog_fighter_rotate" image="inventions/spaceships/fighters/garthog_fighter_huge" width="64" sound="EXPLOSION_LONG" movement-speed="25" rotation-time="200" hp="200"/>
		<tech id="GarthogFighter1" normal="inventions/spaceships/fighters/garthog_fighter_rotate" image="inventions/spaceships/fighters/garthog_fighter_1_huge" width="64" sound="EXPLOSION_LONG" movement-speed="25" rotation-time="200" hp="420"/>
		<tech id="GarthogFighter2" normal="inventions/spaceships/fighters/garthog_fighter_rotate" image="inventions/spaceships/fighters/garthog_fighter_2_huge" width="64" sound="EXPLOSION_LONG" movement-speed="25" rotation-time="200" hp="520"/>
		<tech id="GarthogFighter3" normal="inventions/spaceships/fighters/garthog_fighter_rotate" image="inventions/spaceships/fighters/garthog_fighter_3_huge" width="64" sound="EXPLOSION_LONG" movement-speed="25" rotation-time="200" hp="620"/>
		<tech id="GarthogFighter4" normal="inventions/spaceships/fighters/garthog_fighter_rotate" image="inventions/spaceships/fighters/garthog_fighter_4_huge" width="64" sound="EXPLOSION_LONG" movement-speed="25" rotation-time="200" hp="720"/>

		<tech id="DargslanFighter" normal="inventions/spaceships/fighters/dargslan_fighter_rotate" image="inventions/spaceships/fighters/dargslan_fighter_huge" width="64" sound="EXPLOSION_LONG" movement-speed="25" rotation-time="200" hp="1000"/>
		<tech id="DribsFighter" normal="inventions/spaceships/fighters/dribs_fighter_rotate" image="inventions/spaceships/fighters/dribs_fighter_huge" width="64" sound="EXPLOSION_LONG" movement-speed="25" rotation-time="200" hp="550"/>
		<tech id="EcalepFighter" normal="inventions/spaceships/fighters/ecalep_fighter_rotate" image="inventions/spaceships/fighters/ecalep_fighter_huge" width="64" sound="EXPLOSION_LONG" movement-speed="25" rotation-time="200" hp="500"/>
		<tech id="MorgathFighter" normal="inventions/spaceships/fighters/morgath_fighter_rotate" image="inventions/spaceships/fighters/morgath_fighter_huge" width="64" sound="EXPLOSION_LONG" movement-speed="25" rotation-time="200" hp="550"/>
		<tech id="SullepFighter" normal="inventions/spaceships/fighters/sullep_fighter_rotate" image="inventions/spaceships/fighters/sullep_fighter_huge" width="64" sound="EXPLOSION_LONG" movement-speed="25" rotation-time="200" hp="600"/>
		<tech id="SullepFighterB" normal="inventions/spaceships/fighters/sullep_fighter_b_rotate" image="inventions/spaceships/fighters/sullep_fighter_b_huge" width="64" sound="EXPLOSION_LONG" movement-speed="25" rotation-time="200" hp="550"/>
		<tech id="YchomFighter" normal="inventions/spaceships/fighters/ychom_fighter_rotate" image="inventions/spaceships/fighters/ychom_fighter_huge" width="64" sound="EXPLOSION_LONG" movement-speed="25" rotation-time="200" hp="600"/>

		<tech id="DargslanDestroyer" normal="inventions/spaceships/cruisers/dargslan_destroyer_rotate" image="inventions/spaceships/cruisers/dargslan_destroyer_huge" width="64" sound="EXPLOSION_LONG" movement-speed="50" rotation-time="150" hp="5000">
			<efficiency category='SPACESHIPS_FIGHTERS' damage-multiplier='0.2'/>
		</tech>
		<tech id="DribsDestroyer" normal="inventions/spaceships/cruisers/dribs_destroyer_rotate" image="inventions/spaceships/cruisers/dribs_destroyer_huge" width="64" sound="EXPLOSION_LONG" movement-speed="50" rotation-time="150" hp="3500">
			<efficiency category='SPACESHIPS_FIGHTERS' damage-multiplier='0.2'/>
		</tech>
		<tech id="EcalepDestroyer" normal="inventions/spaceships/cruisers/ecalep_destroyer_rotate" image="inventions/spaceships/cruisers/ecalep_destroyer_huge" width="64" sound="EXPLOSION_LONG" movement-speed="50" rotation-time="150" hp="5000">
			<efficiency category='SPACESHIPS_FIGHTERS' damage-multiplier='0.2'/>
		</tech>
		<tech id="SullepDestroyer" normal="inventions/spaceships/cruisers/sullep_destroyer_rotate" image="inventions/spaceships/cruisers/sullep_destroyer_huge" width="64" sound="EXPLOSION_LONG" movement-speed="50" rotation-time="150" hp="4000">
			<efficiency category='SPACESHIPS_FIGHTERS' damage-multiplier='0.2'/>
		</tech>
		
		<tech id="GarthogDestroyer" normal="inventions/spaceships/cruisers/garthog_destroyer_rotate" image="inventions/spaceships/cruisers/garthog_destroyer_huge" width="64" sound="EXPLOSION_LONG" movement-speed="50" rotation-time="150" hp="1000">
			<efficiency category='SPACESHIPS_FIGHTERS' damage-multiplier='0.25'/>
		</tech>
		<tech id="GarthogDestroyer1" normal="inventions/spaceships/cruisers/garthog_destroyer_rotate" image="inventions/spaceships/cruisers/garthog_destroyer_1_huge" width="64" sound="EXPLOSION_LONG" movement-speed="50" rotation-time="150" hp="2500">
			<efficiency category='SPACESHIPS_FIGHTERS' damage-multiplier='0.25'/>
		</tech>
		<tech id="GarthogDestroyer2" normal="inventions/spaceships/cruisers/garthog_destroyer_rotate" image="inventions/spaceships/cruisers/garthog_destroyer_2_huge" width="64" sound="EXPLOSION_LONG" movement-speed="50" rotation-time="150" hp="4500">
			<efficiency category='SPACESHIPS_FIGHTERS' damage-multiplier='0.25'/>
		</tech>
		<tech id="GarthogDestroyer3" normal="inventions/spaceships/cruisers/garthog_destroyer_rotate" image="inventions/spaceships/cruisers/garthog_destroyer_3_huge" width="64" sound="EXPLOSION_LONG" movement-speed="50" rotation-time="150" hp="5500">
			<efficiency category='SPACESHIPS_FIGHTERS' damage-multiplier='0.25'/>
		</tech>
		<tech id="GarthogDestroyer4" normal="inventions/spaceships/cruisers/garthog_destroyer_rotate" image="inventions/spaceships/cruisers/garthog_destroyer_4_huge" width="64" sound="EXPLOSION_LONG" movement-speed="50" rotation-time="150" hp="8000">
			<efficiency category='SPACESHIPS_FIGHTERS' damage-multiplier='0.25'/>
		</tech>
		
		<tech id="MorgathDestroyer" normal="inventions/spaceships/cruisers/morgath_destroyer_rotate" image="inventions/spaceships/cruisers/morgath_destroyer_huge" width="64" sound="EXPLOSION_LONG" movement-speed="50" rotation-time="150" hp="2500">
			<efficiency category='SPACESHIPS_FIGHTERS' damage-multiplier='0.2'/>
		</tech>
		<tech id="PirateDestroyer" normal="inventions/spaceships/cruisers/pirate_destroyer_rotate" image="inventions/spaceships/cruisers/pirate_destroyer_huge" width="64" sound="EXPLOSION_LONG" movement-speed="50" rotation-time="150" hp="500">
			<efficiency category='SPACESHIPS_FIGHTERS' damage-multiplier='0.2'/>
		</tech>
		<tech id="YchomDestroyer" normal="inventions/spaceships/cruisers/ychom_destroyer_rotate" image="inventions/spaceships/cruisers/ychom_destroyer_huge" width="64" sound="EXPLOSION_LONG" movement-speed="50" rotation-time="150" hp="2100">
			<efficiency category='SPACESHIPS_FIGHTERS' damage-multiplier='0.2'/>
		</tech>

		<tech id="DargslanBattleship" normal="inventions/spaceships/battleships/dargslan_battleship_rotate" image="inventions/spaceships/battleships/dargslan_battleship_huge" width="64" sound="EXPLOSION_LONG" movement-speed="100" rotation-time="50" hp="12000">
			<efficiency category='SPACESHIPS_FIGHTERS' damage-multiplier='0.1'/>
		</tech>
		<tech id="DribsBattleship" normal="inventions/spaceships/battleships/dribs_battleship_rotate" image="inventions/spaceships/battleships/dribs_battleship_huge" width="64" sound="EXPLOSION_LONG" movement-speed="100" rotation-time="50" hp="6500">
			<efficiency category='SPACESHIPS_FIGHTERS' damage-multiplier='0.1'/>
		</tech>
		<tech id="EcalepBattleship" normal="inventions/spaceships/battleships/ecalep_battleship_rotate" image="inventions/spaceships/battleships/ecalep_battleship_huge" width="64" sound="EXPLOSION_LONG" movement-speed="100" rotation-time="50" hp="12000">
			<efficiency category='SPACESHIPS_FIGHTERS' damage-multiplier='0.1'/>
		</tech>

		<tech id="GarthogBattleship" normal="inventions/spaceships/battleships/garthog_battleship_rotate" image="inventions/spaceships/battleships/garthog_battleship_huge" width="64" sound="EXPLOSION_LONG" movement-speed="100" rotation-time="50" hp="3500">
			<efficiency category='SPACESHIPS_FIGHTERS' damage-multiplier='0.1'/>
		</tech>
		<tech id="GarthogBattleship1" normal="inventions/spaceships/battleships/garthog_battleship_rotate" image="inventions/spaceships/battleships/garthog_battleship_1_huge" width="64" sound="EXPLOSION_LONG" movement-speed="100" rotation-time="50" hp="4000">
			<efficiency category='SPACESHIPS_FIGHTERS' damage-multiplier='0.1'/>
		</tech>
		<tech id="GarthogBattleship2" normal="inventions/spaceships/battleships/garthog_battleship_rotate" image="inventions/spaceships/battleships/garthog_battleship_2_huge" width="64" sound="EXPLOSION_LONG" movement-speed="100" rotation-time="50" hp="8500">
			<efficiency category='SPACESHIPS_FIGHTERS' damage-multiplier='0.1'/>
		</tech>
		<tech id="GarthogBattleship3" normal="inventions/spaceships/battleships/garthog_battleship_rotate" image="inventions/spaceships/battleships/garthog_battleship_3_huge" width="64" sound="EXPLOSION_LONG" movement-speed="100" rotation-time="50" hp="13000">
			<efficiency category='SPACESHIPS_FIGHTERS' damage-multiplier='0.1'/>
		</tech>

		<tech id="MorgathBattleship" normal="inventions/spaceships/battleships/morgath_battleship_rotate" image="inventions/spaceships/battleships/morgath_battleship_huge" width="64" sound="EXPLOSION_LONG" movement-speed="100" rotation-time="50" hp="6500">
			<efficiency category='SPACESHIPS_FIGHTERS' damage-multiplier='0.1'/>
		</tech>
		<tech id="SullepBattleship" normal="inventions/spaceships/battleships/sullep_battleship_rotate" image="inventions/spaceships/battleships/sullep_battleship_huge" width="64" sound="EXPLOSION_LONG" movement-speed="100" rotation-time="50" hp="9000">
			<efficiency category='SPACESHIPS_FIGHTERS' damage-multiplier='0.1'/>
		</tech>
		<tech id="YchomBattleship" normal="inventions/spaceships/battleships/ychom_battleship_rotate" image="inventions/spaceships/battleships/ychom_battleship_huge" width="64" sound="EXPLOSION_LONG" movement-speed="100" rotation-time="50" hp="5500">
			<efficiency category='SPACESHIPS_FIGHTERS' damage-multiplier='0.1'/>
		</tech>

		<tech id="TradersFreight1" normal="inventions/spaceships/cruisers/traders_freight_1_rotate" image="inventions/spaceships/cruisers/traders_freight_1_huge" width="64" sound="EXPLOSION_LONG" movement-speed="50" rotation-time="150" hp="650"/>
		<tech id="TradersFreight2" normal="inventions/spaceships/cruisers/traders_freight_2_rotate" image="inventions/spaceships/cruisers/traders_freight_2_huge" width="64" sound="EXPLOSION_LONG" movement-speed="50" rotation-time="150" hp="950"/>
		<tech id="TradersFreight3" normal="inventions/spaceships/cruisers/traders_freight_2_rotate" image="inventions/spaceships/cruisers/traders_freight_2_huge" width="64" sound="EXPLOSION_LONG" movement-speed="50" rotation-time="150" hp="1100"/>
		<tech id="GarthogVirusBomb" normal="inventions/spaceships/fighters/garthog_virus_bomb_rotate" image="inventions/spaceships/fighters/garthog_virus_bomb_huge" width="64" sound="EXPLOSION_LONG" movement-speed="100" rotation-time="25" hp="400"/>

		<tech id="DargslanFighter1" normal="inventions/spaceships/fighters/dargslan_fighter_rotate" image="inventions/spaceships/fighters/dargslan_fighter_1_huge" width="64" sound="EXPLOSION_LONG" movement-speed="25" rotation-time="200" hp="420"/>
		<tech id="DargslanFighter2" normal="inventions/spaceships/fighters/dargslan_fighter_rotate" image="inventions/spaceships/fighters/dargslan_fighter_2_huge" width="64" sound="EXPLOSION_LONG" movement-speed="25" rotation-time="200" hp="520"/>
		<tech id="DargslanFighter3" normal="inventions/spaceships/fighters/dargslan_fighter_rotate" image="inventions/spaceships/fighters/dargslan_fighter_3_huge" width="64" sound="EXPLOSION_LONG" movement-speed="25" rotation-time="200" hp="620"/>
		<tech id="DargslanFighter4" normal="inventions/spaceships/fighters/dargslan_fighter_rotate" image="inventions/spaceships/fighters/dargslan_fighter_4_huge" width="64" sound="EXPLOSION_LONG" movement-speed="25" rotation-time="200" hp="720"/>
		<tech id="DargslanDestroyer1" normal="inventions/spaceships/cruisers/dargslan_destroyer_rotate" image="inventions/spaceships/cruisers/dargslan_destroyer_1_huge" width="64" sound="EXPLOSION_LONG" movement-speed="50" rotation-time="150" hp="2500">
			<efficiency category='SPACESHIPS_FIGHTERS' damage-multiplier='0.25'/>
		</tech>
		<tech id="DargslanDestroyer2" normal="inventions/spaceships/cruisers/dargslan_destroyer_rotate" image="inventions/spaceships/cruisers/dargslan_destroyer_2_huge" width="64" sound="EXPLOSION_LONG" movement-speed="50" rotation-time="150" hp="4500">
			<efficiency category='SPACESHIPS_FIGHTERS' damage-multiplier='0.25'/>
		</tech>
		<tech id="DargslanDestroyer3" normal="inventions/spaceships/cruisers/dargslan_destroyer_rotate" image="inventions/spaceships/cruisers/dargslan_destroyer_3_huge" width="64" sound="EXPLOSION_LONG" movement-speed="50" rotation-time="150" hp="5500">
			<efficiency category='SPACESHIPS_FIGHTERS' damage-multiplier='0.25'/>
		</tech>
		<tech id="DargslanDestroyer4" normal="inventions/spaceships/cruisers/dargslan_destroyer_rotate" image="inventions/spaceships/cruisers/dargslan_destroyer_4_huge" width="64" sound="EXPLOSION_LONG" movement-speed="50" rotation-time="150" hp="8000">
			<efficiency category='SPACESHIPS_FIGHTERS' damage-multiplier='0.25'/>
		</tech>
		<tech id="DargslanBattleship1" normal="inventions/spaceships/battleships/dargslan_battleship_rotate" image="inventions/spaceships/battleships/dargslan_battleship_1_huge" width="64" sound="EXPLOSION_LONG" movement-speed="100" rotation-time="50" hp="4000">
			<efficiency category='SPACESHIPS_FIGHTERS' damage-multiplier='0.1'/>
		</tech>
		<tech id="DargslanBattleship2" normal="inventions/spaceships/battleships/dargslan_battleship_rotate" image="inventions/spaceships/battleships/dargslan_battleship_2_huge" width="64" sound="EXPLOSION_LONG" movement-speed="100" rotation-time="50" hp="8500">
			<efficiency category='SPACESHIPS_FIGHTERS' damage-multiplier='0.1'/>
		</tech>
		<tech id="DargslanBattleship3" normal="inventions/spaceships/battleships/dargslan_battleship_rotate" image="inventions/spaceships/battleships/dargslan_battleship_3_huge" width="64" sound="EXPLOSION_LONG" movement-speed="100" rotation-time="50" hp="13000">
			<efficiency category='SPACESHIPS_FIGHTERS' damage-multiplier='0.1'/>
		</tech>

		<tech id="MorgathFighter1" normal="inventions/spaceships/fighters/morgath_fighter_rotate" image="inventions/spaceships/fighters/morgath_fighter_1_huge" width="64" sound="EXPLOSION_LONG" movement-speed="25" rotation-time="200" hp="420"/>
		<tech id="MorgathFighter2" normal="inventions/spaceships/fighters/morgath_fighter_rotate" image="inventions/spaceships/fighters/morgath_fighter_2_huge" width="64" sound="EXPLOSION_LONG" movement-speed="25" rotation-time="200" hp="520"/>
		<tech id="MorgathFighter3" normal="inventions/spaceships/fighters/morgath_fighter_rotate" image="inventions/spaceships/fighters/morgath_fighter_3_huge" width="64" sound="EXPLOSION_LONG" movement-speed="25" rotation-time="200" hp="620"/>
		<tech id="MorgathFighter4" normal="inventions/spaceships/fighters/morgath_fighter_rotate" image="inventions/spaceships/fighters/morgath_fighter_4_huge" width="64" sound="EXPLOSION_LONG" movement-speed="25" rotation-time="200" hp="720"/>
		<tech id="MorgathDestroyer1" normal="inventions/spaceships/cruisers/morgath_destroyer_rotate" image="inventions/spaceships/cruisers/morgath_destroyer_1_huge" width="64" sound="EXPLOSION_LONG" movement-speed="50" rotation-time="150" hp="2500">
			<efficiency category='SPACESHIPS_FIGHTERS' damage-multiplier='0.25'/>
		</tech>
		<tech id="MorgathDestroyer2" normal="inventions/spaceships/cruisers/morgath_destroyer_rotate" image="inventions/spaceships/cruisers/morgath_destroyer_2_huge" width="64" sound="EXPLOSION_LONG" movement-speed="50" rotation-time="150" hp="4500">
			<efficiency category='SPACESHIPS_FIGHTERS' damage-multiplier='0.25'/>
		</tech>
		<tech id="MorgathDestroyer3" normal="inventions/spaceships/cruisers/morgath_destroyer_rotate" image="inventions/spaceships/cruisers/morgath_destroyer_3_huge" width="64" sound="EXPLOSION_LONG" movement-speed="50" rotation-time="150" hp="5500">
			<efficiency category='SPACESHIPS_FIGHTERS' damage-multiplier='0.25'/>
		</tech>
		<tech id="MorgathDestroyer4" normal="inventions/spaceships/cruisers/morgath_destroyer_rotate" image="inventions/spaceships/cruisers/morgath_destroyer_4_huge" width="64" sound="EXPLOSION_LONG" movement-speed="50" rotation-time="150" hp="8000">
			<efficiency category='SPACESHIPS_FIGHTERS' damage-multiplier='0.25'/>
		</tech>
		<tech id="MorgathBattleship1" normal="inventions/spaceships/battleships/morgath_battleship_rotate" image="inventions/spaceships/battleships/morgath_battleship_1_huge" width="64" sound="EXPLOSION_LONG" movement-speed="100" rotation-time="50" hp="4000">
			<efficiency category='SPACESHIPS_FIGHTERS' damage-multiplier='0.1'/>
		</tech>
		<tech id="MorgathBattleship2" normal="inventions/spaceships/battleships/morgath_battleship_rotate" image="inventions/spaceships/battleships/morgath_battleship_2_huge" width="64" sound="EXPLOSION_LONG" movement-speed="100" rotation-time="50" hp="8500">
			<efficiency category='SPACESHIPS_FIGHTERS' damage-multiplier='0.1'/>
		</tech>
		<tech id="MorgathBattleship3" normal="inventions/spaceships/battleships/morgath_battleship_rotate" image="inventions/spaceships/battleships/morgath_battleship_3_huge" width="64" sound="EXPLOSION_LONG" movement-speed="100" rotation-time="50" hp="13000">
			<efficiency category='SPACESHIPS_FIGHTERS' damage-multiplier='0.1'/>
		</tech>
		<tech id="EcalepFighter1" normal="inventions/spaceships/fighters/ecalep_fighter_rotate" image="inventions/spaceships/fighters/ecalep_fighter_1_huge" width="64" sound="EXPLOSION_LONG" movement-speed="25" rotation-time="200" hp="420"/>
		<tech id="EcalepFighter2" normal="inventions/spaceships/fighters/ecalep_fighter_rotate" image="inventions/spaceships/fighters/ecalep_fighter_2_huge" width="64" sound="EXPLOSION_LONG" movement-speed="25" rotation-time="200" hp="520"/>
		<tech id="EcalepFighter3" normal="inventions/spaceships/fighters/ecalep_fighter_rotate" image="inventions/spaceships/fighters/ecalep_fighter_3_huge" width="64" sound="EXPLOSION_LONG" movement-speed="25" rotation-time="200" hp="620"/>
		<tech id="EcalepFighter4" normal="inventions/spaceships/fighters/ecalep_fighter_rotate" image="inventions/spaceships/fighters/ecalep_fighter_4_huge" width="64" sound="EXPLOSION_LONG" movement-speed="25" rotation-time="200" hp="720"/>
		<tech id="EcalepDestroyer1" normal="inventions/spaceships/cruisers/ecalep_destroyer_rotate" image="inventions/spaceships/cruisers/ecalep_destroyer_1_huge" width="64" sound="EXPLOSION_LONG" movement-speed="50" rotation-time="150" hp="2500">
			<efficiency category='SPACESHIPS_FIGHTERS' damage-multiplier='0.25'/>
		</tech>
		<tech id="EcalepDestroyer2" normal="inventions/spaceships/cruisers/ecalep_destroyer_rotate" image="inventions/spaceships/cruisers/ecalep_destroyer_2_huge" width="64" sound="EXPLOSION_LONG" movement-speed="50" rotation-time="150" hp="4500">
			<efficiency category='SPACESHIPS_FIGHTERS' damage-multiplier='0.25'/>
		</tech>
		<tech id="EcalepDestroyer3" normal="inventions/spaceships/cruisers/ecalep_destroyer_rotate" image="inventions/spaceships/cruisers/ecalep_destroyer_3_huge" width="64" sound="EXPLOSION_LONG" movement-speed="50" rotation-time="150" hp="5500">
			<efficiency category='SPACESHIPS_FIGHTERS' damage-multiplier='0.25'/>
		</tech>
		<tech id="EcalepDestroyer4" normal="inventions/spaceships/cruisers/ecalep_destroyer_rotate" image="inventions/spaceships/cruisers/ecalep_destroyer_4_huge" width="64" sound="EXPLOSION_LONG" movement-speed="50" rotation-time="150" hp="8000">
			<efficiency category='SPACESHIPS_FIGHTERS' damage-multiplier='0.25'/>
		</tech>
		<tech id="EcalepBattleship1" normal="inventions/spaceships/battleships/ecalep_battleship_rotate" image="inventions/spaceships/battleships/ecalep_battleship_1_huge" width="64" sound="EXPLOSION_LONG" movement-speed="100" rotation-time="50" hp="4000">
			<efficiency category='SPACESHIPS_FIGHTERS' damage-multiplier='0.1'/>
		</tech>
		<tech id="EcalepBattleship2" normal="inventions/spaceships/battleships/ecalep_battleship_rotate" image="inventions/spaceships/battleships/ecalep_battleship_2_huge" width="64" sound="EXPLOSION_LONG" movement-speed="100" rotation-time="50" hp="8500">
			<efficiency category='SPACESHIPS_FIGHTERS' damage-multiplier='0.1'/>
		</tech>
		<tech id="EcalepBattleship3" normal="inventions/spaceships/battleships/ecalep_battleship_rotate" image="inventions/spaceships/battleships/ecalep_battleship_3_huge" width="64" sound="EXPLOSION_LONG" movement-speed="100" rotation-time="50" hp="13000">
			<efficiency category='SPACESHIPS_FIGHTERS' damage-multiplier='0.1'/>
		</tech>
		<tech id="SullepFighter1" normal="inventions/spaceships/fighters/sullep_fighter_rotate" image="inventions/spaceships/fighters/sullep_fighter_1_huge" width="64" sound="EXPLOSION_LONG" movement-speed="25" rotation-time="200" hp="420"/>
		<tech id="SullepFighter2" normal="inventions/spaceships/fighters/sullep_fighter_rotate" image="inventions/spaceships/fighters/sullep_fighter_2_huge" width="64" sound="EXPLOSION_LONG" movement-speed="25" rotation-time="200" hp="520"/>
		<tech id="SullepFighter3" normal="inventions/spaceships/fighters/sullep_fighter_rotate" image="inventions/spaceships/fighters/sullep_fighter_3_huge" width="64" sound="EXPLOSION_LONG" movement-speed="25" rotation-time="200" hp="620"/>
		<tech id="SullepFighter4" normal="inventions/spaceships/fighters/sullep_fighter_rotate" image="inventions/spaceships/fighters/sullep_fighter_4_huge" width="64" sound="EXPLOSION_LONG" movement-speed="25" rotation-time="200" hp="720"/>
		<tech id="SullepDestroyer1" normal="inventions/spaceships/cruisers/sullep_destroyer_rotate" image="inventions/spaceships/cruisers/sullep_destroyer_1_huge" width="64" sound="EXPLOSION_LONG" movement-speed="50" rotation-time="150" hp="2500">
			<efficiency category='SPACESHIPS_FIGHTERS' damage-multiplier='0.25'/>
		</tech>
		<tech id="SullepDestroyer2" normal="inventions/spaceships/cruisers/sullep_destroyer_rotate" image="inventions/spaceships/cruisers/sullep_destroyer_2_huge" width="64" sound="EXPLOSION_LONG" movement-speed="50" rotation-time="150" hp="4500">
			<efficiency category='SPACESHIPS_FIGHTERS' damage-multiplier='0.25'/>
		</tech>
		<tech id="SullepDestroyer3" normal="inventions/spaceships/cruisers/sullep_destroyer_rotate" image="inventions/spaceships/cruisers/sullep_destroyer_3_huge" width="64" sound="EXPLOSION_LONG" movement-speed="50" rotation-time="150" hp="5500">
			<efficiency category='SPACESHIPS_FIGHTERS' damage-multiplier='0.25'/>
		</tech>
		<tech id="SullepDestroyer4" normal="inventions/spaceships/cruisers/sullep_destroyer_rotate" image="inventions/spaceships/cruisers/sullep_destroyer_4_huge" width="64" sound="EXPLOSION_LONG" movement-speed="50" rotation-time="150" hp="8000">
			<efficiency category='SPACESHIPS_FIGHTERS' damage-multiplier='0.25'/>
		</tech>
		<tech id="SullepBattleship1" normal="inventions/spaceships/battleships/sullep_battleship_rotate" image="inventions/spaceships/battleships/sullep_battleship_1_huge" width="64" sound="EXPLOSION_LONG" movement-speed="100" rotation-time="50" hp="4000">
			<efficiency category='SPACESHIPS_FIGHTERS' damage-multiplier='0.1'/>
		</tech>
		<tech id="SullepBattleship2" normal="inventions/spaceships/battleships/sullep_battleship_rotate" image="inventions/spaceships/battleships/sullep_battleship_2_huge" width="64" sound="EXPLOSION_LONG" movement-speed="100" rotation-time="50" hp="8500">
			<efficiency category='SPACESHIPS_FIGHTERS' damage-multiplier='0.1'/>
		</tech>
		<tech id="SullepBattleship3" normal="inventions/spaceships/battleships/sullep_battleship_rotate" image="inventions/spaceships/battleships/sullep_battleship_3_huge" width="64" sound="EXPLOSION_LONG" movement-speed="100" rotation-time="50" hp="13000">
			<efficiency category='SPACESHIPS_FIGHTERS' damage-multiplier='0.1'/>
		</tech>

		<tech id="YchomFighter1" normal="inventions/spaceships/fighters/ychom_fighter_rotate" image="inventions/spaceships/fighters/ychom_fighter_1_huge" width="64" sound="EXPLOSION_LONG" movement-speed="25" rotation-time="200" hp="420"/>
		<tech id="YchomFighter2" normal="inventions/spaceships/fighters/ychom_fighter_rotate" image="inventions/spaceships/fighters/ychom_fighter_2_huge" width="64" sound="EXPLOSION_LONG" movement-speed="25" rotation-time="200" hp="520"/>
		<tech id="YchomFighter3" normal="inventions/spaceships/fighters/ychom_fighter_rotate" image="inventions/spaceships/fighters/ychom_fighter_3_huge" width="64" sound="EXPLOSION_LONG" movement-speed="25" rotation-time="200" hp="620"/>
		<tech id="YchomFighter4" normal="inventions/spaceships/fighters/ychom_fighter_rotate" image="inventions/spaceships/fighters/ychom_fighter_4_huge" width="64" sound="EXPLOSION_LONG" movement-speed="25" rotation-time="200" hp="720"/>
		<tech id="YchomDestroyer1" normal="inventions/spaceships/cruisers/ychom_destroyer_rotate" image="inventions/spaceships/cruisers/ychom_destroyer_1_huge" width="64" sound="EXPLOSION_LONG" movement-speed="50" rotation-time="150" hp="2500">
			<efficiency category='SPACESHIPS_FIGHTERS' damage-multiplier='0.25'/>
		</tech>
		<tech id="YchomDestroyer2" normal="inventions/spaceships/cruisers/ychom_destroyer_rotate" image="inventions/spaceships/cruisers/ychom_destroyer_2_huge" width="64" sound="EXPLOSION_LONG" movement-speed="50" rotation-time="150" hp="4500">
			<efficiency category='SPACESHIPS_FIGHTERS' damage-multiplier='0.25'/>
		</tech>
		<tech id="YchomDestroyer3" normal="inventions/spaceships/cruisers/ychom_destroyer_rotate" image="inventions/spaceships/cruisers/ychom_destroyer_3_huge" width="64" sound="EXPLOSION_LONG" movement-speed="50" rotation-time="150" hp="5500">
			<efficiency category='SPACESHIPS_FIGHTERS' damage-multiplier='0.25'/>
		</tech>
		<tech id="YchomDestroyer4" normal="inventions/spaceships/cruisers/ychom_destroyer_rotate" image="inventions/spaceships/cruisers/ychom_destroyer_4_huge" width="64" sound="EXPLOSION_LONG" movement-speed="50" rotation-time="150" hp="8000">
			<efficiency category='SPACESHIPS_FIGHTERS' damage-multiplier='0.25'/>
		</tech>
		<tech id="YchomBattleship1" normal="inventions/spaceships/battleships/ychom_battleship_rotate" image="inventions/spaceships/battleships/ychom_battleship_1_huge" width="64" sound="EXPLOSION_LONG" movement-speed="100" rotation-time="50" hp="4000">
			<efficiency category='SPACESHIPS_FIGHTERS' damage-multiplier='0.1'/>
		</tech>
		<tech id="YchomBattleship2" normal="inventions/spaceships/battleships/ychom_battleship_rotate" image="inventions/spaceships/battleships/ychom_battleship_2_huge" width="64" sound="EXPLOSION_LONG" movement-speed="100" rotation-time="50" hp="8500">
			<efficiency category='SPACESHIPS_FIGHTERS' damage-multiplier='0.1'/>
		</tech>
		<tech id="YchomBattleship3" normal="inventions/spaceships/battleships/ychom_battleship_rotate" image="inventions/spaceships/battleships/ychom_battleship_3_huge" width="64" sound="EXPLOSION_LONG" movement-speed="100" rotation-time="50" hp="13000">
			<efficiency category='SPACESHIPS_FIGHTERS' damage-multiplier='0.1'/>
		</tech>

		<tech id="DribsFighter1" normal="inventions/spaceships/fighters/dribs_fighter_rotate" image="inventions/spaceships/fighters/dribs_fighter_1_huge" width="64" sound="EXPLOSION_LONG" movement-speed="25" rotation-time="200" hp="420"/>
		<tech id="DribsFighter2" normal="inventions/spaceships/fighters/dribs_fighter_rotate" image="inventions/spaceships/fighters/dribs_fighter_2_huge" width="64" sound="EXPLOSION_LONG" movement-speed="25" rotation-time="200" hp="520"/>
		<tech id="DribsFighter3" normal="inventions/spaceships/fighters/dribs_fighter_rotate" image="inventions/spaceships/fighters/dribs_fighter_3_huge" width="64" sound="EXPLOSION_LONG" movement-speed="25" rotation-time="200" hp="620"/>
		<tech id="DribsFighter4" normal="inventions/spaceships/fighters/dribs_fighter_rotate" image="inventions/spaceships/fighters/dribs_fighter_4_huge" width="64" sound="EXPLOSION_LONG" movement-speed="25" rotation-time="200" hp="720"/>
		<tech id="DribsDestroyer1" normal="inventions/spaceships/cruisers/dribs_destroyer_rotate" image="inventions/spaceships/cruisers/dribs_destroyer_1_huge" width="64" sound="EXPLOSION_LONG" movement-speed="50" rotation-time="150" hp="2500">
			<efficiency category='SPACESHIPS_FIGHTERS' damage-multiplier='0.25'/>
		</tech>
		<tech id="DribsDestroyer2" normal="inventions/spaceships/cruisers/dribs_destroyer_rotate" image="inventions/spaceships/cruisers/dribs_destroyer_2_huge" width="64" sound="EXPLOSION_LONG" movement-speed="50" rotation-time="150" hp="4500">
			<efficiency category='SPACESHIPS_FIGHTERS' damage-multiplier='0.25'/>
		</tech>
		<tech id="DribsDestroyer3" normal="inventions/spaceships/cruisers/dribs_destroyer_rotate" image="inventions/spaceships/cruisers/dribs_destroyer_3_huge" width="64" sound="EXPLOSION_LONG" movement-speed="50" rotation-time="150" hp="5500">
			<efficiency category='SPACESHIPS_FIGHTERS' damage-multiplier='0.25'/>
		</tech>
		<tech id="DribsDestroyer4" normal="inventions/spaceships/cruisers/dribs_destroyer_rotate" image="inventions/spaceships/cruisers/dribs_destroyer_4_huge" width="64" sound="EXPLOSION_LONG" movement-speed="50" rotation-time="150" hp="8000">
			<efficiency category='SPACESHIPS_FIGHTERS' damage-multiplier='0.25'/>
		</tech>
		<tech id="DribsBattleship1" normal="inventions/spaceships/battleships/dribs_battleship_rotate" image="inventions/spaceships/battleships/dribs_battleship_1_huge" width="64" sound="EXPLOSION_LONG" movement-speed="100" rotation-time="50" hp="4000">
			<efficiency category='SPACESHIPS_FIGHTERS' damage-multiplier='0.1'/>
		</tech>
		<tech id="DribsBattleship2" normal="inventions/spaceships/battleships/dribs_battleship_rotate" image="inventions/spaceships/battleships/dribs_battleship_2_huge" width="64" sound="EXPLOSION_LONG" movement-speed="100" rotation-time="50" hp="8500">
			<efficiency category='SPACESHIPS_FIGHTERS' damage-multiplier='0.1'/>
		</tech>
		<tech id="DribsBattleship3" normal="inventions/spaceships/battleships/dribs_battleship_rotate" image="inventions/spaceships/battleships/dribs_battleship_3_huge" width="64" sound="EXPLOSION_LONG" movement-speed="100" rotation-time="50" hp="13000">
			<efficiency category='SPACESHIPS_FIGHTERS' damage-multiplier='0.1'/>
		</tech>

	</space-entities>
	<ground-shields>
		<tech id="InversionShield" normal="inventions/buildings/military/inversion_shield_rotate" alternative="inventions/buildings/military/alien_inversion_shield_rotate" image="inventions/buildings/military/inversion_shield_huge" sound="EXPLOSION_LONG" shield="50"/>
		<tech id="HyperShield" normal="inventions/buildings/military/hypershield_rotate" alternative="inventions/buildings/military/alien_hypershield_rotate" image="inventions/buildings/military/hypershield_huge" sound="EXPLOSION_LONG" shield="100"/>
	</ground-shields>
	<ground-projectors>
		<tech id="IonProjector" normal="inventions/buildings/guns/ion_projector_rotate" alternative="inventions/buildings/guns/alien_ion_projector_rotate" image="inventions/buildings/guns/ion_projector_huge" width="64" sound="EXPLOSION_LONG" projectile="Ion" damage="120" rotation-time="60">
			<efficiency category='SPACESHIPS_FIGHTERS' damage-multiplier='0.1'/>
		</tech>
		<tech id="PlasmaProjector" normal="inventions/buildings/guns/plasma_projector_rotate" alternative="inventions/buildings/guns/alien_plasma_projector_rotate" image="inventions/buildings/guns/plasma_projector_huge" width="64" sound="EXPLOSION_LONG" projectile="Plasma" damage="230" rotation-time="60">
			<efficiency category='SPACESHIPS_FIGHTERS' damage-multiplier='0.2'/>
		</tech>
		<tech id="ParticleProjector" normal="inventions/buildings/guns/ion_projector_rotate" alternative="inventions/buildings/guns/alien_ion_projector_rotate" image="inventions/buildings/guns/particle_projector_huge" width="64" sound="EXPLOSION_LONG" projectile="Particle" damage="370" rotation-time="60">
			<efficiency category='SPACESHIPS_FIGHTERS' damage-multiplier='0.3'/>
		</tech>
		<tech id="MesonProjector" normal="inventions/buildings/guns/meson_projector_rotate" alternative="inventions/buildings/guns/alien_meson_projector_rotate" image="inventions/buildings/guns/meson_projector_huge" width="64" sound="EXPLOSION_LONG" projectile="Meson" damage="600" rotation-time="60">
			<efficiency category='SPACESHIPS_FIGHTERS' damage-multiplier='0.4'/>
		</tech>
	</ground-projectors>
	<!-- The rotation-fire phase matrixes for surface tanks and vehicles -->
	<ground-vehicles>
		<tech id="LightTank" normal="inventions/weapons/tanks/light_tank_matrix" alternative="inventions/weapons/tanks/alien_light_tank_matrix" width="16" height="5" destroy="EXPLOSION_MEDIUM_2" fire="GROUND_FIRE_1" hp="180" damage="4" min-range="0" max-range="2.5" area="1" movement-speed="25" rotation-time="100" delay="500" type="TANK"/>
		<tech id="MediumTank" normal="inventions/weapons/tanks/medium_tank_matrix" alternative="inventions/weapons/tanks/alien_medium_tank_matrix" width="16" height="5" destroy="EXPLOSION_MEDIUM_2" fire="GROUND_FIRE_4" hp="240" damage="8" min-range="0" max-range="3.5" area="1" movement-speed="33" rotation-time="100" delay="800" type="TANK"/>
		<tech id="HeavyTank" normal="inventions/weapons/tanks/heavy_tank_matrix" alternative="inventions/weapons/tanks/alien_heavy_tank_matrix" width="16" height="5" destroy="EXPLOSION_MEDIUM_2" fire="GROUND_FIRE_2" hp="360" damage="8" min-range="0" max-range="4.5" area="1" movement-speed="41" rotation-time="100" delay="500" type="TANK"/>
		<tech id="Behemoth" normal="inventions/weapons/tanks/behemoth_matrix" alternative="inventions/weapons/tanks/alien_behemoth_matrix" width="16" height="5" destroy="EXPLOSION_MEDIUM_2" fire="GROUND_FIRE_6" hp="420" damage="10" min-range="0" max-range="5.5" area="1" movement-speed="50" rotation-time="100" delay="500" type="TANK"/>
		
		<tech id="RadarCar" normal="inventions/weapons/vehicles/radar_car_matrix" alternative="inventions/weapons/vehicles/alien_radar_car_matrix" width="16" height="5" destroy="EXPLOSION_MEDIUM_2" hp="70" damage="0" min-range="0" max-range="5.5" area="1" movement-speed="50" rotation-time="100" delay="500" type="RADAR"/>
		<tech id="RocketLauncher1" normal="inventions/weapons/vehicles/rocket_launcher_1_matrix" alternative="inventions/weapons/vehicles/alien_rocket_launcher_1_matrix" width="16" height="5" destroy="EXPLOSION_MEDIUM_2" fire="GROUND_FIRE_7" hp="180" damage="14" min-range="0" max-range="7.5" area="2" movement-speed="60" rotation-time="100" delay="2800" type="ROCKET_SLED"/>
		<tech id="RocketLauncher2" normal="inventions/weapons/vehicles/rocket_launcher_2_matrix" alternative="inventions/weapons/vehicles/alien_rocket_launcher_2_matrix" width="16" height="5" destroy="EXPLOSION_MEDIUM_2" fire="FIRE_ROCKET" hp="120" damage="16" min-range="0" max-range="8.5" area="3" movement-speed="50" rotation-time="100" delay="3200" type="ROCKET_SLED"/>
		<tech id="DargslanSelfRepairTank" normal="inventions/weapons/vehicles/dargslan_self_repair_tank_matrix" width="16" height="5" destroy="EXPLOSION_MEDIUM_2" fire="GROUND_FIRE_6" hp="420" damage="10" min-range="0" max-range="4.5" area="1" movement-speed="40" rotation-time="100" delay="500" type="SELF_REPAIR_TANK" repair-time="500"/>
		<tech id="DribsParalizer" normal="inventions/weapons/vehicles/dribs_paralizer_matrix" width="16" height="5" destroy="EXPLOSION_MEDIUM_2" hp="500" damage="8" min-range="0" max-range="3.5" area="1" movement-speed="50" rotation-time="100" delay="500" type="PARALIZER"/>
		<tech id="EcalepRocketJammer" normal="inventions/weapons/vehicles/ecalep_rocket_jammer_matrix" width="16" height="5" destroy="EXPLOSION_MEDIUM_2" hp="360" damage="3" min-range="0" max-range="5.5" area="1" movement-speed="50" rotation-time="100" delay="500" type="ROCKET_JAMMER"/>
		<tech id="GarthogRadarJammer" normal="inventions/weapons/vehicles/garthog_radar_jammer_matrix" width="16" height="5" destroy="EXPLOSION_MEDIUM_2" hp="180" damage="5" min-range="0" max-range="5.5" area="1" movement-speed="50" rotation-time="100" delay="500" type="RADAR_JAMMER"/>
		<tech id="MorgathKamikazeTank" normal="inventions/weapons/vehicles/morgath_kamikaze_tank_matrix" width="16" height="5" destroy="EXPLOSION_MEDIUM_2" fire="GROUND_FIRE_6" hp="270" damage="8" min-range="0" max-range="1.5" area="3" movement-speed="30" rotation-time="100" delay="500" type="KAMIKAZE"/>
		<tech id="SullepArtillery" normal="inventions/weapons/vehicles/sullep_artillery_matrix" width="16" height="5" destroy="EXPLOSION_MEDIUM_2" fire="GROUND_FIRE_3" hp="360" damage="45" min-range="0" max-range="8.5" area="1" movement-speed="40" rotation-time="100" delay="2500" type="ARTILLERY"/>
		<tech id="YchomMineLayer" normal="inventions/weapons/vehicles/ychom_mine_layer_matrix" width="16" height="5" destroy="EXPLOSION_MEDIUM_2" hp="240" damage="100" min-range="0" max-range="5.5" area="4" movement-speed="75" rotation-time="100" delay="500" type="MINELAYER"/>
	</ground-vehicles>
	<!-- Contains explicit battle information for building turrets and weapon 
		projectiles -->
	<buildings>
		<matrix id="barracks" image="inventions/buildings/military/barracks_gun_matrix" width="16" height="5"/>
		<matrix id="fortress" image="inventions/buildings/military/fortress_gun_matrix" width="16" height="5"/>
		<matrix id="stronghold" image="inventions/buildings/military/stronghold_gun_matrix" width="16" height="5"/>
		<!-- Definition of building turret graphical location for each race. -->
		<building-turret id="Barracks">
			<race id="human">
				<port rx="0" ry="-1" px="-18" py="-50" fire="GROUND_FIRE_4" max-range="7" damage="10" rotation-time="200" delay="1000" matrix="barracks"/>
				<port rx="2" ry="-2" px="-6" py="-44" fire="GROUND_FIRE_2" max-range="7" damage="10" rotation-time="200" delay="1000" matrix="fortress"/>
			</race>
			<race id="garthog">
				<port rx="0" ry="-1" px="-18" py="-50" fire="GROUND_FIRE_4" max-range="7" damage="10" rotation-time="200" delay="1000" matrix="barracks"/>
				<port rx="2" ry="-2" px="-6" py="-44" fire="GROUND_FIRE_2" max-range="7" damage="10" rotation-time="200" delay="1000" matrix="fortress"/>
			</race>
			<race id="morgath">
				<port rx="0" ry="-1" px="-18" py="-50" fire="GROUND_FIRE_4" max-range="7" damage="10" rotation-time="200" delay="1000" matrix="barracks"/>
				<port rx="2" ry="-2" px="-6" py="-44" fire="GROUND_FIRE_2" max-range="7" damage="10" rotation-time="200" delay="1000" matrix="fortress"/>
			</race>
			<race id="ecalep">
				<port rx="0" ry="-1" px="-18" py="-50" fire="GROUND_FIRE_4" max-range="7" damage="10" rotation-time="200" delay="1000" matrix="barracks"/>
				<port rx="2" ry="-2" px="-6" py="-44" fire="GROUND_FIRE_2" max-range="7" damage="10" rotation-time="200" delay="1000" matrix="fortress"/>
			</race>
			<race id="sullep">
				<port rx="0" ry="-1" px="-18" py="-50" fire="GROUND_FIRE_4" max-range="7" damage="10" rotation-time="200" delay="1000" matrix="barracks"/>
				<port rx="2" ry="-2" px="-6" py="-44" fire="GROUND_FIRE_2" max-range="7" damage="10" rotation-time="200" delay="1000" matrix="fortress"/>
			</race>
			<race id="dribs">
				<port rx="0" ry="-1" px="-18" py="-50" fire="GROUND_FIRE_4" max-range="7" damage="10" rotation-time="200" delay="1000" matrix="barracks"/>
				<port rx="2" ry="-2" px="-6" py="-44" fire="GROUND_FIRE_2" max-range="7" damage="10" rotation-time="200" delay="1000" matrix="fortress"/>
			</race>
			<race id="ychom">
				<port rx="0" ry="-1" px="-18" py="-50" fire="GROUND_FIRE_4" max-range="7" damage="10" rotation-time="200" delay="1000" matrix="barracks"/>
				<port rx="2" ry="-2" px="-6" py="-44" fire="GROUND_FIRE_2" max-range="7" damage="10" rotation-time="200" delay="1000" matrix="fortress"/>
			</race>
			<race id="dargslan">
				<port rx="0" ry="-1" px="-18" py="-50" fire="GROUND_FIRE_4" max-range="7" damage="10" rotation-time="200" delay="1000" matrix="barracks"/>
				<port rx="2" ry="-2" px="-6" py="-44" fire="GROUND_FIRE_2" max-range="7" damage="10" rotation-time="200" delay="1000" matrix="fortress"/>
			</race>
		</building-turret>
		<building-turret id="Fortress">
			<race id="human">
				<port rx="0" ry="-1" px="-6" py="-54" fire="GROUND_FIRE_4" max-range="8" damage="10" rotation-time="200" delay="1000" matrix="barracks"/>
				<port rx="2" ry="-2" px="4" py="-18" fire="GROUND_FIRE_2" max-range="10" damage="15" rotation-time="300" delay="1500" matrix="fortress"/>
			</race>
			<race id="garthog">
				<port rx="0" ry="-1" px="-16" py="-46" fire="GROUND_FIRE_4" max-range="8" damage="10" rotation-time="200" delay="1000" matrix="barracks"/>
				<port rx="3" ry="-3" px="-14" py="-24" fire="GROUND_FIRE_4" max-range="8" damage="10" rotation-time="200" delay="1000" matrix="barracks"/>
				<port rx="0" ry="-3" px="4" py="-36" fire="GROUND_FIRE_4" max-range="8" damage="10" rotation-time="200" delay="1000" matrix="barracks"/>
				<port rx="0" ry="-3" px="-10" py="-100" fire="GROUND_FIRE_4" max-range="8" damage="10" rotation-time="200" delay="1000" matrix="barracks"/>
			</race>
			<race id="morgath">
				<port rx="0" ry="-2" px="0" py="-70" fire="GROUND_FIRE_2" max-range="10" damage="15" rotation-time="300" delay="1500" matrix="fortress"/>
				<port rx="1" ry="-2" px="0" py="-22" fire="GROUND_FIRE_2" max-range="10" damage="15" rotation-time="300" delay="1500" matrix="fortress"/>
			</race>
			<race id="sullep">
				<port rx="0" ry="-2" px="0" py="0" fire="GROUND_FIRE_2" max-range="10" damage="15" rotation-time="300" delay="1500" matrix="fortress"/>
				<port rx="0" ry="-2" px="-28" py="-76" fire="GROUND_FIRE_2" max-range="10" damage="15" rotation-time="300" delay="1500" matrix="fortress"/>
			</race>
			<race id="ychom">
				<port rx="0" ry="-1" px="-14" py="-60" fire="GROUND_FIRE_2" max-range="10" damage="15" rotation-time="300" delay="1500" matrix="fortress"/>
				<port rx="0" ry="-3" px="0" py="-60" fire="GROUND_FIRE_2" max-range="10" damage="15" rotation-time="300" delay="1500" matrix="fortress"/>
				<port rx="3" ry="-3" px="-20" py="-46" fire="GROUND_FIRE_4" max-range="8" damage="10" rotation-time="200" delay="1000" matrix="barracks"/>
			</race>
			<race id="dribs">
				<port rx="0" ry="-1" px="-27" py="-30" fire="GROUND_FIRE_4" max-range="8" damage="10" rotation-time="200" delay="1000" matrix="barracks"/>
				<port rx="0" ry="-2" px="4" py="-94" fire="GROUND_FIRE_2" max-range="10" damage="15" rotation-time="300" delay="1500" matrix="fortress"/>
			</race>
			<race id="dargslan">
				<port rx="0" ry="-2" px="-20" py="-72" fire="GROUND_FIRE_6" max-range="12" damage="20" rotation-time="400" delay="1200" matrix="stronghold"/>
				<port rx="1" ry="-2" px="14" py="-6" fire="GROUND_FIRE_6" max-range="12" damage="20" rotation-time="400" delay="1200" matrix="stronghold"/>
			</race>
			<race id="ecalep">
				<port rx="0" ry="-1" px="-6" py="-60" fire="GROUND_FIRE_6" max-range="12" damage="25" rotation-time="400" delay="2000" matrix="stronghold"/>
				<port rx="2" ry="-2" px="-20" py="-50" fire="GROUND_FIRE_6" max-range="12" damage="25" rotation-time="400" delay="2000" matrix="stronghold"/>
			</race>
		</building-turret>
		<building-turret id="Stronghold">
			<race id="human">
				<port rx="0" ry="-2" px="-18" py="-74" fire="GROUND_FIRE_4" max-range="8" damage="10" rotation-time="200" delay="1000" matrix="barracks"/>
				<port rx="3" ry="-3" px="-6" py="-36" fire="GROUND_FIRE_2" max-range="10" damage="15" rotation-time="300" delay="1500" matrix="fortress"/>
				<port rx="0" ry="-3" px="26" py="-56" fire="GROUND_FIRE_2" max-range="10" damage="15" rotation-time="300" delay="1500" matrix="fortress"/>
				<port rx="0" ry="-3" px="10" py="-110" fire="GROUND_FIRE_6" max-range="12" damage="25" rotation-time="400" delay="2000" matrix="stronghold"/>
			</race>
			<race id="garthog">
				<port rx="0" ry="-2" px="-18" py="-74" fire="GROUND_FIRE_4" max-range="8" damage="10" rotation-time="200" delay="1000" matrix="barracks"/>
				<port rx="3" ry="-3" px="-6" py="-36" fire="GROUND_FIRE_2" max-range="10" damage="15" rotation-time="300" delay="1500" matrix="fortress"/>
				<port rx="0" ry="-3" px="26" py="-56" fire="GROUND_FIRE_2" max-range="10" damage="15" rotation-time="300" delay="1500" matrix="fortress"/>
				<port rx="0" ry="-3" px="10" py="-110" fire="GROUND_FIRE_6" max-range="12" damage="25" rotation-time="400" delay="2000" matrix="stronghold"/>
			</race>
			<race id="morgath">
				<port rx="0" ry="-2" px="-18" py="-74" fire="GROUND_FIRE_4" max-range="8" damage="10" rotation-time="200" delay="1000" matrix="barracks"/>
				<port rx="3" ry="-3" px="-6" py="-36" fire="GROUND_FIRE_2" max-range="10" damage="15" rotation-time="300" delay="1500" matrix="fortress"/>
				<port rx="0" ry="-3" px="26" py="-56" fire="GROUND_FIRE_2" max-range="10" damage="15" rotation-time="300" delay="1500" matrix="fortress"/>
				<port rx="0" ry="-3" px="10" py="-110" fire="GROUND_FIRE_6" max-range="12" damage="25" rotation-time="400" delay="2000" matrix="stronghold"/>
			</race>
			<race id="ecalep">
				<port rx="0" ry="-2" px="-18" py="-74" fire="GROUND_FIRE_4" max-range="8" damage="10" rotation-time="200" delay="1000" matrix="barracks"/>
				<port rx="3" ry="-3" px="-6" py="-36" fire="GROUND_FIRE_2" max-range="10" damage="15" rotation-time="300" delay="1500" matrix="fortress"/>
				<port rx="0" ry="-3" px="26" py="-56" fire="GROUND_FIRE_2" max-range="10" damage="15" rotation-time="300" delay="1500" matrix="fortress"/>
				<port rx="0" ry="-3" px="10" py="-110" fire="GROUND_FIRE_6" max-range="12" damage="25" rotation-time="400" delay="2000" matrix="stronghold"/>
			</race>
			<race id="sullep">
				<port rx="0" ry="-2" px="-18" py="-74" fire="GROUND_FIRE_4" max-range="8" damage="10" rotation-time="200" delay="1000" matrix="barracks"/>
				<port rx="3" ry="-3" px="-6" py="-36" fire="GROUND_FIRE_2" max-range="10" damage="15" rotation-time="300" delay="1500" matrix="fortress"/>
				<port rx="0" ry="-3" px="26" py="-56" fire="GROUND_FIRE_2" max-range="10" damage="15" rotation-time="300" delay="1500" matrix="fortress"/>
				<port rx="0" ry="-3" px="10" py="-110" fire="GROUND_FIRE_6" max-range="12" damage="25" rotation-time="400" delay="2000" matrix="stronghold"/>
			</race>
			<race id="dribs">
				<port rx="0" ry="-2" px="-18" py="-74" fire="GROUND_FIRE_4" max-range="8" damage="10" rotation-time="200" delay="1000" matrix="barracks"/>
				<port rx="3" ry="-3" px="-6" py="-36" fire="GROUND_FIRE_2" max-range="10" damage="15" rotation-time="300" delay="1500" matrix="fortress"/>
				<port rx="0" ry="-3" px="26" py="-56" fire="GROUND_FIRE_2" max-range="10" damage="15" rotation-time="300" delay="1500" matrix="fortress"/>
				<port rx="0" ry="-3" px="10" py="-110" fire="GROUND_FIRE_6" max-range="12" damage="25" rotation-time="400" delay="2000" matrix="stronghold"/>
			</race>
			<race id="ychom">
				<port rx="0" ry="-2" px="-18" py="-74" fire="GROUND_FIRE_4" max-range="8" damage="10" rotation-time="200" delay="1000" matrix="barracks"/>
				<port rx="3" ry="-3" px="-6" py="-36" fire="GROUND_FIRE_2" max-range="10" damage="15" rotation-time="300" delay="1500" matrix="fortress"/>
				<port rx="0" ry="-3" px="26" py="-56" fire="GROUND_FIRE_2" max-range="10" damage="15" rotation-time="300" delay="1500" matrix="fortress"/>
				<port rx="0" ry="-3" px="10" py="-110" fire="GROUND_FIRE_6" max-range="12" damage="25" rotation-time="400" delay="2000" matrix="stronghold"/>
			</race>
			<race id="dargslan">
				<port rx="0" ry="-2" px="-18" py="-74" fire="GROUND_FIRE_4" max-range="8" damage="10" rotation-time="200" delay="1000" matrix="barracks"/>
				<port rx="3" ry="-3" px="-6" py="-36" fire="GROUND_FIRE_2" max-range="10" damage="15" rotation-time="300" delay="1500" matrix="fortress"/>
				<port rx="0" ry="-3" px="26" py="-56" fire="GROUND_FIRE_2" max-range="10" damage="15" rotation-time="300" delay="1500" matrix="fortress"/>
				<port rx="0" ry="-3" px="10" py="-110" fire="GROUND_FIRE_6" max-range="12" damage="25" rotation-time="400" delay="2000" matrix="stronghold"/>
			</race>
		</building-turret>
		<hitpoints id="InversionShield" space="4100" ground="1000"/>
		<hitpoints id="HyperShield" space="27000" space-skirmish='55000' ground="2000"/>
		<hitpoints id="IonProjector" space="4000" ground="1000"/>
		<hitpoints id="PlasmaProjector" space="9000" space-skirmish='17000' ground="2000"/>
		<hitpoints id="ParticleProjector" space="17000" space-skirmish='34000' ground="3000"/>
		<hitpoints id="MesonProjector" space="27000" space-skirmish='55000' ground="5000"/>
		
		<hitpoints id="Barracks" space="10000" ground="900"/>
		<hitpoints id="Fortress" space="20000" ground="2000"/>
		<hitpoints id="Stronghold" space="30000" ground="2500"/>
		<!-- Individual Fortress HP's for Non Human races -->
		<hitpoints id="Fortress" player="Garthog" space="20000" ground="1000"/>
		<hitpoints id="Fortress" player="Morgath" space="20000" ground="2000"/>
		<hitpoints id="Fortress" player="Sullep" space="20000" ground="2000"/>
		<hitpoints id="Fortress" player="Ychom" space="20000" ground="2000"/>
		<hitpoints id="Fortress" player="Dribs" space="20000" ground="2000"/>
		<hitpoints id="Fortress" player="Dargslan" space="20000" ground="2500"/>
		<hitpoints id="Fortress" player="Ecalep" space="20000" ground="2500"/>
		<!-- 
		<hitpoints id='Building_name' player='racename' space='amount_spaceHP' ground='amount_groundHP'/>
		 -->
	</buildings>
	<!-- Initial battle layouts. -->
	<layouts>
		<layout id="Original1" map="spacewar/layout_1"/>
		<layout id="Original2" map="spacewar/layout_2"/>
		<layout id="Original3" map="spacewar/layout_3"/>
		<layout id="Original4" map="spacewar/layout_4"/>
		<layout id="Original5" map="spacewar/layout_5"/>
		<layout id="Original6" map="spacewar/layout_6"/>
		<layout id="Original7" map="spacewar/layout_7"/>
		<layout id="Original8" map="spacewar/layout_8"/>
		<layout id="Original9" map="spacewar/layout_9"/>
		<layout id="Original10" map="spacewar/layout_10"/>
		<layout id="Original11" map="spacewar/layout_11"/>
		<layout id="Original12" map="spacewar/layout_12"/>
	</layouts>
	<properties>
		<property id="Rocket1" hp="1000"/>
		<property id="Rocket2" hp="2000"/>
		<property id="MultiheadedRocket" hp="2000" area='-1' secondary-count='6' secondary-radius='40' secondary-multiplier='0.5' secondary-area='10'/> <!-- previously 10, -1 only target -->
		<property id="Bomb1" ground-radius="6" damage-percent="5" hp="1000"/>
		<property id="Bomb2" ground-radius="10" damage-percent="10" hp="2000"/>
		<property id="VirusBomb" ground-radius="6" damage-percent="5" hp="2000"/>
		<property id="MorgathKamikazeTank" self-destruct-multiplier="50"/>
		<property id='Fighter1' kamikaze-damage='400'/>
		<property id='Fighter2' kamikaze-damage='500'/>
		<property id='Fighter3' kamikaze-damage='600'/>
		<property id='Fighter4' kamikaze-damage='700'/>
		<property id='Fighter5' kamikaze-damage='800'/>
		<property id='Fighter6' kamikaze-damage='900'/>
		<property id="PirateFighter" kamikaze-damage='400'/>
		<property id="PirateFighter2" kamikaze-damage='400'/> <!-- Mission 4 custom fighter. -->
		<property id="GarthogFighter" kamikaze-damage='500'/>
		<property id="GarthogFighter1" kamikaze-damage='600'/>
		<property id="GarthogFighter2" kamikaze-damage='700'/>
		<property id="GarthogFighter3" kamikaze-damage='800'/>
		<property id="GarthogFighter4" kamikaze-damage='900'/>
		<property id="DargslanFighter" kamikaze-damage='900'/>
		<property id="DribsFighter" kamikaze-damage='700'/>
		<property id="EcalepFighter" kamikaze-damage='700'/>
		<property id="MorgathFighter" kamikaze-damage='600'/>
		<property id="SullepFighter" kamikaze-damage='600'/>
		<property id="SullepFighterB" kamikaze-damage='800'/>
		<property id="YchomFighter" kamikaze-damage='800'/>

		<property id="DargslanFighter1" kamikaze-damage='600'/>
		<property id="DargslanFighter2" kamikaze-damage='700'/>
		<property id="DargslanFighter3" kamikaze-damage='800'/>
		<property id="DargslanFighter4" kamikaze-damage='900'/>
		<property id="MorgathFighter1" kamikaze-damage='600'/>
		<property id="MorgathFighter2" kamikaze-damage='700'/>
		<property id="MorgathFighter3" kamikaze-damage='800'/>
		<property id="MorgathFighter4" kamikaze-damage='900'/>
		<property id="EcalepFighter1" kamikaze-damage='600'/>
		<property id="EcalepFighter2" kamikaze-damage='700'/>
		<property id="EcalepFighter3" kamikaze-damage='800'/>
		<property id="EcalepFighter4" kamikaze-damage='900'/>

		<property id="SullepFighter1" kamikaze-damage='600'/>
		<property id="SullepFighter2" kamikaze-damage='700'/>
		<property id="SullepFighter3" kamikaze-damage='800'/>
		<property id="SullepFighter4" kamikaze-damage='900'/>

		<property id="YchomFighter1" kamikaze-damage='600'/>
		<property id="YchomFighter2" kamikaze-damage='700'/>
		<property id="YchomFighter3" kamikaze-damage='800'/>
		<property id="YchomFighter4" kamikaze-damage='900'/>

		<property id="DribsFighter1" kamikaze-damage='600'/>
		<property id="DribsFighter2" kamikaze-damage='700'/>
		<property id="DribsFighter3" kamikaze-damage='800'/>
		<property id="DribsFighter4" kamikaze-damage='900'/>
	</properties>
	<ecm-vs-matrix difficulty='EASY' backfire='0.25'>
		<vs anti-ecm='0' ecm='0' value='1'/>
		<vs anti-ecm='1' ecm='0' value='1'/>
		<vs anti-ecm='2' ecm='0' value='1'/>

		<vs anti-ecm='0' ecm='1' value='0.25'/>
		<vs anti-ecm='1' ecm='1' value='0.5'/>
		<vs anti-ecm='2' ecm='1' value='0.95'/>

		<vs anti-ecm='0' ecm='2' value='0.125'/>
		<vs anti-ecm='1' ecm='2' value='0.3'/>
		<vs anti-ecm='2' ecm='2' value='0.6'/>
	</ecm-vs-matrix>
	<ecm-vs-matrix difficulty='NORMAL' backfire='0.5'>
		<vs anti-ecm='0' ecm='0' value='1'/>
		<vs anti-ecm='1' ecm='0' value='1'/>
		<vs anti-ecm='2' ecm='0' value='1'/>

		<vs anti-ecm='0' ecm='1' value='0.10'/>
		<vs anti-ecm='1' ecm='1' value='0.5'/>
		<vs anti-ecm='2' ecm='1' value='0.85'/>

		<vs anti-ecm='0' ecm='2' value='0.05'/>
		<vs anti-ecm='1' ecm='2' value='0.25'/>
		<vs anti-ecm='2' ecm='2' value='0.5'/>
	</ecm-vs-matrix>
	<ecm-vs-matrix difficulty='HARD'>
		<vs anti-ecm='0' ecm='0' value='1'/>
		<vs anti-ecm='1' ecm='0' value='1'/>
		<vs anti-ecm='2' ecm='0' value='1'/>

		<vs anti-ecm='0' ecm='1' value='0'/>
		<vs anti-ecm='1' ecm='1' value='0.5'/>
		<vs anti-ecm='2' ecm='1' value='0.85'/>

		<vs anti-ecm='0' ecm='2' value='0'/>
		<vs anti-ecm='1' ecm='2' value='0.25'/>
		<vs anti-ecm='2' ecm='2' value='0.5'/>
	</ecm-vs-matrix>
</battle>
