<?xml version="1.0" encoding="UTF-8"?>
<scripting class="hu.openig.scripting.MainCampaignScripting" xmlns:xsi="http://www.w3.org/2001/XMLSchema-instance" xsi:noNamespaceSchemaLocation="../../schemas/scripting.xsd">
	<!-- Put initial conditions, parameters here. -->
	<missions>
		<mission class="hu.openig.scripting.missions.Mission1"/>
		<mission class="hu.openig.scripting.missions.Mission2"/>
		<mission class="hu.openig.scripting.missions.Mission3"/>
		<mission class="hu.openig.scripting.missions.Mission4"/>
		<mission class="hu.openig.scripting.missions.Mission5"/>
		<mission class="hu.openig.scripting.missions.Mission6"/>
		<mission class="hu.openig.scripting.missions.Mission7"/>
		<mission class="hu.openig.scripting.missions.Mission8"/>
		<mission class="hu.openig.scripting.missions.Mission9"/>
		<mission class="hu.openig.scripting.missions.Mission10"/>
		<mission class="hu.openig.scripting.missions.Mission11"/>
		<mission class="hu.openig.scripting.missions.Mission12"/>
		<mission class="hu.openig.scripting.missions.Mission13"/>
		<mission class="hu.openig.scripting.missions.Mission14"/>
		<mission class="hu.openig.scripting.missions.Mission15"/>
		<mission class="hu.openig.scripting.missions.Mission16"/>
		<mission class="hu.openig.scripting.missions.Mission17"/>
		<mission class="hu.openig.scripting.missions.Mission18"/>
		<mission class="hu.openig.scripting.missions.Mission19"/>
		<mission class="hu.openig.scripting.missions.Mission20"/>
		<mission class="hu.openig.scripting.missions.Mission21"/>
		<mission class="hu.openig.scripting.missions.Mission22"/>
		<mission class="hu.openig.scripting.missions.Mission23"/>
		<mission class="hu.openig.scripting.missions.Mission24"/>
		<mission class="hu.openig.scripting.missions.Mission25"/>
		<mission class="hu.openig.scripting.missions.Mission26"/>
	</missions>
	<!--  The view limit for the empire player levels 1-3. Levels 4-5 are unlimited. -->
	<limit-views>
		<limit-view id="Empire.Level.1" inner="" outer="225, 400, 120, 80"/>
		<limit-view id="Empire.Level.2" inner="" outer="180, 360, 200, 130"/>
		<limit-view id="Empire.Level.3" inner="" outer="150, 360, 300, 130"/>
		<!-- View limit of various other players. -->
		<limit-view id="Garthog.Level.1" inner="" outer="345, 360, 105, 130"/>
		<limit-view id="Garthog.Level.2" inner="" outer="345, 360, 105, 130"/>
		<limit-view id="Garthog.Level.3" inner="" outer="150, 360, 300, 130"/>
		<limit-view id="Morgath.Level.1" inner="" outer="88, 460, 125, 116"/>
		<limit-view id="Sullep.Level.1" inner="" outer="225, 482, 442, 175"/>
		<limit-view id="Ychom.Level.1" inner="" outer="262, 239, 111, 108"/>
		<limit-view id="Ecalep.Level.1" inner="" outer="847, 557, 110, 88"/>
		<limit-view id="Dargslan.Level.1" inner="" outer="405, 0, 597, 240"/>
		<limit-view id="FreeNations.Level.1" inner="" outer="594, 266, 185, 157"/>
		<limit-view id="FreeTraders.Level.1" inner="" outer="475, 292, 83, 79"/>
		<limit-view id="Dribs.Level.1" inner="" outer="0, 0, 105, 136"/>
		<limit-view id="Morgath.Level.2" inner="" outer="88, 460, 125, 116"/>
		<limit-view id="Sullep.Level.2" inner="" outer="225, 482, 442, 175"/>
		<limit-view id="Ychom.Level.2" inner="" outer="262, 239, 111, 108"/>
		<limit-view id="Ecalep.Level.2" inner="" outer="847, 557, 110, 88"/>
		<limit-view id="Dargslan.Level.2" inner="" outer="405, 0, 597, 240"/>
		<limit-view id="FreeNations.Level.2" inner="" outer="594, 266, 185, 157"/>
		<limit-view id="FreeTraders.Level.2" inner="" outer="475, 292, 83, 79"/>
		<limit-view id="Dribs.Level.2" inner="" outer="0, 0, 105, 136"/>
		<limit-view id="Morgath.Level.3" inner="" outer="88, 460, 125, 116"/>
		<limit-view id="Sullep.Level.3" inner="" outer="225, 482, 442, 175"/>
		<limit-view id="Ychom.Level.3" inner="" outer="262, 239, 111, 108"/>
		<limit-view id="Ecalep.Level.3" inner="" outer="847, 557, 110, 88"/>
		<limit-view id="Dargslan.Level.3" inner="" outer="405, 0, 597, 240"/>
		<limit-view id="FreeNations.Level.3" inner="" outer="594, 266, 185, 157"/>
		<limit-view id="FreeTraders.Level.3" inner="" outer="475, 292, 83, 79"/>
		<limit-view id="Dribs.Level.3" inner="" outer="0, 0, 105, 136"/>
	</limit-views>
	<objectives>
		<objective id="Mission-1" title="mission-1.rebuild_achilles" description="mission-1.rebuild_achilles.desc">
			<objective id="Mission-1-Task-1" title="mission-1.build_colonyhub" description="mission-1.build_colonyhub.desc"/>
			<objective id="Mission-1-Task-2" title="mission-1.fix_buildings" description="mission-1.fix_buildings.desc"/>
		</objective>
		<objective id="Mission-1-Task-4" title="mission-1.manage_achilles" description="mission-1.manage_achilles.desc"/>
		<objective id="Mission-1-Task-3" title="mission-1.manage_colonies" description="mission-1.manage_colonies.desc" visible="false"/>
		<objective id="Mission-2" title="mission-2.protect_traders" description="mission-2.protect_traders.desc">
			<objective id="Mission-2-Task-1" title="mission-2.save_trader" description="mission-2.save_trader.desc"/>
			<objective id="Mission-2-Task-2" title="mission-2.save_trader" description="mission-2.save_trader.desc"/>
			<objective id="Mission-2-Task-3" title="mission-2.save_trader" description="mission-2.save_trader.desc"/>
		</objective>
		<objective id="Mission-3" title="mission-3.escort_carrier" description="mission-3.escort_carrier.desc"/>
		<objective id="Mission-4" title="mission-4.pirate_battle" description="mission-4.pirate_battle.desc"/>
		<objective id="Mission-5" title="mission-5.escort_thorin" description="mission-5.escort_thorin.desc">
			<objective id="Mission-5-Task-1" title="mission-5.meet_tullen"/>
			<objective id="Mission-5-Task-3" title="mission-5.reinforcements" description="mission-5.reinforcements.desc"/>
			<objective id="Mission-5-Task-2" title="mission-5.defend_thorin" description="mission-5.defend_thorin.desc"/>
		</objective>
		<objective id="Mission-6" title="mission-6.defend_achilles" description="mission-6.defend_achilles.desc">
		</objective>
		<objective id="Mission-6-Task-1" title="mission-6.handle_colonies" description="mission-6.handle_colonies.desc"/>
		<objective id="Mission-6-Task-2" title="mission-6.build_fleets" description="mission-6.build_fleets.desc"/>
		<objective id="Mission-7" title="mission-7.protect_traders" description="mission-7.protect_traders.desc">
			<objective id="Mission-7-Task-1" title="mission-7.save_trader" description="mission-7.save_trader.desc"/>
			<objective id="Mission-7-Task-2" title="mission-7.save_trader" description="mission-7.save_trader.desc"/>
		</objective>
		<objective id="Mission-8" title="mission-8.test" description="mission-8.test.desc">
		</objective>
		<objective id="Mission-8-Task-1" title="mission-8.go_to_bar"/>
		<objective id="Mission-9" title="mission-9.smuggler" description="mission-9.smuggler.desc">
		</objective>
		<objective id="Mission-10" title="mission-10.governor_escort" description="mission-10.governor_escort.desc">
		</objective>
		<objective id="Mission-11" title="mission-11.attack" description="mission-11.attack.desc">
		</objective>
		<objective id="Mission-12" title="mission-12.virus">
			<objective id="Mission-12-Task-1" title="mission-12.handle_virus"/>
			<objective id="Mission-12-Task-2" title="mission-12.handle_virus_again"/>
			<objective id="Mission-12-Task-3" title="mission-12.handle_virus_again"/>
			<objective id="Mission-12-Task-4" title="mission-12.handle_virus_again"/>
			<objective id="Mission-12-Task-5" title="mission-12.handle_virus_again"/>
		</objective>
		<objective id="Mission-12-Task-6" title="mission-12.report_virus" description="mission-12.report_virus.desc"/>
		<objective id="Mission-13" title="mission-13.benson" description="mission-13.benson.desc">
		</objective>
		<objective id="Mission-14" title="mission-14.virus_carriers">
		</objective>
		<objective id="Mission-15" title="mission-15.spy">
			<objective id="Mission-15-Task-1" title="mission-15.kelly"/>
			<objective id="Mission-15-Task-2" title="mission-15.record_message" description="mission-15.record_message.desc"/>
			<objective id="Mission-15-Task-3" title="mission-15.report_intruder" description="mission-15.report_intruder.desc"/>
		</objective>
		<objective id="Mission-16" title="mission-16.money" description="mission-16.money.desc">
		</objective>
		<objective id="Mission-17" title="mission-17.prototype" description="mission-17.prototype.desc">
		</objective>
		<objective id="Mission-18" title="mission-18.garthog" description="mission-18.garthog.desc">
			<objective id="Mission-18-Task-1" title="mission-18.garthog1"/>
			<objective id="Mission-18-Task-2" title="mission-18.garthog2"/>
			<objective id="Mission-18-Task-3" title="mission-18.garthog3"/>
			<objective id="Mission-18-Task-4" title="mission-18.garthog4"/>
			<objective id="Mission-18-Task-5" title="mission-18.garthog5"/>
			<objective id="Mission-18-Task-6" title="mission-18.retake"/>
		</objective>
		<objective id="Mission-19" title="mission-19.blockade" description="mission-19.blockade.desc">
		</objective>
		<objective id="Mission-20" title="mission-20.brian" description="mission-20.brian.desc">
		</objective>
		<objective id="Mission-21" title="mission-21.prototype2" description="mission-21.prototype2.desc">
		</objective>
		<objective id="Mission-22" title="mission-22.expansion" description="mission-22.expansion.desc">
		</objective>
		<objective id="Mission-23" title="mission-23.doctor" description="mission-23.doctor.desc">
		</objective>
		<objective id="Mission-23-Task-1" title="mission-23.dream" description="mission-23.dream.desc">
		</objective>
		<objective id="Mission-24" title="mission-24.first_contact" description="mission-24.first_contact.desc">
		</objective>
		<objective id="Mission-25" title="mission-25.dargslan" description="mission-25.dargslan.desc">
		</objective>
	</objectives>
</scripting>
