<?xml version='1.0' encoding='UTF-8'?>
<credits>
<h1>Imperium Galactica</h1>
<h2>(C) Digital Reality, 1993-1997</h2>
<img>DigitalRealityLogo</img>
<h2>Fejlesztés</h2>
<h3>Programozás</h3>
<p>Kiss 'Spidy' István Árpád</p>
<p>Szabó Ferenc</p>

<h3>3D modellezés</h3>
<p>Gyarmati Csaba</p>
<p>Fehér Gábor</p>
<p>Fodor Tamás</p>
<p>Kreiner Tamás</p>
<p>Rózsa Károly</p>

<h3>Dizájn</h3>
<p>Fehér Gábor</p>
<p>Kiss 'Spidy' István Árpád</p>

<h3>Zene és hangok</h3>
<p>Kreiner Tamás</p>

<h3>Grafikai dizájn</h3>
<p>Rózsa Károly</p>

<h3>Kolónia grafika</h3>
<p>Fodor Tamás</p>

<img>colony/buildings/human/colony_hub</img>

<h3>Producer</h3>
<p>Jason Schreiber</p>
<p>Nick Bridger</p>

<h3>Társproducer</h3>
<p>Gary Patino</p>
<p>Cormac Russel</p>

<h3>Minőségbiztosítás</h3>
<p>Andre Garcia</p>

<h3>Projekt menedzsment</h3>
<p>Fehér Gábor</p>

<h3>Fő tesztelő és további dizájn</h3>
<p>Peller László</p>

<h3>Játéktesztelők</h3>
<p>Berényi Zoltán</p>
<p>Bösze Csanád</p>
<p>Lam Gábor</p>
<p>Mochary József</p>
<p>Németh Ákos</p>
<p>Németh Gábor</p>
<p>Pánczél Tamás</p>
<p>Peller András</p>
<p>Percsi Mihály</p>

<h3>Rangidős producer</h3>
<p>Steven B. Sargent</p>

<h2>Videók</h2>
<h3>Színészek</h3>

<p>Dave Johnson  - Gáti Gábor</p>
<p>Douglas ezredes - Schneider Albert</p>
<p>Politológus - Hámori Gyula</p>
<p>Hadi tanácsadó - Csák Tamás</p>
<p>Genetikus - Keiko Oyama</p>
<p>Feleség - File Gabriella</p>
<p>Johny - Kaló Ádám</p>
<p>Thorin parancsnoka - Stenczel András</p> 
<p>Romboló másodtisztje - Tóth Attila</p>
<p>Cirkáló másodtisztje - Magyar Árpád</p>
<p>Kelly - Albert Péter</p>
<p>Technikusok - Hajtó Aurél, Pintér József</p> 
<p>Pszichologusnő - László Edina</p>
<p>Pilóták - Schubert Béla, Bognár Győző</p> 
<p>Reinhart professzor - Gőz István</p>
<p>Doktor - Puskás Tivadar</p>
<p>Asszisztensnő - Bognár Gyöngyvér</p>
<p>Intro - Bognár Gyöngyvér</p>
<p>Rádiós - Kis István</p>
<p>Kormányzók - Wampetich Nándor, Kőmíves Sándor, Miskolci Sándor</p>
<p>Kovács Miklós, Nagy János, Kerekes Lajos</p>
<p>Kereskedők - Rózsa Károly, Nemes Tibor, Deschán Lajos, Hollósy Miklós</p>
<p>Szarvas István, Kis Józsefné, Murga György</p>

<h3>Szinkronhangok</h3>
<p>Dave Johnson - Minárovits Péter</p>
<p>Doktornő - Györgyi Anna</p>
<p>Naxos Kormányzója - Imre István</p>

<h1>Open Imperium Galactica</h1>
<h2>2009-2012</h2>

<img>open-ig-logo</img>

<h2>Segítők</h2>
<h3>Színészek beazonosítása</h3>
<p>Harrach Gergely</p>
<p>Góz Tamás - magyarszinkron.hu</p>
<p>davlev</p>

<h3>Videó visszafejtés</h3>
<p>TCH</p>

<h3>Splash képernyő</h3>
<p>Gxy</p>

<h3>Hajó és fegyver tűzerők</h3>
<p>gump891202</p>
<p>József "Joe" Torma</p>

<h3>Hajó felszerelés konfigurációk</h3>
<p>Harrach Gergely</p>

<h3>Hangeffektusok</h3>
<p>József "Joe" Torma</p>

<h2>Fejlesztés</h2>
<h3>Programozás</h3>
<p>Karnok Dávid</p>
<p>Szigecsán "sigee15" Dávid</p>

<h3>Modellezés</h3>
<p>Karnok Dávid</p>
<p>Gxy</p>

<h3>Grafika javítások</h3>
<p>Karnok Dávid</p>
<p>József "Joe" Torma</p>
<p>Norbert "Silver83" Pellny</p>

<h3>Új megjelenés és játékmechanika</h3>
<p>Karnok Dávid</p>

<h3>Hiányzó IG tartalmak</h3>
<p>Harrach Gergely</p>
<p>Karnok Dávid</p>

<h3>Tesztelők</h3>
<p>József "Joe" Torma</p>
<p>Norbert "Silver83" Pellny</p>


<h2>Német verzió</h2>

<h3>Hangeffektusok</h3>
<p>Norbert "Silver83" Pellny</p>

<h3>Grafika</h3>
<p>Norbert "Silver83" Pellny</p>
<p>Mister Hanky</p>

<h3>Fordítás</h3>
<p>Norbert "Silver83" Pellny</p>
<p>Silvern Tiger</p>
<p>anonymissimus</p>

<h2>Orosz verzió</h2>

<h3>Fordítás</h3>
<p>Kirill Grigoriev</p>
<p>X22</p>

<h3>Grafika</h3>
<p>X22</p>

<h2>Francia verzió</h2>

<h3>Fordítás</h3>
<p>Benjamin Grosjean</p>

<h2>IG2 DLC fejlesztések</h2>

<h3>Kém grafika</h3>
<p>Bajor "Danyetz" Dániel</p>


<p></p>
<p></p>
<p></p>
<p></p>
<p></p>
<p></p>
<p></p>
<p></p>
<p></p>
<p></p>
<p></p>
<p></p>
<p></p>
<p></p>
<h1>Köszönöm, hogy játszottál!</h1>

</credits>